codename,variant,vendor,marketing_name,soc_raw,soc_vendor,platform,model_numbers,battery_mah,screen_size,screen_resolution,android_version,is_ab_device,dynamic_partitions,verified_boot,recovery_partition_name,install_method,download_mode,signed_material_required,capabilities,risk_flags,sources,homologado_ift,ift_certificado,ift_url,vendor_nombre
G,,10 or,G,Qualcomm MSM8953 Pro Snapdragon 626,qualcomm,G,"[""G""]",4000,5.5,1920x1080,19,,1,avb,recovery,fastboot_generic,EDL 900E / 9008 (Sahara + Firehose XML),1,"[""a_only"", ""adb"", ""battery_calibration"", ""battery_health_read"", ""display_pwm_test"", ""dynamic_partitions"", ""edl"", ""evidence_capture"", ""fastboot"", ""fastbootd"", ""frp_owner_assisted"", ""network_reset"", ""official_rom_flash"", ""ota"", ""recovery"", ""sim_reset"", ""storage_health_read"", ""thermal_read"", ""touch_grid_test"", ""verified_boot""]","[""edl_requires_signed_programmer""]","[""lineageos"", ""seed"", ""play"", ""ift""]",desconocido,,,10.or
peach,,ark,Benefit A3,Qualcomm MSM8916 Snapdragon 410,qualcomm,msm8916,[],2100,5,1280x720,,,,,recovery,fastboot_nexus,EDL 900E / 9008 (Sahara + Firehose XML),1,"[""a_only"", ""adb"", ""battery_calibration"", ""battery_health_read"", ""display_pwm_test"", ""edl"", ""evidence_capture"", ""fastboot"", ""frp_owner_assisted"", ""network_reset"", ""official_rom_flash"", ""ota"", ""recovery"", ""sim_reset"", ""storage_health_read"", ""thermal_read"", ""touch_grid_test"", ""unlock_official""]","[""edl_requires_signed_programmer""]","[""lineageos"", ""brands"", ""seed"", ""play"", ""ift""]",desconocido,,,ARK
I001D,,asus,ROG Phone 2 (ZS660KL),Qualcomm SM8150-AC Snapdragon 855+,qualcomm,I001,[],6000,6.59,2340x1080,16,1,1,avb,boot,fastboot_zenfone,EDL 900E / 9008 (Sahara + Firehose XML),1,"[""a_b_slots"", ""adb"", ""battery_calibration"", ""battery_health_read"", ""display_pwm_test"", ""dynamic_partitions"", ""edl"", ""evidence_capture"", ""fastboot"", ""fastbootd"", ""frp_owner_assisted"", ""network_reset"", ""official_rom_flash"", ""ota"", ""recovery"", ""sim_reset"", ""storage_health_read"", ""thermal_read"", ""touch_grid_test"", ""verified_boot""]","[""edl_requires_signed_programmer"", ""pre_install_required:needs_specific_android_fw"", ""recovery_flash_target_is:boot""]","[""lineageos"", ""seed"", ""ift""]",desconocido,,,ASUS
I01WD,,asus,Zenfone 6 (ZS630KL),Qualcomm SM8150 Snapdragon 855,qualcomm,sm8150,[],5000,6.4,2340x1080,16,1,1,avb,boot,fastboot_zenfone,EDL 900E / 9008 (Sahara + Firehose XML),1,"[""a_b_slots"", ""adb"", ""battery_calibration"", ""battery_health_read"", ""display_pwm_test"", ""dynamic_partitions"", ""edl"", ""evidence_capture"", ""fastboot"", ""fastbootd"", ""frp_owner_assisted"", ""network_reset"", ""official_rom_flash"", ""ota"", ""recovery"", ""sim_reset"", ""storage_health_read"", ""thermal_read"", ""touch_grid_test"", ""verified_boot""]","[""edl_requires_signed_programmer"", ""pre_install_required:needs_specific_android_fw"", ""recovery_flash_target_is:boot""]","[""lineageos"", ""seed"", ""ift""]",desconocido,,,ASUS
P024,,asus,ZenPad 8.0 (Z380KL),Qualcomm MSM8916 Snapdragon 410,qualcomm,P024,[],4000,8,1280x800,,,,,recovery,fastboot_nexus,EDL 900E / 9008 (Sahara + Firehose XML),1,"[""a_only"", ""adb"", ""battery_calibration"", ""battery_health_read"", ""display_pwm_test"", ""edl"", ""evidence_capture"", ""fastboot"", ""frp_owner_assisted"", ""network_reset"", ""official_rom_flash"", ""ota"", ""recovery"", ""sim_reset"", ""storage_health_read"", ""thermal_read"", ""touch_grid_test"", ""unlock_official""]","[""edl_requires_signed_programmer""]","[""lineageos"", ""seed"", ""ift""]",desconocido,,,ASUS
X00P,,asus,Zenfone Max M1,Qualcomm MSM8937 Snapdragon 430,qualcomm,msm8937,[],4000,5.5,720x1440,17,,1,avb,recovery,fastboot_zenfone,EDL 900E / 9008 (Sahara + Firehose XML),1,"[""a_only"", ""adb"", ""battery_calibration"", ""battery_health_read"", ""display_pwm_test"", ""dynamic_partitions"", ""edl"", ""evidence_capture"", ""fastboot"", ""fastbootd"", ""frp_owner_assisted"", ""network_reset"", ""official_rom_flash"", ""ota"", ""recovery"", ""sim_reset"", ""storage_health_read"", ""thermal_read"", ""touch_grid_test"", ""verified_boot""]","[""edl_requires_signed_programmer""]","[""lineageos"", ""seed"", ""ift""]",desconocido,,,ASUS
X00TD,,asus,Zenfone Max Pro M1,Qualcomm SDM636 Snapdragon 636,qualcomm,sdm660,[],5000,5.99,2160x1080,19,,1,avb,recovery,fastboot_zenfone,EDL 900E / 9008 (Sahara + Firehose XML),1,"[""a_only"", ""adb"", ""battery_calibration"", ""battery_health_read"", ""display_pwm_test"", ""dynamic_partitions"", ""edl"", ""evidence_capture"", ""fastboot"", ""fastbootd"", ""frp_owner_assisted"", ""network_reset"", ""official_rom_flash"", ""ota"", ""recovery"", ""sim_reset"", ""storage_health_read"", ""thermal_read"", ""touch_grid_test"", ""verified_boot""]","[""edl_requires_signed_programmer""]","[""lineageos"", ""seed"", ""ift""]",desconocido,,,ASUS
X01AD,,asus,Zenfone Max M2,Qualcomm SDM632 Snapdragon 632,qualcomm,X01AD,[],4000,6.26,720x1520,17,,1,avb,recovery,fastboot_zenfone,EDL 900E / 9008 (Sahara + Firehose XML),1,"[""a_only"", ""adb"", ""battery_calibration"", ""battery_health_read"", ""display_pwm_test"", ""dynamic_partitions"", ""edl"", ""evidence_capture"", ""fastboot"", ""fastbootd"", ""frp_owner_assisted"", ""network_reset"", ""official_rom_flash"", ""ota"", ""recovery"", ""sim_reset"", ""storage_health_read"", ""thermal_read"", ""touch_grid_test"", ""verified_boot""]","[""edl_requires_signed_programmer""]","[""lineageos"", ""seed"", ""ift""]",desconocido,,,ASUS
X01BD,,asus,Zenfone Max Pro M2,Qualcomm SDM660 Snapdragon 660,qualcomm,sdm660,[],5000,6.26,1080x2280,17,,1,avb,recovery,fastboot_zenfone,EDL 900E / 9008 (Sahara + Firehose XML),1,"[""a_only"", ""adb"", ""battery_calibration"", ""battery_health_read"", ""display_pwm_test"", ""dynamic_partitions"", ""edl"", ""evidence_capture"", ""fastboot"", ""fastbootd"", ""frp_owner_assisted"", ""network_reset"", ""official_rom_flash"", ""ota"", ""recovery"", ""sim_reset"", ""storage_health_read"", ""thermal_read"", ""touch_grid_test"", ""verified_boot""]","[""edl_requires_signed_programmer""]","[""lineageos"", ""seed"", ""ift""]",desconocido,,,ASUS
Z008,,asus,Zenfone 2 (720p),Intel Atom Z3560,intel,moorefield,[],3000,5.5,720x1280,,,,,recovery,fastboot_zenfone,,,"[""a_only"", ""adb"", ""battery_calibration"", ""battery_health_read"", ""display_pwm_test"", ""evidence_capture"", ""fastboot"", ""frp_owner_assisted"", ""network_reset"", ""official_rom_flash"", ""ota"", ""recovery"", ""sim_reset"", ""storage_health_read"", ""thermal_read"", ""touch_grid_test""]",[],"[""lineageos"", ""ift""]",desconocido,,,ASUS
Z00A,,asus,Zenfone 2 (1080p),Intel Atom Z3560 / Intel Atom Z3580,intel,moorefield,[],3000,5.5,1080x1920,,,,,recovery,fastboot_zenfone,,,"[""a_only"", ""adb"", ""battery_calibration"", ""battery_health_read"", ""display_pwm_test"", ""evidence_capture"", ""fastboot"", ""frp_owner_assisted"", ""network_reset"", ""official_rom_flash"", ""ota"", ""recovery"", ""sim_reset"", ""storage_health_read"", ""thermal_read"", ""touch_grid_test""]",[],"[""lineageos"", ""play"", ""ift""]",desconocido,,,ASUS
Z00D,,asus,Zenfone 2 (ZE500CL),Intel Atom Z2560,intel,Z00D,[],2500,5,720x1280,,,,,recovery,fastboot_zenfone,,,"[""a_only"", ""adb"", ""battery_calibration"", ""battery_health_read"", ""display_pwm_test"", ""evidence_capture"", ""fastboot"", ""frp_owner_assisted"", ""network_reset"", ""official_rom_flash"", ""ota"", ""recovery"", ""sim_reset"", ""storage_health_read"", ""thermal_read"", ""touch_grid_test""]",[],"[""lineageos"", ""ift""]",desconocido,,,ASUS
Z00L,,asus,Zenfone 2 Laser (720p),Qualcomm MSM8939 Snapdragon 615 / Qualcomm MSM8916 Snapdragon 410,qualcomm,msm8916,"[""ZE500KL"", ""ZE550KL""]",3000,,,,,,,recovery,fastboot_zenfone,EDL 900E / 9008 (Sahara + Firehose XML),1,"[""a_only"", ""adb"", ""battery_calibration"", ""battery_health_read"", ""display_pwm_test"", ""edl"", ""evidence_capture"", ""fastboot"", ""frp_owner_assisted"", ""network_reset"", ""official_rom_flash"", ""ota"", ""recovery"", ""sim_reset"", ""storage_health_read"", ""thermal_read"", ""touch_grid_test""]","[""edl_requires_signed_programmer""]","[""lineageos"", ""seed"", ""ift""]",desconocido,,,ASUS
Z00T,1,asus,Zenfone 2 Laser (1080p),Qualcomm MSM8939 Snapdragon 615,qualcomm,msm8916,[],3000,5.5,1080x1920,,,,,recovery,fastboot_zenfone,EDL 900E / 9008 (Sahara + Firehose XML),1,"[""a_only"", ""adb"", ""battery_calibration"", ""battery_health_read"", ""display_pwm_test"", ""edl"", ""evidence_capture"", ""fastboot"", ""frp_owner_assisted"", ""network_reset"", ""official_rom_flash"", ""ota"", ""recovery"", ""sim_reset"", ""storage_health_read"", ""thermal_read"", ""touch_grid_test""]","[""edl_requires_signed_programmer""]","[""lineageos"", ""seed"", ""ift""]",desconocido,,,ASUS
Z00T,2,asus,Zenfone 2 Selfie (1080p),Qualcomm MSM8939 Snapdragon 615,qualcomm,msm8916,[],3000,6,1080x1920,,,,,recovery,fastboot_zenfone,EDL 900E / 9008 (Sahara + Firehose XML),1,"[""a_only"", ""adb"", ""battery_calibration"", ""battery_health_read"", ""display_pwm_test"", ""edl"", ""evidence_capture"", ""fastboot"", ""frp_owner_assisted"", ""network_reset"", ""official_rom_flash"", ""ota"", ""recovery"", ""sim_reset"", ""storage_health_read"", ""thermal_read"", ""touch_grid_test""]","[""edl_requires_signed_programmer""]","[""lineageos"", ""seed"", ""ift""]",desconocido,,,ASUS
Z01R,,asus,Zenfone 5Z (ZS620KL),Qualcomm SDM845 Snapdragon 845,qualcomm,sdm845,[],3300,6.2,2246x1080,21,1,1,avb,boot,fastboot_zenfone,EDL 900E / 9008 (Sahara + Firehose XML),1,"[""a_b_slots"", ""adb"", ""battery_calibration"", ""battery_health_read"", ""display_pwm_test"", ""dynamic_partitions"", ""edl"", ""evidence_capture"", ""fastboot"", ""fastbootd"", ""frp_owner_assisted"", ""network_reset"", ""official_rom_flash"", ""ota"", ""recovery"", ""sim_reset"", ""storage_health_read"", ""thermal_read"", ""touch_grid_test"", ""verified_boot""]","[""edl_requires_signed_programmer"", ""recovery_flash_target_is:boot""]","[""lineageos"", ""seed"", ""ift""]",desconocido,,,ASUS
obiwan,,asus,ROG Phone 3,Qualcomm SM8250-AB Snapdragon 865+,qualcomm,sm8250,"[""ZS661KS""]",6000,6.59,1080x2340,17,1,1,avb,recovery,fastboot_zenfone,EDL 900E / 9008 (Sahara + Firehose XML),1,"[""a_b_slots"", ""adb"", ""battery_calibration"", ""battery_health_read"", ""display_pwm_test"", ""dynamic_partitions"", ""edl"", ""evidence_capture"", ""fastboot"", ""fastbootd"", ""frp_owner_assisted"", ""network_reset"", ""official_rom_flash"", ""ota"", ""recovery"", ""sim_reset"", ""storage_health_read"", ""thermal_read"", ""touch_grid_test"", ""verified_boot""]","[""edl_requires_signed_programmer""]","[""lineageos"", ""seed"", ""play"", ""ift""]",desconocido,,,ASUS
sake,,asus,ZenFone 8,Qualcomm SM8350 Snapdragon 888,qualcomm,sm8350,"[""I006D"", ""ZS590KS""]",4000,5.9,1080x2400,22,1,1,avb,boot,fastboot_zenfone,EDL 900E / 9008 (Sahara + Firehose XML),1,"[""a_b_slots"", ""adb"", ""battery_calibration"", ""battery_health_read"", ""display_pwm_test"", ""dynamic_partitions"", ""edl"", ""evidence_capture"", ""fastboot"", ""fastbootd"", ""frp_owner_assisted"", ""network_reset"", ""official_rom_flash"", ""ota"", ""recovery"", ""sim_reset"", ""storage_health_read"", ""thermal_read"", ""touch_grid_test"", ""verified_boot""]","[""edl_requires_signed_programmer"", ""pre_install_required:needs_specific_android_fw"", ""recovery_flash_target_is:boot""]","[""lineageos"", ""seed"", ""play"", ""ift""]",desconocido,,,ASUS
zenfone3,,asus,Zenfone 3,Qualcomm MSM8953 Snapdragon 625,qualcomm,msm8953,"[""ZE520KL"", ""ZE552KL""]",,,,,,,,recovery,fastboot_zenfone,EDL 900E / 9008 (Sahara + Firehose XML),1,"[""a_only"", ""adb"", ""battery_calibration"", ""battery_health_read"", ""display_pwm_test"", ""edl"", ""evidence_capture"", ""fastboot"", ""frp_owner_assisted"", ""network_reset"", ""official_rom_flash"", ""ota"", ""recovery"", ""sim_reset"", ""storage_health_read"", ""thermal_read"", ""touch_grid_test""]","[""edl_requires_signed_programmer""]","[""lineageos"", ""seed"", ""ift""]",desconocido,,,ASUS
odin2,,ayn,Odin 2,Qualcomm Dragonwing™ QCS8550 (QCS8550),qualcomm,qcs8550,"[""Odin 2""]",8000,6.0,1920x1080,22,1,1,avb,recovery,fastboot_unlocked,EDL 900E / 9008 (Sahara + Firehose XML),1,"[""a_b_slots"", ""adb"", ""battery_calibration"", ""battery_health_read"", ""display_pwm_test"", ""dynamic_partitions"", ""edl"", ""evidence_capture"", ""fastboot"", ""fastbootd"", ""frp_owner_assisted"", ""network_reset"", ""official_rom_flash"", ""ota"", ""recovery"", ""sim_reset"", ""storage_health_read"", ""thermal_read"", ""touch_grid_test"", ""unlock_official"", ""verified_boot""]","[""edl_requires_signed_programmer"", ""pre_install_required:needs_specific_android_fw""]","[""lineageos"", ""seed"", ""play"", ""ift""]",desconocido,,,AYN
odin2mini,,ayn,Odin2 Mini,Qualcomm Dragonwing™ QCS8550 (QCS8550),qualcomm,qcs8550,"[""Odin2 Mini""]",5000,5.0,1920x1080,22,1,1,avb,recovery,fastboot_unlocked,EDL 900E / 9008 (Sahara + Firehose XML),1,"[""a_b_slots"", ""adb"", ""battery_calibration"", ""battery_health_read"", ""display_pwm_test"", ""dynamic_partitions"", ""edl"", ""evidence_capture"", ""fastboot"", ""fastbootd"", ""frp_owner_assisted"", ""network_reset"", ""official_rom_flash"", ""ota"", ""recovery"", ""sim_reset"", ""storage_health_read"", ""thermal_read"", ""touch_grid_test"", ""unlock_official"", ""verified_boot""]","[""edl_requires_signed_programmer"", ""pre_install_required:needs_specific_android_fw""]","[""lineageos"", ""seed"", ""ift""]",desconocido,,,AYN
odin2portal,,ayn,Odin2 Portal,Qualcomm Dragonwing™ QCS8550 (QCS8550),qualcomm,qcs8550,"[""Odin2Portal""]",8000,7.0,1920x1080,22,1,1,avb,recovery,fastboot_unlocked,EDL 900E / 9008 (Sahara + Firehose XML),1,"[""a_b_slots"", ""adb"", ""battery_calibration"", ""battery_health_read"", ""display_pwm_test"", ""dynamic_partitions"", ""edl"", ""evidence_capture"", ""fastboot"", ""fastbootd"", ""frp_owner_assisted"", ""network_reset"", ""official_rom_flash"", ""ota"", ""recovery"", ""sim_reset"", ""storage_health_read"", ""thermal_read"", ""touch_grid_test"", ""unlock_official"", ""verified_boot""]","[""edl_requires_signed_programmer"", ""pre_install_required:needs_specific_android_fw""]","[""lineageos"", ""seed"", ""ift""]",desconocido,,,AYN
odin_m0,,ayn,Odin (M0),Qualcomm SDM845 Snapdragon 845,qualcomm,sdm845,"[""odin_m0""]",6600,5.98,1920x1080,21,1,1,avb,boot,fastboot_unlocked,EDL 900E / 9008 (Sahara + Firehose XML),1,"[""a_b_slots"", ""adb"", ""battery_calibration"", ""battery_health_read"", ""display_pwm_test"", ""dynamic_partitions"", ""edl"", ""evidence_capture"", ""fastboot"", ""fastbootd"", ""frp_owner_assisted"", ""network_reset"", ""official_rom_flash"", ""ota"", ""recovery"", ""sim_reset"", ""storage_health_read"", ""thermal_read"", ""touch_grid_test"", ""unlock_official"", ""verified_boot""]","[""edl_requires_signed_programmer"", ""pre_install_required:odin_revision"", ""recovery_flash_target_is:boot""]","[""lineageos"", ""seed"", ""ift""]",desconocido,,,AYN
odin_m2,,ayn,Odin (M2),Qualcomm SDM845 Snapdragon 845,qualcomm,sdm845,"[""odin_m2""]",6600,5.98,1920x1080,21,1,1,avb,boot,fastboot_unlocked,EDL 900E / 9008 (Sahara + Firehose XML),1,"[""a_b_slots"", ""adb"", ""battery_calibration"", ""battery_health_read"", ""display_pwm_test"", ""dynamic_partitions"", ""edl"", ""evidence_capture"", ""fastboot"", ""fastbootd"", ""frp_owner_assisted"", ""network_reset"", ""official_rom_flash"", ""ota"", ""recovery"", ""sim_reset"", ""storage_health_read"", ""thermal_read"", ""touch_grid_test"", ""unlock_official"", ""verified_boot""]","[""edl_requires_signed_programmer"", ""pre_install_required:odin_revision"", ""recovery_flash_target_is:boot""]","[""lineageos"", ""seed"", ""ift""]",desconocido,,,AYN
m5,,banana pi,"M5 (S905X3, eMMC Only) [Android TV]",Amlogic S905X3,amlogic,,[],,,,21,,1,avb,recovery,amlogic_update,,,"[""a_only"", ""adb"", ""battery_calibration"", ""battery_health_read"", ""display_pwm_test"", ""dynamic_partitions"", ""evidence_capture"", ""fastboot"", ""fastbootd"", ""frp_owner_assisted"", ""network_reset"", ""official_rom_flash"", ""ota"", ""recovery"", ""sim_reset"", ""storage_health_read"", ""thermal_read"", ""touch_grid_test"", ""verified_boot""]","[""pre_install_required:m5""]","[""lineageos"", ""play"", ""ift""]",desconocido,,,Banana Pi
m5_tab,,banana pi,"M5 (S905X3, eMMC Only) [Tablet]",Amlogic S905X3,amlogic,,[],,,,21,,1,avb,recovery,amlogic_update,,,"[""a_only"", ""adb"", ""battery_calibration"", ""battery_health_read"", ""display_pwm_test"", ""dynamic_partitions"", ""evidence_capture"", ""fastboot"", ""fastbootd"", ""frp_owner_assisted"", ""network_reset"", ""official_rom_flash"", ""ota"", ""recovery"", ""sim_reset"", ""storage_health_read"", ""thermal_read"", ""touch_grid_test"", ""verified_boot""]","[""pre_install_required:m5""]","[""lineageos"", ""ift""]",desconocido,,,Banana Pi
bardock,,bq,Aquaris X,Qualcomm MSM8953 Pro Snapdragon 626,qualcomm,msm8953,[],3100,5.2,1920x1080,19,,1,avb,recovery,fastboot_nexus,EDL 900E / 9008 (Sahara + Firehose XML),1,"[""a_only"", ""adb"", ""battery_calibration"", ""battery_health_read"", ""display_pwm_test"", ""dynamic_partitions"", ""edl"", ""evidence_capture"", ""fastboot"", ""fastbootd"", ""frp_owner_assisted"", ""network_reset"", ""official_rom_flash"", ""ota"", ""recovery"", ""sim_reset"", ""storage_health_read"", ""thermal_read"", ""touch_grid_test"", ""unlock_official"", ""verified_boot""]","[""edl_requires_signed_programmer""]","[""lineageos"", ""seed"", ""play"", ""ift""]",desconocido,,,BQ
bardockpro,,bq,Aquaris X Pro,Qualcomm MSM8953 Pro Snapdragon 626,qualcomm,msm8953,[],3100,5.2,1920x1080,19,,1,avb,recovery,fastboot_nexus,EDL 900E / 9008 (Sahara + Firehose XML),1,"[""a_only"", ""adb"", ""battery_calibration"", ""battery_health_read"", ""display_pwm_test"", ""dynamic_partitions"", ""edl"", ""evidence_capture"", ""fastboot"", ""fastbootd"", ""frp_owner_assisted"", ""network_reset"", ""official_rom_flash"", ""ota"", ""recovery"", ""sim_reset"", ""storage_health_read"", ""thermal_read"", ""touch_grid_test"", ""unlock_official"", ""verified_boot""]","[""edl_requires_signed_programmer""]","[""lineageos"", ""seed"", ""ift""]",desconocido,,,BQ
chaozu,,bq,Aquaris U,Qualcomm MSM8937 Snapdragon 430,qualcomm,msm8937,[],3050,5,1280x720,,,,,recovery,fastboot_nexus,EDL 900E / 9008 (Sahara + Firehose XML),1,"[""a_only"", ""adb"", ""battery_calibration"", ""battery_health_read"", ""display_pwm_test"", ""edl"", ""evidence_capture"", ""fastboot"", ""frp_owner_assisted"", ""network_reset"", ""official_rom_flash"", ""ota"", ""recovery"", ""sim_reset"", ""storage_health_read"", ""thermal_read"", ""touch_grid_test"", ""unlock_official""]","[""edl_requires_signed_programmer""]","[""lineageos"", ""seed"", ""play"", ""ift""]",desconocido,,,BQ
gohan,,bq,Aquaris X5 Plus,Qualcomm MSM8976 Snapdragon 652,qualcomm,msm8976,[],3100,5,1920x1080,,,,,recovery,fastboot_nexus,EDL 900E / 9008 (Sahara + Firehose XML),1,"[""a_only"", ""adb"", ""battery_calibration"", ""battery_health_read"", ""display_pwm_test"", ""edl"", ""evidence_capture"", ""fastboot"", ""frp_owner_assisted"", ""network_reset"", ""official_rom_flash"", ""ota"", ""recovery"", ""sim_reset"", ""storage_health_read"", ""thermal_read"", ""touch_grid_test"", ""unlock_official""]","[""edl_requires_signed_programmer""]","[""lineageos"", ""seed"", ""ift""]",desconocido,,,BQ
paella,,bq,Aquaris X5,Qualcomm MSM8916T Snapdragon 412,qualcomm,msm8939,[],2900,5,720x1280,,,,,recovery,fastboot_nexus,EDL 900E / 9008 (Sahara + Firehose XML),1,"[""a_only"", ""adb"", ""battery_calibration"", ""battery_health_read"", ""display_pwm_test"", ""edl"", ""evidence_capture"", ""fastboot"", ""frp_owner_assisted"", ""network_reset"", ""official_rom_flash"", ""ota"", ""recovery"", ""sim_reset"", ""storage_health_read"", ""thermal_read"", ""touch_grid_test"", ""unlock_official""]","[""edl_requires_signed_programmer""]","[""lineageos"", ""seed"", ""ift""]",desconocido,,,BQ
piccolo,,bq,Aquaris M5,Qualcomm MSM8939 Snapdragon 615,qualcomm,msm8939,[],3120,5,1080x1920,,,,,recovery,fastboot_nexus,EDL 900E / 9008 (Sahara + Firehose XML),1,"[""a_only"", ""adb"", ""battery_calibration"", ""battery_health_read"", ""display_pwm_test"", ""edl"", ""evidence_capture"", ""fastboot"", ""frp_owner_assisted"", ""network_reset"", ""official_rom_flash"", ""ota"", ""recovery"", ""sim_reset"", ""storage_health_read"", ""thermal_read"", ""touch_grid_test"", ""unlock_official""]","[""edl_requires_signed_programmer""]","[""lineageos"", ""seed"", ""ift""]",desconocido,,,BQ
tenshi,,bq,Aquaris U Plus,Qualcomm MSM8937 Snapdragon 430,qualcomm,msm8937,[],3050,5,1280x720,,,,,recovery,fastboot_nexus,EDL 900E / 9008 (Sahara + Firehose XML),1,"[""a_only"", ""adb"", ""battery_calibration"", ""battery_health_read"", ""display_pwm_test"", ""edl"", ""evidence_capture"", ""fastboot"", ""frp_owner_assisted"", ""network_reset"", ""official_rom_flash"", ""ota"", ""recovery"", ""sim_reset"", ""storage_health_read"", ""thermal_read"", ""touch_grid_test"", ""unlock_official""]","[""edl_requires_signed_programmer""]","[""lineageos"", ""seed"", ""play"", ""ift""]",desconocido,,,BQ
vegetalte,1,bq,Aquaris E5 4G,Qualcomm MSM8916 Snapdragon 410,qualcomm,msm8939,[],2850,5,720x1280,,,,,recovery,fastboot_nexus,EDL 900E / 9008 (Sahara + Firehose XML),1,"[""a_only"", ""adb"", ""battery_calibration"", ""battery_health_read"", ""display_pwm_test"", ""edl"", ""evidence_capture"", ""fastboot"", ""frp_owner_assisted"", ""network_reset"", ""official_rom_flash"", ""ota"", ""recovery"", ""sim_reset"", ""storage_health_read"", ""thermal_read"", ""touch_grid_test"", ""unlock_official""]","[""edl_requires_signed_programmer""]","[""lineageos"", ""seed"", ""ift""]",desconocido,,,BQ
vegetalte,2,bq,Aquaris E5s,Qualcomm MSM8916T Snapdragon 412,qualcomm,msm8939,[],2850,5,720x1280,,,,,recovery,fastboot_nexus,EDL 900E / 9008 (Sahara + Firehose XML),1,"[""a_only"", ""adb"", ""battery_calibration"", ""battery_health_read"", ""display_pwm_test"", ""edl"", ""evidence_capture"", ""fastboot"", ""frp_owner_assisted"", ""network_reset"", ""official_rom_flash"", ""ota"", ""recovery"", ""sim_reset"", ""storage_health_read"", ""thermal_read"", ""touch_grid_test"", ""unlock_official""]","[""edl_requires_signed_programmer""]","[""lineageos"", ""seed"", ""ift""]",desconocido,,,BQ
zangya,,bq,Aquaris X2,Qualcomm SDM636 Snapdragon 636,qualcomm,sdm660,[],3100,5.65,2160x1080,19,1,1,avb,boot,fastboot_nexus,EDL 900E / 9008 (Sahara + Firehose XML),1,"[""a_b_slots"", ""adb"", ""battery_calibration"", ""battery_health_read"", ""display_pwm_test"", ""dynamic_partitions"", ""edl"", ""evidence_capture"", ""fastboot"", ""fastbootd"", ""frp_owner_assisted"", ""network_reset"", ""official_rom_flash"", ""ota"", ""recovery"", ""sim_reset"", ""storage_health_read"", ""thermal_read"", ""touch_grid_test"", ""unlock_official"", ""verified_boot""]","[""edl_requires_signed_programmer"", ""recovery_flash_target_is:boot""]","[""lineageos"", ""seed"", ""ift""]",desconocido,,,BQ
zangyapro,,bq,Aquaris X2 Pro,Qualcomm SDM660 Snapdragon 660,qualcomm,sdm660,[],3100,5.65,2160x1080,19,1,1,avb,boot,fastboot_nexus,EDL 900E / 9008 (Sahara + Firehose XML),1,"[""a_b_slots"", ""adb"", ""battery_calibration"", ""battery_health_read"", ""display_pwm_test"", ""dynamic_partitions"", ""edl"", ""evidence_capture"", ""fastboot"", ""fastbootd"", ""frp_owner_assisted"", ""network_reset"", ""official_rom_flash"", ""ota"", ""recovery"", ""sim_reset"", ""storage_health_read"", ""thermal_read"", ""touch_grid_test"", ""unlock_official"", ""verified_boot""]","[""edl_requires_signed_programmer"", ""recovery_flash_target_is:boot""]","[""lineageos"", ""seed"", ""ift""]",desconocido,,,BQ
ohm,1,droidlogic,Developer Kit (S905X4-B/K),Amlogic S905X4,amlogic,kernel,[],,,,22,,1,avb,vendor_boot,fastboot_nexus,,,"[""a_only"", ""adb"", ""battery_calibration"", ""battery_health_read"", ""display_pwm_test"", ""dynamic_partitions"", ""evidence_capture"", ""fastboot"", ""fastbootd"", ""frp_owner_assisted"", ""network_reset"", ""official_rom_flash"", ""ota"", ""recovery"", ""sim_reset"", ""storage_health_read"", ""thermal_read"", ""touch_grid_test"", ""unlock_official"", ""verified_boot""]","[""pre_install_required:ir_remote"", ""recovery_flash_target_is:vendor_boot""]","[""lineageos"", ""ift""]",desconocido,,,DroidLogic
ohm,2,droidlogic,ADT-4/4+/4 (Low Ram),Amlogic S905X4,amlogic,kernel,[],,,,22,,1,avb,vendor_boot,fastboot_nexus,,,"[""a_only"", ""adb"", ""battery_calibration"", ""battery_health_read"", ""display_pwm_test"", ""dynamic_partitions"", ""evidence_capture"", ""fastboot"", ""fastbootd"", ""frp_owner_assisted"", ""network_reset"", ""official_rom_flash"", ""ota"", ""recovery"", ""sim_reset"", ""storage_health_read"", ""thermal_read"", ""touch_grid_test"", ""unlock_official"", ""verified_boot""]","[""pre_install_required:ir_remote"", ""recovery_flash_target_is:vendor_boot""]","[""lineageos"", ""ift""]",desconocido,,,DroidLogic
wade,,dynalink,TV Box 4K (2021),Amlogic S905Y2,amlogic,,[],,,,21,,1,avb,recovery,fastboot_nexus,,,"[""a_only"", ""adb"", ""battery_calibration"", ""battery_health_read"", ""display_pwm_test"", ""dynamic_partitions"", ""evidence_capture"", ""fastboot"", ""fastbootd"", ""frp_owner_assisted"", ""network_reset"", ""official_rom_flash"", ""ota"", ""recovery"", ""sim_reset"", ""storage_health_read"", ""thermal_read"", ""touch_grid_test"", ""unlock_official"", ""verified_boot""]","[""pre_install_required:g12-locked""]","[""lineageos"", ""ift""]",desconocido,,,Dynalink
mata,,essential,PH-1,Qualcomm MSM8998 Snapdragon 835,qualcomm,msm8998,[],3040,5.71,1312x2560,21,1,1,avb,boot,fastboot_nexus,EDL 900E / 9008 (Sahara + Firehose XML),1,"[""a_b_slots"", ""adb"", ""battery_calibration"", ""battery_health_read"", ""display_pwm_test"", ""dynamic_partitions"", ""edl"", ""evidence_capture"", ""fastboot"", ""fastbootd"", ""frp_owner_assisted"", ""network_reset"", ""official_rom_flash"", ""ota"", ""recovery"", ""sim_reset"", ""storage_health_read"", ""thermal_read"", ""touch_grid_test"", ""unlock_official"", ""verified_boot""]","[""edl_requires_signed_programmer"", ""recovery_flash_target_is:boot""]","[""lineageos"", ""seed"", ""play"", ""ift""]",desconocido,,,Essential
pro1,,f x tec,Pro¹,Qualcomm MSM8998 Snapdragon 835,qualcomm,msm8998,[],3200,5.99,1080x2160,21,1,1,avb,boot,fastboot_nexus,EDL 900E / 9008 (Sahara + Firehose XML),1,"[""a_b_slots"", ""adb"", ""battery_calibration"", ""battery_health_read"", ""display_pwm_test"", ""dynamic_partitions"", ""edl"", ""evidence_capture"", ""fastboot"", ""fastbootd"", ""frp_owner_assisted"", ""network_reset"", ""official_rom_flash"", ""ota"", ""recovery"", ""sim_reset"", ""storage_health_read"", ""thermal_read"", ""touch_grid_test"", ""unlock_official"", ""verified_boot""]","[""edl_requires_signed_programmer"", ""pre_install_required:fxtec"", ""recovery_flash_target_is:boot""]","[""lineageos"", ""seed"", ""ift""]",desconocido,,,F(x)Tec
pro1x,,f x tec,Pro¹ X,Qualcomm SM6115 Snapdragon 662,qualcomm,sm6115,[],3200,5.99,1080x2160,22,1,1,avb,recovery,fastboot_nexus,EDL 900E / 9008 (Sahara + Firehose XML),1,"[""a_b_slots"", ""adb"", ""battery_calibration"", ""battery_health_read"", ""display_pwm_test"", ""dynamic_partitions"", ""edl"", ""evidence_capture"", ""fastboot"", ""fastbootd"", ""frp_owner_assisted"", ""network_reset"", ""official_rom_flash"", ""ota"", ""recovery"", ""sim_reset"", ""storage_health_read"", ""thermal_read"", ""touch_grid_test"", ""unlock_official"", ""verified_boot""]","[""edl_requires_signed_programmer"", ""pre_install_required:fxtec""]","[""lineageos"", ""seed"", ""ift""]",desconocido,,,F(x)Tec
FP2,,fairphone,2,Qualcomm MSM8974AB-AB Snapdragon 801,qualcomm,msm8974,"[""FP2""]",2420,5.1,1920x1080,17,,1,avb,recovery,fastboot_unlocked,EDL 900E / 9008 (Sahara + Firehose XML),1,"[""a_only"", ""adb"", ""battery_calibration"", ""battery_health_read"", ""display_pwm_test"", ""dynamic_partitions"", ""edl"", ""evidence_capture"", ""fastboot"", ""fastbootd"", ""frp_owner_assisted"", ""network_reset"", ""official_rom_flash"", ""ota"", ""recovery"", ""sim_reset"", ""storage_health_read"", ""thermal_read"", ""touch_grid_test"", ""unlock_official"", ""verified_boot""]","[""edl_requires_signed_programmer""]","[""lineageos"", ""seed"", ""play"", ""ift""]",desconocido,,,Fairphone
FP3,1,fairphone,3,Qualcomm SDM632 Snapdragon 632,qualcomm,sdm632,[],3000,5.65,2160x1080,21,1,1,avb,boot,fastboot_fairphone,EDL 900E / 9008 (Sahara + Firehose XML),1,"[""a_b_slots"", ""adb"", ""battery_calibration"", ""battery_health_read"", ""display_pwm_test"", ""dynamic_partitions"", ""edl"", ""evidence_capture"", ""fastboot"", ""fastbootd"", ""frp_owner_assisted"", ""network_reset"", ""official_rom_flash"", ""ota"", ""recovery"", ""sim_reset"", ""storage_health_read"", ""thermal_read"", ""touch_grid_test"", ""verified_boot""]","[""edl_requires_signed_programmer"", ""recovery_flash_target_is:boot""]","[""lineageos"", ""seed"", ""ift""]",desconocido,,,Fairphone
FP3,2,fairphone,3+,Qualcomm SDM632 Snapdragon 632,qualcomm,sdm632,[],3000,5.65,2160x1080,21,1,1,avb,boot,fastboot_fairphone,EDL 900E / 9008 (Sahara + Firehose XML),1,"[""a_b_slots"", ""adb"", ""battery_calibration"", ""battery_health_read"", ""display_pwm_test"", ""dynamic_partitions"", ""edl"", ""evidence_capture"", ""fastboot"", ""fastbootd"", ""frp_owner_assisted"", ""network_reset"", ""official_rom_flash"", ""ota"", ""recovery"", ""sim_reset"", ""storage_health_read"", ""thermal_read"", ""touch_grid_test"", ""verified_boot""]","[""edl_requires_signed_programmer"", ""recovery_flash_target_is:boot""]","[""lineageos"", ""seed"", ""play"", ""ift""]",desconocido,,,Fairphone
FP4,,fairphone,4,Qualcomm SM7225 Snapdragon 750G,qualcomm,sm7225,"[""FP4""]",3905,6.3,2340x1080,22,1,1,avb,recovery,fastboot_fairphone,EDL 900E / 9008 (Sahara + Firehose XML),1,"[""a_b_slots"", ""adb"", ""battery_calibration"", ""battery_health_read"", ""display_pwm_test"", ""dynamic_partitions"", ""edl"", ""evidence_capture"", ""fastboot"", ""fastbootd"", ""frp_owner_assisted"", ""network_reset"", ""official_rom_flash"", ""ota"", ""recovery"", ""sim_reset"", ""storage_health_read"", ""thermal_read"", ""touch_grid_test"", ""verified_boot""]","[""edl_requires_signed_programmer"", ""pre_install_required:needs_specific_android_fw""]","[""lineageos"", ""seed"", ""play"", ""ift""]",desconocido,,,Fairphone
FP5,,fairphone,5,Qualcomm Dragonwing™ QCM6490 (QCM6490),qualcomm,qcm6490,"[""FP5""]",4200,6.46,1224x2700,22,1,1,avb,vendor_boot,fastboot_fairphone,EDL 900E / 9008 (Sahara + Firehose XML),1,"[""a_b_slots"", ""adb"", ""battery_calibration"", ""battery_health_read"", ""display_pwm_test"", ""dynamic_partitions"", ""edl"", ""evidence_capture"", ""fastboot"", ""fastbootd"", ""frp_owner_assisted"", ""network_reset"", ""official_rom_flash"", ""ota"", ""recovery"", ""sim_reset"", ""storage_health_read"", ""thermal_read"", ""touch_grid_test"", ""verified_boot""]","[""edl_requires_signed_programmer"", ""pre_install_required:needs_specific_android_fw"", ""recovery_flash_target_is:vendor_boot""]","[""lineageos"", ""seed"", ""play"", ""ift""]",desconocido,,,Fairphone
FP6,,fairphone,The Fairphone (Gen. 6),Qualcomm SM7635 Snapdragon 7s Gen 3,qualcomm,sm7635,"[""FP6""]",4415,6.31,1116x2484,22,1,1,avb,recovery,fastboot_fairphone,EDL 900E / 9008 (Sahara + Firehose XML),1,"[""a_b_slots"", ""adb"", ""battery_calibration"", ""battery_health_read"", ""display_pwm_test"", ""dynamic_partitions"", ""edl"", ""evidence_capture"", ""fastboot"", ""fastbootd"", ""frp_owner_assisted"", ""network_reset"", ""official_rom_flash"", ""ota"", ""recovery"", ""sim_reset"", ""storage_health_read"", ""thermal_read"", ""touch_grid_test"", ""verified_boot""]","[""edl_requires_signed_programmer"", ""pre_install_required:needs_specific_android_fw""]","[""lineageos"", ""seed"", ""play"", ""ift""]",desconocido,,,Fairphone
nicepool,,freebox,Pop / TV (Broadcom Wi-Fi/Bluetooth),Amlogic S905X2,amlogic,,[],,,,21,,1,avb,recovery,fastboot_nexus,,,"[""a_only"", ""adb"", ""battery_calibration"", ""battery_health_read"", ""display_pwm_test"", ""dynamic_partitions"", ""evidence_capture"", ""fastboot"", ""fastbootd"", ""frp_owner_assisted"", ""network_reset"", ""official_rom_flash"", ""ota"", ""recovery"", ""sim_reset"", ""storage_health_read"", ""thermal_read"", ""touch_grid_test"", ""unlock_official"", ""verified_boot""]","[""pre_install_required:aml_wifi_chipset""]","[""lineageos"", ""ift""]",desconocido,,,Freebox
nicepool_rtk,,freebox,Pop / TV (Realtek Wi-Fi/Bluetooth),Amlogic S905X2,amlogic,,[],,,,21,,1,avb,recovery,fastboot_nexus,,,"[""a_only"", ""adb"", ""battery_calibration"", ""battery_health_read"", ""display_pwm_test"", ""dynamic_partitions"", ""evidence_capture"", ""fastboot"", ""fastbootd"", ""frp_owner_assisted"", ""network_reset"", ""official_rom_flash"", ""ota"", ""recovery"", ""sim_reset"", ""storage_health_read"", ""thermal_read"", ""touch_grid_test"", ""unlock_official"", ""verified_boot""]","[""pre_install_required:aml_wifi_chipset""]","[""lineageos"", ""ift""]",desconocido,,,Freebox
akita,,google,Pixel 8a,Google Tensor G3,tensor,gs,[],4492,6.1,1080x2400,22,1,1,avb,vendor_boot,fastboot_nexus,"None (bootloader only, OEM key signed, no Qualcomm-style EDL)",0,"[""a_b_slots"", ""adb"", ""battery_calibration"", ""battery_health_read"", ""display_pwm_test"", ""dynamic_partitions"", ""edl_none"", ""evidence_capture"", ""fastboot"", ""fastbootd"", ""frp_owner_assisted"", ""network_reset"", ""official_rom_flash"", ""ota"", ""recovery"", ""sim_reset"", ""storage_health_read"", ""thermal_read"", ""touch_grid_test"", ""unlock_official"", ""verified_boot""]","[""no_edl_on_tensor_oem_key_signed"", ""pre_install_required:needs_specific_android_fw"", ""recovery_flash_target_is:vendor_boot""]","[""lineageos"", ""seed"", ""play"", ""ift""]",desconocido,,,Google
angler,,google,Nexus 6P,Qualcomm MSM8994 Snapdragon 810,qualcomm,angler,[],3450,5.7,1440x2560,,,,,recovery,fastboot_nexus,EDL 900E / 9008 (Sahara + Firehose XML),1,"[""a_only"", ""adb"", ""battery_calibration"", ""battery_health_read"", ""display_pwm_test"", ""edl"", ""evidence_capture"", ""fastboot"", ""frp_owner_assisted"", ""network_reset"", ""official_rom_flash"", ""ota"", ""recovery"", ""sim_reset"", ""storage_health_read"", ""thermal_read"", ""touch_grid_test"", ""unlock_official""]","[""edl_requires_signed_programmer""]","[""lineageos"", ""seed"", ""play"", ""ift""]",desconocido,,,Google
baracus,,google,Jamboard [Android TV],NVIDIA Tegra X1 (T210),nvidia,,[],,55.0,3840x2160,21,,1,avb,recovery,fastboot_nexus,,,"[""a_only"", ""adb"", ""battery_calibration"", ""battery_health_read"", ""display_pwm_test"", ""dynamic_partitions"", ""evidence_capture"", ""fastboot"", ""fastbootd"", ""frp_owner_assisted"", ""network_reset"", ""official_rom_flash"", ""ota"", ""recovery"", ""sim_reset"", ""storage_health_read"", ""thermal_read"", ""touch_grid_test"", ""unlock_official"", ""verified_boot""]","[""pre_install_required:needs_specific_android_fw""]","[""lineageos"", ""ift""]",desconocido,,,Google
baracus_tab,,google,Jamboard [Tablet],NVIDIA Tegra X1 (T210),nvidia,,[],,55.0,3840x2160,21,,1,avb,recovery,fastboot_nexus,,,"[""a_only"", ""adb"", ""battery_calibration"", ""battery_health_read"", ""display_pwm_test"", ""dynamic_partitions"", ""evidence_capture"", ""fastboot"", ""fastbootd"", ""frp_owner_assisted"", ""network_reset"", ""official_rom_flash"", ""ota"", ""recovery"", ""sim_reset"", ""storage_health_read"", ""thermal_read"", ""touch_grid_test"", ""unlock_official"", ""verified_boot""]","[""pre_install_required:needs_specific_android_fw""]","[""lineageos"", ""ift""]",desconocido,,,Google
barbet,,google,Pixel 5a,Qualcomm SM7250 Snapdragon 765G,qualcomm,redbull,[],4680,6.34,2400x1080,22,1,1,avb,vendor_boot,fastboot_nexus,EDL 900E / 9008 (Sahara + Firehose XML),1,"[""a_b_slots"", ""adb"", ""battery_calibration"", ""battery_health_read"", ""display_pwm_test"", ""dynamic_partitions"", ""edl"", ""evidence_capture"", ""fastboot"", ""fastbootd"", ""frp_owner_assisted"", ""network_reset"", ""official_rom_flash"", ""ota"", ""recovery"", ""sim_reset"", ""storage_health_read"", ""thermal_read"", ""touch_grid_test"", ""unlock_official"", ""verified_boot""]","[""edl_requires_signed_programmer"", ""pre_install_required:needs_specific_android_fw"", ""recovery_flash_target_is:vendor_boot""]","[""lineageos"", ""seed"", ""play"", ""ift""]",desconocido,,,Google
beast,,google,ADT-2,Amlogic S905X,amlogic,,[],,,,21,,1,avb,recovery,fastboot_nexus,,,"[""a_only"", ""adb"", ""battery_calibration"", ""battery_health_read"", ""display_pwm_test"", ""dynamic_partitions"", ""evidence_capture"", ""fastboot"", ""fastbootd"", ""frp_owner_assisted"", ""network_reset"", ""official_rom_flash"", ""ota"", ""recovery"", ""sim_reset"", ""storage_health_read"", ""thermal_read"", ""touch_grid_test"", ""unlock_official"", ""verified_boot""]","[""pre_install_required:needs_specific_android_fw""]","[""lineageos"", ""ift""]",desconocido,,,Google
bluejay,,google,Pixel 6a,Google Tensor GS101,tensor,gs,[],4410,6.1,1080x2400,22,1,1,avb,vendor_boot,fastboot_nexus,"None (bootloader only, OEM key signed, no Qualcomm-style EDL)",0,"[""a_b_slots"", ""adb"", ""battery_calibration"", ""battery_health_read"", ""display_pwm_test"", ""dynamic_partitions"", ""edl_none"", ""evidence_capture"", ""fastboot"", ""fastbootd"", ""frp_owner_assisted"", ""network_reset"", ""official_rom_flash"", ""ota"", ""recovery"", ""sim_reset"", ""storage_health_read"", ""thermal_read"", ""touch_grid_test"", ""unlock_official"", ""verified_boot""]","[""no_edl_on_tensor_oem_key_signed"", ""pre_install_required:needs_specific_android_fw"", ""recovery_flash_target_is:vendor_boot""]","[""lineageos"", ""seed"", ""play"", ""ift""]",desconocido,,,Google
blueline,,google,Pixel 3,Qualcomm SDM845 Snapdragon 845,qualcomm,msm,[],2915,5.5,2160x1080,21,1,1,avb,boot,fastboot_nexus,EDL 900E / 9008 (Sahara + Firehose XML),1,"[""a_b_slots"", ""adb"", ""battery_calibration"", ""battery_health_read"", ""display_pwm_test"", ""dynamic_partitions"", ""edl"", ""evidence_capture"", ""fastboot"", ""fastbootd"", ""frp_owner_assisted"", ""network_reset"", ""official_rom_flash"", ""ota"", ""recovery"", ""sim_reset"", ""storage_health_read"", ""thermal_read"", ""touch_grid_test"", ""unlock_official"", ""verified_boot""]","[""edl_requires_signed_programmer"", ""pre_install_required:needs_specific_android_fw"", ""recovery_flash_target_is:boot""]","[""lineageos"", ""seed"", ""play"", ""ift""]",desconocido,,,Google
bonito,,google,Pixel 3a XL,Qualcomm SDM670 Snapdragon 670,qualcomm,msm,"[""G020B"", ""G020C"", ""G020D""]",3700,6,2160x1080,21,1,1,avb,boot,fastboot_nexus,EDL 900E / 9008 (Sahara + Firehose XML),1,"[""a_b_slots"", ""adb"", ""battery_calibration"", ""battery_health_read"", ""display_pwm_test"", ""dynamic_partitions"", ""edl"", ""evidence_capture"", ""fastboot"", ""fastbootd"", ""frp_owner_assisted"", ""network_reset"", ""official_rom_flash"", ""ota"", ""recovery"", ""sim_reset"", ""storage_health_read"", ""thermal_read"", ""touch_grid_test"", ""unlock_official"", ""verified_boot""]","[""edl_requires_signed_programmer"", ""pre_install_required:needs_specific_android_fw"", ""recovery_flash_target_is:boot""]","[""lineageos"", ""seed"", ""play"", ""ift""]",desconocido,,,Google
bramble,,google,Pixel 4a 5G,Qualcomm SM7250 Snapdragon 765G,qualcomm,redbull,[],3885,6.2,2340x1080,22,1,1,avb,vendor_boot,fastboot_nexus,EDL 900E / 9008 (Sahara + Firehose XML),1,"[""a_b_slots"", ""adb"", ""battery_calibration"", ""battery_health_read"", ""display_pwm_test"", ""dynamic_partitions"", ""edl"", ""evidence_capture"", ""fastboot"", ""fastbootd"", ""frp_owner_assisted"", ""network_reset"", ""official_rom_flash"", ""ota"", ""recovery"", ""sim_reset"", ""storage_health_read"", ""thermal_read"", ""touch_grid_test"", ""unlock_official"", ""verified_boot""]","[""edl_requires_signed_programmer"", ""pre_install_required:needs_specific_android_fw"", ""recovery_flash_target_is:vendor_boot""]","[""lineageos"", ""seed"", ""play"", ""ift""]",desconocido,,,Google
bullhead,,google,Nexus 5X,Qualcomm MSM8992 Snapdragon 808,qualcomm,bullhead,[],2700,5.2,1080x1920,,,,,recovery,fastboot_nexus,EDL 900E / 9008 (Sahara + Firehose XML),1,"[""a_only"", ""adb"", ""battery_calibration"", ""battery_health_read"", ""display_pwm_test"", ""edl"", ""evidence_capture"", ""fastboot"", ""frp_owner_assisted"", ""network_reset"", ""official_rom_flash"", ""ota"", ""recovery"", ""sim_reset"", ""storage_health_read"", ""thermal_read"", ""touch_grid_test"", ""unlock_official""]","[""edl_requires_signed_programmer""]","[""lineageos"", ""seed"", ""play"", ""ift""]",desconocido,,,Google
caiman,,google,Pixel 9 Pro,Google Tensor G4,tensor,gs,[],4700,6.3,1280x2856,22,1,1,avb,vendor_boot,fastboot_nexus,"None (bootloader only, OEM key signed, no Qualcomm-style EDL)",0,"[""a_b_slots"", ""adb"", ""battery_calibration"", ""battery_health_read"", ""display_pwm_test"", ""dynamic_partitions"", ""edl_none"", ""evidence_capture"", ""fastboot"", ""fastbootd"", ""frp_owner_assisted"", ""network_reset"", ""official_rom_flash"", ""ota"", ""recovery"", ""sim_reset"", ""storage_health_read"", ""thermal_read"", ""touch_grid_test"", ""unlock_official"", ""verified_boot""]","[""no_edl_on_tensor_oem_key_signed"", ""pre_install_required:needs_specific_android_fw"", ""recovery_flash_target_is:vendor_boot""]","[""lineageos"", ""seed"", ""play"", ""ift""]",desconocido,,,Google
cheetah,,google,Pixel 7 Pro,Google Tensor GS201,tensor,gs,[],5000,6.7,1440x3120,22,1,1,avb,vendor_boot,fastboot_nexus,"None (bootloader only, OEM key signed, no Qualcomm-style EDL)",0,"[""a_b_slots"", ""adb"", ""battery_calibration"", ""battery_health_read"", ""display_pwm_test"", ""dynamic_partitions"", ""edl_none"", ""evidence_capture"", ""fastboot"", ""fastbootd"", ""frp_owner_assisted"", ""network_reset"", ""official_rom_flash"", ""ota"", ""recovery"", ""sim_reset"", ""storage_health_read"", ""thermal_read"", ""touch_grid_test"", ""unlock_official"", ""verified_boot""]","[""no_edl_on_tensor_oem_key_signed"", ""pre_install_required:needs_specific_android_fw"", ""recovery_flash_target_is:vendor_boot""]","[""lineageos"", ""seed"", ""play"", ""ift""]",desconocido,,,Google
comet,,google,Pixel 9 Pro Fold,Google Tensor G3,tensor,,[],4650,,,22,,1,avb,,,"None (bootloader only, OEM key signed, no Qualcomm-style EDL)",0,"[""a_only"", ""adb"", ""battery_calibration"", ""battery_health_read"", ""display_pwm_test"", ""dynamic_partitions"", ""edl_none"", ""evidence_capture"", ""fastboot"", ""fastbootd"", ""frp_owner_assisted"", ""network_reset"", ""official_rom_flash"", ""ota"", ""recovery"", ""sim_reset"", ""storage_health_read"", ""thermal_read"", ""touch_grid_test"", ""unlock_official"", ""verified_boot""]","[""no_edl_on_tensor_oem_key_signed"", ""pre_install_required:needs_specific_android_fw""]","[""lineageos"", ""seed"", ""play"", ""ift""]",desconocido,,,Google
coral,,google,Pixel 4 XL,Qualcomm SM8150 Snapdragon 855,qualcomm,msm,[],3700,6.3,3040x1440,22,1,1,avb,boot,fastboot_nexus,EDL 900E / 9008 (Sahara + Firehose XML),1,"[""a_b_slots"", ""adb"", ""battery_calibration"", ""battery_health_read"", ""display_pwm_test"", ""dynamic_partitions"", ""edl"", ""evidence_capture"", ""fastboot"", ""fastbootd"", ""frp_owner_assisted"", ""network_reset"", ""official_rom_flash"", ""ota"", ""recovery"", ""sim_reset"", ""storage_health_read"", ""thermal_read"", ""touch_grid_test"", ""unlock_official"", ""verified_boot""]","[""edl_requires_signed_programmer"", ""pre_install_required:needs_specific_android_fw"", ""recovery_flash_target_is:boot""]","[""lineageos"", ""seed"", ""play"", ""ift""]",desconocido,,,Google
crosshatch,,google,Pixel 3 XL,Qualcomm SDM845 Snapdragon 845,qualcomm,msm,[],3430,6.3,2960x1440,21,1,1,avb,boot,fastboot_nexus,EDL 900E / 9008 (Sahara + Firehose XML),1,"[""a_b_slots"", ""adb"", ""battery_calibration"", ""battery_health_read"", ""display_pwm_test"", ""dynamic_partitions"", ""edl"", ""evidence_capture"", ""fastboot"", ""fastbootd"", ""frp_owner_assisted"", ""network_reset"", ""official_rom_flash"", ""ota"", ""recovery"", ""sim_reset"", ""storage_health_read"", ""thermal_read"", ""touch_grid_test"", ""unlock_official"", ""verified_boot""]","[""edl_requires_signed_programmer"", ""pre_install_required:needs_specific_android_fw"", ""recovery_flash_target_is:boot""]","[""lineageos"", ""seed"", ""play"", ""ift""]",desconocido,,,Google
deadpool,,google,ADT-3,Amlogic S905Y2,amlogic,,[],,,,21,,1,avb,recovery,fastboot_nexus,,,"[""a_only"", ""adb"", ""battery_calibration"", ""battery_health_read"", ""display_pwm_test"", ""dynamic_partitions"", ""evidence_capture"", ""fastboot"", ""fastbootd"", ""frp_owner_assisted"", ""network_reset"", ""official_rom_flash"", ""ota"", ""recovery"", ""sim_reset"", ""storage_health_read"", ""thermal_read"", ""touch_grid_test"", ""unlock_official"", ""verified_boot""]","[""pre_install_required:needs_specific_android_fw""]","[""lineageos"", ""ift""]",desconocido,,,Google
deb,,google,Nexus 7 2013 (LTE),Qualcomm MSM8960T Snapdragon S4 Pro,qualcomm,,[],3950,7,1920x1200,,,,,recovery,fastboot_nexus,EDL 900E / 9008 (Sahara + Firehose XML),1,"[""a_only"", ""adb"", ""battery_calibration"", ""battery_health_read"", ""display_pwm_test"", ""edl"", ""evidence_capture"", ""fastboot"", ""frp_owner_assisted"", ""network_reset"", ""official_rom_flash"", ""ota"", ""recovery"", ""sim_reset"", ""storage_health_read"", ""thermal_read"", ""touch_grid_test"", ""unlock_official""]","[""edl_requires_signed_programmer""]","[""lineageos"", ""seed"", ""play"", ""ift""]",desconocido,,,Google
debx,,google,"Nexus 7 2013 (LTE, Repartitioned)",Qualcomm MSM8960T Snapdragon S4 Pro,qualcomm,,[],3950,7,1920x1200,17,,1,avb,recovery,fastboot_nexus,EDL 900E / 9008 (Sahara + Firehose XML),1,"[""a_only"", ""adb"", ""battery_calibration"", ""battery_health_read"", ""display_pwm_test"", ""dynamic_partitions"", ""edl"", ""evidence_capture"", ""fastboot"", ""fastbootd"", ""frp_owner_assisted"", ""network_reset"", ""official_rom_flash"", ""ota"", ""recovery"", ""sim_reset"", ""storage_health_read"", ""thermal_read"", ""touch_grid_test"", ""unlock_official"", ""verified_boot""]","[""edl_requires_signed_programmer""]","[""lineageos"", ""seed"", ""ift""]",desconocido,,,Google
dragon,,google,Pixel C,NVIDIA Tegra X1 (T210),nvidia,dragon,[],9240,10.2,2560x1800,,,,,recovery,fastboot_nexus,,,"[""a_only"", ""adb"", ""battery_calibration"", ""battery_health_read"", ""display_pwm_test"", ""evidence_capture"", ""fastboot"", ""frp_owner_assisted"", ""network_reset"", ""official_rom_flash"", ""ota"", ""recovery"", ""sim_reset"", ""storage_health_read"", ""thermal_read"", ""touch_grid_test"", ""unlock_official""]",[],"[""lineageos"", ""play"", ""ift""]",desconocido,,,Google
felix,,google,Pixel Fold,Google Tensor G2,tensor,,[],4821,,,22,,1,avb,,,"None (bootloader only, OEM key signed, no Qualcomm-style EDL)",0,"[""a_only"", ""adb"", ""battery_calibration"", ""battery_health_read"", ""display_pwm_test"", ""dynamic_partitions"", ""edl_none"", ""evidence_capture"", ""fastboot"", ""fastbootd"", ""frp_owner_assisted"", ""network_reset"", ""official_rom_flash"", ""ota"", ""recovery"", ""sim_reset"", ""storage_health_read"", ""thermal_read"", ""touch_grid_test"", ""unlock_official"", ""verified_boot""]","[""no_edl_on_tensor_oem_key_signed"", ""pre_install_required:needs_specific_android_fw""]","[""lineageos"", ""seed"", ""play"", ""ift""]",desconocido,,,Google
flame,,google,Pixel 4,Qualcomm SM8150 Snapdragon 855,qualcomm,msm,[],2800,5.7,2280x1080,22,1,1,avb,boot,fastboot_nexus,EDL 900E / 9008 (Sahara + Firehose XML),1,"[""a_b_slots"", ""adb"", ""battery_calibration"", ""battery_health_read"", ""display_pwm_test"", ""dynamic_partitions"", ""edl"", ""evidence_capture"", ""fastboot"", ""fastbootd"", ""frp_owner_assisted"", ""network_reset"", ""official_rom_flash"", ""ota"", ""recovery"", ""sim_reset"", ""storage_health_read"", ""thermal_read"", ""touch_grid_test"", ""unlock_official"", ""verified_boot""]","[""edl_requires_signed_programmer"", ""pre_install_required:needs_specific_android_fw"", ""recovery_flash_target_is:boot""]","[""lineageos"", ""seed"", ""play"", ""ift""]",desconocido,,,Google
flo,,google,"Nexus 7 (Wi-Fi, 2013 version)",Qualcomm MSM8960T Snapdragon S4 Pro,qualcomm,,[],3950,7,1920x1200,,,,,recovery,fastboot_nexus,EDL 900E / 9008 (Sahara + Firehose XML),1,"[""a_only"", ""adb"", ""battery_calibration"", ""battery_health_read"", ""display_pwm_test"", ""edl"", ""evidence_capture"", ""fastboot"", ""frp_owner_assisted"", ""network_reset"", ""official_rom_flash"", ""ota"", ""recovery"", ""sim_reset"", ""storage_health_read"", ""thermal_read"", ""touch_grid_test"", ""unlock_official""]","[""edl_requires_signed_programmer""]","[""lineageos"", ""seed"", ""play"", ""ift""]",desconocido,,,Google
flounder,,google,Nexus 9 (Wi-Fi),NVIDIA Tegra K1 (T124),nvidia,flounder,[],6700,8.9,2048x1536,,,,,recovery,fastboot_nexus,,,"[""a_only"", ""adb"", ""battery_calibration"", ""battery_health_read"", ""display_pwm_test"", ""evidence_capture"", ""fastboot"", ""frp_owner_assisted"", ""network_reset"", ""official_rom_flash"", ""ota"", ""recovery"", ""sim_reset"", ""storage_health_read"", ""thermal_read"", ""touch_grid_test"", ""unlock_official""]",[],"[""lineageos"", ""play"", ""ift""]",desconocido,,,Google
flounder_lte,,google,Nexus 9 (LTE),NVIDIA Tegra K1 (T124),nvidia,flounder,[],6700,8.9,2048x1536,,,,,recovery,fastboot_nexus,,,"[""a_only"", ""adb"", ""battery_calibration"", ""battery_health_read"", ""display_pwm_test"", ""evidence_capture"", ""fastboot"", ""frp_owner_assisted"", ""network_reset"", ""official_rom_flash"", ""ota"", ""recovery"", ""sim_reset"", ""storage_health_read"", ""thermal_read"", ""touch_grid_test"", ""unlock_official""]",[],"[""lineageos"", ""play"", ""ift""]",desconocido,,,Google
flox,,google,"Nexus 7 2013 (Wi-Fi, Repartitioned)",Qualcomm MSM8960T Snapdragon S4 Pro,qualcomm,,[],3950,7,1920x1200,17,,1,avb,recovery,fastboot_nexus,EDL 900E / 9008 (Sahara + Firehose XML),1,"[""a_only"", ""adb"", ""battery_calibration"", ""battery_health_read"", ""display_pwm_test"", ""dynamic_partitions"", ""edl"", ""evidence_capture"", ""fastboot"", ""fastbootd"", ""frp_owner_assisted"", ""network_reset"", ""official_rom_flash"", ""ota"", ""recovery"", ""sim_reset"", ""storage_health_read"", ""thermal_read"", ""touch_grid_test"", ""unlock_official"", ""verified_boot""]","[""edl_requires_signed_programmer""]","[""lineageos"", ""seed"", ""ift""]",desconocido,,,Google
hammerhead,,google,Nexus 5,Qualcomm MSM8974 Snapdragon 800,qualcomm,hammerhead,[],2300,5,1920x1080,,,,,recovery,fastboot_nexus,EDL 900E / 9008 (Sahara + Firehose XML),1,"[""a_only"", ""adb"", ""battery_calibration"", ""battery_health_read"", ""display_pwm_test"", ""edl"", ""evidence_capture"", ""fastboot"", ""frp_owner_assisted"", ""network_reset"", ""official_rom_flash"", ""ota"", ""recovery"", ""sim_reset"", ""storage_health_read"", ""thermal_read"", ""touch_grid_test"", ""unlock_official""]","[""edl_requires_signed_programmer""]","[""lineageos"", ""seed"", ""play"", ""ift""]",desconocido,,,Google
husky,,google,Pixel 8 Pro,Google Tensor G3,tensor,gs,[],5050,6.7,1344x2992,22,1,1,avb,vendor_boot,fastboot_nexus,"None (bootloader only, OEM key signed, no Qualcomm-style EDL)",0,"[""a_b_slots"", ""adb"", ""battery_calibration"", ""battery_health_read"", ""display_pwm_test"", ""dynamic_partitions"", ""edl_none"", ""evidence_capture"", ""fastboot"", ""fastbootd"", ""frp_owner_assisted"", ""network_reset"", ""official_rom_flash"", ""ota"", ""recovery"", ""sim_reset"", ""storage_health_read"", ""thermal_read"", ""touch_grid_test"", ""unlock_official"", ""verified_boot""]","[""no_edl_on_tensor_oem_key_signed"", ""pre_install_required:needs_specific_android_fw"", ""recovery_flash_target_is:vendor_boot""]","[""lineageos"", ""seed"", ""play"", ""ift""]",desconocido,,,Google
komodo,,google,Pixel 9 Pro XL,Google Tensor G4,tensor,gs,[],5060,6.8,1344x2992,22,1,1,avb,vendor_boot,fastboot_nexus,"None (bootloader only, OEM key signed, no Qualcomm-style EDL)",0,"[""a_b_slots"", ""adb"", ""battery_calibration"", ""battery_health_read"", ""display_pwm_test"", ""dynamic_partitions"", ""edl_none"", ""evidence_capture"", ""fastboot"", ""fastbootd"", ""frp_owner_assisted"", ""network_reset"", ""official_rom_flash"", ""ota"", ""recovery"", ""sim_reset"", ""storage_health_read"", ""thermal_read"", ""touch_grid_test"", ""unlock_official"", ""verified_boot""]","[""no_edl_on_tensor_oem_key_signed"", ""pre_install_required:needs_specific_android_fw"", ""recovery_flash_target_is:vendor_boot""]","[""lineageos"", ""seed"", ""play"", ""ift""]",desconocido,,,Google
lynx,,google,Pixel 7a,Google Tensor GS201,tensor,gs,[],4385,6.1,1080x2400,22,1,1,avb,vendor_boot,fastboot_nexus,"None (bootloader only, OEM key signed, no Qualcomm-style EDL)",0,"[""a_b_slots"", ""adb"", ""battery_calibration"", ""battery_health_read"", ""display_pwm_test"", ""dynamic_partitions"", ""edl_none"", ""evidence_capture"", ""fastboot"", ""fastbootd"", ""frp_owner_assisted"", ""network_reset"", ""official_rom_flash"", ""ota"", ""recovery"", ""sim_reset"", ""storage_health_read"", ""thermal_read"", ""touch_grid_test"", ""unlock_official"", ""verified_boot""]","[""no_edl_on_tensor_oem_key_signed"", ""pre_install_required:needs_specific_android_fw"", ""recovery_flash_target_is:vendor_boot""]","[""lineageos"", ""seed"", ""play"", ""ift""]",desconocido,,,Google
maguro,,google,Galaxy Nexus GSM,TI OMAP4460,ti,tuna,[],1750,4.7,1280x720,,,,,recovery,fastboot_nexus,,,"[""a_only"", ""adb"", ""battery_calibration"", ""battery_health_read"", ""display_pwm_test"", ""evidence_capture"", ""fastboot"", ""frp_owner_assisted"", ""network_reset"", ""official_rom_flash"", ""ota"", ""recovery"", ""sim_reset"", ""storage_health_read"", ""thermal_read"", ""touch_grid_test"", ""unlock_official""]",[],"[""lineageos"", ""play"", ""ift""]",desconocido,,,Google
mako,,google,Nexus 4,Qualcomm APQ8064 Snapdragon S4 Pro,qualcomm,mako,[],2100,4.7,1280x768,,,,,recovery,fastboot_nexus,EDL 900E / 9008 (Sahara + Firehose XML),1,"[""a_only"", ""adb"", ""battery_calibration"", ""battery_health_read"", ""display_pwm_test"", ""edl"", ""evidence_capture"", ""fastboot"", ""frp_owner_assisted"", ""network_reset"", ""official_rom_flash"", ""ota"", ""recovery"", ""sim_reset"", ""storage_health_read"", ""thermal_read"", ""touch_grid_test"", ""unlock_official""]","[""edl_requires_signed_programmer""]","[""lineageos"", ""seed"", ""play"", ""ift""]",desconocido,,,Google
manta,,google,Nexus 10,Samsung Exynos 5250,exynos,manta,[],9000,10,2560x1600,,,,,recovery,fastboot_nexus,Samsung Download mode 04E8:6600 / 685D (Odin-style protocol),1,"[""a_only"", ""adb"", ""battery_calibration"", ""battery_health_read"", ""display_pwm_test"", ""evidence_capture"", ""fastboot"", ""frp_owner_assisted"", ""network_reset"", ""odin_download"", ""official_rom_flash"", ""ota"", ""recovery"", ""sim_reset"", ""storage_health_read"", ""thermal_read"", ""touch_grid_test"", ""unlock_official""]","[""odin_requires_signed_secure_package""]","[""lineageos"", ""seed"", ""play"", ""ift""]",desconocido,,,Google
marlin,,google,Pixel XL,Qualcomm MSM8996 Pro Snapdragon 821,qualcomm,marlin,[],3450,5.5,1440x2560,21,1,1,avb,boot,fastboot_nexus,EDL 900E / 9008 (Sahara + Firehose XML),1,"[""a_b_slots"", ""adb"", ""battery_calibration"", ""battery_health_read"", ""display_pwm_test"", ""dynamic_partitions"", ""edl"", ""evidence_capture"", ""fastboot"", ""fastbootd"", ""frp_owner_assisted"", ""network_reset"", ""official_rom_flash"", ""ota"", ""recovery"", ""sim_reset"", ""storage_health_read"", ""thermal_read"", ""touch_grid_test"", ""unlock_official"", ""verified_boot""]","[""edl_requires_signed_programmer"", ""recovery_flash_target_is:boot""]","[""lineageos"", ""seed"", ""play"", ""ift""]",desconocido,,,Google
oriole,,google,Pixel 6,Google Tensor GS101,tensor,gs,[],4614,6.4,1080x2400,22,1,1,avb,vendor_boot,fastboot_nexus,"None (bootloader only, OEM key signed, no Qualcomm-style EDL)",0,"[""a_b_slots"", ""adb"", ""battery_calibration"", ""battery_health_read"", ""display_pwm_test"", ""dynamic_partitions"", ""edl_none"", ""evidence_capture"", ""fastboot"", ""fastbootd"", ""frp_owner_assisted"", ""network_reset"", ""official_rom_flash"", ""ota"", ""recovery"", ""sim_reset"", ""storage_health_read"", ""thermal_read"", ""touch_grid_test"", ""unlock_official"", ""verified_boot""]","[""no_edl_on_tensor_oem_key_signed"", ""pre_install_required:needs_specific_android_fw"", ""recovery_flash_target_is:vendor_boot""]","[""lineageos"", ""seed"", ""play"", ""ift""]",desconocido,,,Google
panther,,google,Pixel 7,Google Tensor GS201,tensor,gs,[],4355,6.3,1080x2400,22,1,1,avb,vendor_boot,fastboot_nexus,"None (bootloader only, OEM key signed, no Qualcomm-style EDL)",0,"[""a_b_slots"", ""adb"", ""battery_calibration"", ""battery_health_read"", ""display_pwm_test"", ""dynamic_partitions"", ""edl_none"", ""evidence_capture"", ""fastboot"", ""fastbootd"", ""frp_owner_assisted"", ""network_reset"", ""official_rom_flash"", ""ota"", ""recovery"", ""sim_reset"", ""storage_health_read"", ""thermal_read"", ""touch_grid_test"", ""unlock_official"", ""verified_boot""]","[""no_edl_on_tensor_oem_key_signed"", ""pre_install_required:needs_specific_android_fw"", ""recovery_flash_target_is:vendor_boot""]","[""lineageos"", ""seed"", ""play"", ""ift""]",desconocido,,,Google
raven,,google,Pixel 6 Pro,Google Tensor GS101,tensor,gs,[],5003,6.71,1440x3120,22,1,1,avb,vendor_boot,fastboot_nexus,"None (bootloader only, OEM key signed, no Qualcomm-style EDL)",0,"[""a_b_slots"", ""adb"", ""battery_calibration"", ""battery_health_read"", ""display_pwm_test"", ""dynamic_partitions"", ""edl_none"", ""evidence_capture"", ""fastboot"", ""fastbootd"", ""frp_owner_assisted"", ""network_reset"", ""official_rom_flash"", ""ota"", ""recovery"", ""sim_reset"", ""storage_health_read"", ""thermal_read"", ""touch_grid_test"", ""unlock_official"", ""verified_boot""]","[""no_edl_on_tensor_oem_key_signed"", ""pre_install_required:needs_specific_android_fw"", ""recovery_flash_target_is:vendor_boot""]","[""lineageos"", ""seed"", ""play"", ""ift""]",desconocido,,,Google
redfin,,google,Pixel 5,Qualcomm SM7250 Snapdragon 765G,qualcomm,redbull,[],4080,6,2340x1080,22,1,1,avb,vendor_boot,fastboot_nexus,EDL 900E / 9008 (Sahara + Firehose XML),1,"[""a_b_slots"", ""adb"", ""battery_calibration"", ""battery_health_read"", ""display_pwm_test"", ""dynamic_partitions"", ""edl"", ""evidence_capture"", ""fastboot"", ""fastbootd"", ""frp_owner_assisted"", ""network_reset"", ""official_rom_flash"", ""ota"", ""recovery"", ""sim_reset"", ""storage_health_read"", ""thermal_read"", ""touch_grid_test"", ""unlock_official"", ""verified_boot""]","[""edl_requires_signed_programmer"", ""pre_install_required:needs_specific_android_fw"", ""recovery_flash_target_is:vendor_boot""]","[""lineageos"", ""seed"", ""play"", ""ift""]",desconocido,,,Google
sabrina,,google,Chromecast with Google TV (4K),Amlogic S905D3G,amlogic,,[],,,,21,,1,avb,recovery,fastboot_nexus,,,"[""a_only"", ""adb"", ""battery_calibration"", ""battery_health_read"", ""display_pwm_test"", ""dynamic_partitions"", ""evidence_capture"", ""fastboot"", ""fastbootd"", ""frp_owner_assisted"", ""network_reset"", ""official_rom_flash"", ""ota"", ""recovery"", ""sim_reset"", ""storage_health_read"", ""thermal_read"", ""touch_grid_test"", ""unlock_official"", ""verified_boot""]","[""pre_install_required:sabrina""]","[""lineageos"", ""play"", ""ift""]",desconocido,,,Google
sailfish,,google,Pixel,Qualcomm MSM8996 Pro Snapdragon 821,qualcomm,marlin,[],2770,5,1080x1920,21,1,1,avb,boot,fastboot_nexus,EDL 900E / 9008 (Sahara + Firehose XML),1,"[""a_b_slots"", ""adb"", ""battery_calibration"", ""battery_health_read"", ""display_pwm_test"", ""dynamic_partitions"", ""edl"", ""evidence_capture"", ""fastboot"", ""fastbootd"", ""frp_owner_assisted"", ""network_reset"", ""official_rom_flash"", ""ota"", ""recovery"", ""sim_reset"", ""storage_health_read"", ""thermal_read"", ""touch_grid_test"", ""unlock_official"", ""verified_boot""]","[""edl_requires_signed_programmer"", ""recovery_flash_target_is:boot""]","[""lineageos"", ""seed"", ""play"", ""ift""]",desconocido,,,Google
sargo,,google,Pixel 3a,Qualcomm SDM670 Snapdragon 670,qualcomm,msm,"[""G020F"", ""G020G"", ""G020H""]",3000,5.6,2220x1080,21,1,1,avb,boot,fastboot_nexus,EDL 900E / 9008 (Sahara + Firehose XML),1,"[""a_b_slots"", ""adb"", ""battery_calibration"", ""battery_health_read"", ""display_pwm_test"", ""dynamic_partitions"", ""edl"", ""evidence_capture"", ""fastboot"", ""fastbootd"", ""frp_owner_assisted"", ""network_reset"", ""official_rom_flash"", ""ota"", ""recovery"", ""sim_reset"", ""storage_health_read"", ""thermal_read"", ""touch_grid_test"", ""unlock_official"", ""verified_boot""]","[""edl_requires_signed_programmer"", ""pre_install_required:needs_specific_android_fw"", ""recovery_flash_target_is:boot""]","[""lineageos"", ""seed"", ""play"", ""ift""]",desconocido,,,Google
seed,,google,Android One 2nd Gen,Qualcomm MSM8916 Snapdragon 410,qualcomm,seed,[],2500,5,720x1280,,,,,recovery,fastboot_nexus,EDL 900E / 9008 (Sahara + Firehose XML),1,"[""a_only"", ""adb"", ""battery_calibration"", ""battery_health_read"", ""display_pwm_test"", ""edl"", ""evidence_capture"", ""fastboot"", ""frp_owner_assisted"", ""network_reset"", ""official_rom_flash"", ""ota"", ""recovery"", ""sim_reset"", ""storage_health_read"", ""thermal_read"", ""touch_grid_test"", ""unlock_official""]","[""edl_requires_signed_programmer""]","[""lineageos"", ""seed"", ""ift""]",desconocido,,,Google
shamu,,google,Nexus 6,Qualcomm APQ8084 Snapdragon 805,qualcomm,shamu,[],3220,5.96,2560x1440,17,,1,avb,recovery,fastboot_nexus,EDL 900E / 9008 (Sahara + Firehose XML),1,"[""a_only"", ""adb"", ""battery_calibration"", ""battery_health_read"", ""display_pwm_test"", ""dynamic_partitions"", ""edl"", ""evidence_capture"", ""fastboot"", ""fastbootd"", ""frp_owner_assisted"", ""network_reset"", ""official_rom_flash"", ""ota"", ""recovery"", ""sim_reset"", ""storage_health_read"", ""thermal_read"", ""touch_grid_test"", ""unlock_official"", ""verified_boot""]","[""edl_requires_signed_programmer""]","[""lineageos"", ""seed"", ""play"", ""ift""]",desconocido,,,Google
shiba,,google,Pixel 8,Google Tensor G3,tensor,gs,[],4575,6.2,1080x2400,22,1,1,avb,vendor_boot,fastboot_nexus,"None (bootloader only, OEM key signed, no Qualcomm-style EDL)",0,"[""a_b_slots"", ""adb"", ""battery_calibration"", ""battery_health_read"", ""display_pwm_test"", ""dynamic_partitions"", ""edl_none"", ""evidence_capture"", ""fastboot"", ""fastbootd"", ""frp_owner_assisted"", ""network_reset"", ""official_rom_flash"", ""ota"", ""recovery"", ""sim_reset"", ""storage_health_read"", ""thermal_read"", ""touch_grid_test"", ""unlock_official"", ""verified_boot""]","[""no_edl_on_tensor_oem_key_signed"", ""pre_install_required:needs_specific_android_fw"", ""recovery_flash_target_is:vendor_boot""]","[""lineageos"", ""seed"", ""play"", ""ift""]",desconocido,,,Google
sunfish,,google,Pixel 4a,Qualcomm SM7150-AB Snapdragon 730G,qualcomm,msm,[],3140,5.81,2340x1080,22,1,1,avb,boot,fastboot_nexus,EDL 900E / 9008 (Sahara + Firehose XML),1,"[""a_b_slots"", ""adb"", ""battery_calibration"", ""battery_health_read"", ""display_pwm_test"", ""dynamic_partitions"", ""edl"", ""evidence_capture"", ""fastboot"", ""fastbootd"", ""frp_owner_assisted"", ""network_reset"", ""official_rom_flash"", ""ota"", ""recovery"", ""sim_reset"", ""storage_health_read"", ""thermal_read"", ""touch_grid_test"", ""unlock_official"", ""verified_boot""]","[""edl_requires_signed_programmer"", ""pre_install_required:needs_specific_android_fw"", ""recovery_flash_target_is:boot""]","[""lineageos"", ""seed"", ""play"", ""ift""]",desconocido,,,Google
taimen,,google,Pixel 2 XL,Qualcomm SDM835 Snapdragon 835,qualcomm,wahoo,[],3520,6,1440x2880,21,1,1,avb,boot,fastboot_nexus,EDL 900E / 9008 (Sahara + Firehose XML),1,"[""a_b_slots"", ""adb"", ""battery_calibration"", ""battery_health_read"", ""display_pwm_test"", ""dynamic_partitions"", ""edl"", ""evidence_capture"", ""fastboot"", ""fastbootd"", ""frp_owner_assisted"", ""network_reset"", ""official_rom_flash"", ""ota"", ""recovery"", ""sim_reset"", ""storage_health_read"", ""thermal_read"", ""touch_grid_test"", ""unlock_official"", ""verified_boot""]","[""edl_requires_signed_programmer"", ""pre_install_required:needs_specific_android_fw"", ""recovery_flash_target_is:boot""]","[""lineageos"", ""seed"", ""play"", ""ift""]",desconocido,,,Google
tangorpro,,google,Pixel Tablet,Google Tensor GS201,tensor,gs,[],7020,10.95,2560x1600,22,1,1,avb,vendor_boot,fastboot_nexus,"None (bootloader only, OEM key signed, no Qualcomm-style EDL)",0,"[""a_b_slots"", ""adb"", ""battery_calibration"", ""battery_health_read"", ""display_pwm_test"", ""dynamic_partitions"", ""edl_none"", ""evidence_capture"", ""fastboot"", ""fastbootd"", ""frp_owner_assisted"", ""network_reset"", ""official_rom_flash"", ""ota"", ""recovery"", ""sim_reset"", ""storage_health_read"", ""thermal_read"", ""touch_grid_test"", ""unlock_official"", ""verified_boot""]","[""no_edl_on_tensor_oem_key_signed"", ""pre_install_required:needs_specific_android_fw"", ""recovery_flash_target_is:vendor_boot""]","[""lineageos"", ""seed"", ""play"", ""ift""]",desconocido,,,Google
tegu,,google,Pixel 9a,Google Tensor G4,tensor,gs,[],5100,6.3,1080x2424,22,1,1,avb,vendor_boot,fastboot_nexus,"None (bootloader only, OEM key signed, no Qualcomm-style EDL)",0,"[""a_b_slots"", ""adb"", ""battery_calibration"", ""battery_health_read"", ""display_pwm_test"", ""dynamic_partitions"", ""edl_none"", ""evidence_capture"", ""fastboot"", ""fastbootd"", ""frp_owner_assisted"", ""network_reset"", ""official_rom_flash"", ""ota"", ""recovery"", ""sim_reset"", ""storage_health_read"", ""thermal_read"", ""touch_grid_test"", ""unlock_official"", ""verified_boot""]","[""no_edl_on_tensor_oem_key_signed"", ""pre_install_required:needs_specific_android_fw"", ""recovery_flash_target_is:vendor_boot""]","[""lineageos"", ""seed"", ""play"", ""ift""]",desconocido,,,Google
tokay,,google,Pixel 9,Google Tensor G4,tensor,gs,[],4700,6.3,1080x2424,22,1,1,avb,vendor_boot,fastboot_nexus,"None (bootloader only, OEM key signed, no Qualcomm-style EDL)",0,"[""a_b_slots"", ""adb"", ""battery_calibration"", ""battery_health_read"", ""display_pwm_test"", ""dynamic_partitions"", ""edl_none"", ""evidence_capture"", ""fastboot"", ""fastbootd"", ""frp_owner_assisted"", ""network_reset"", ""official_rom_flash"", ""ota"", ""recovery"", ""sim_reset"", ""storage_health_read"", ""thermal_read"", ""touch_grid_test"", ""unlock_official"", ""verified_boot""]","[""no_edl_on_tensor_oem_key_signed"", ""pre_install_required:needs_specific_android_fw"", ""recovery_flash_target_is:vendor_boot""]","[""lineageos"", ""seed"", ""play"", ""ift""]",desconocido,,,Google
toro,,google,Galaxy Nexus LTE (Verizon),TI OMAP4460,ti,tuna,[],1850,4.7,1280x720,,,,,recovery,fastboot_nexus,,,"[""a_only"", ""adb"", ""battery_calibration"", ""battery_health_read"", ""display_pwm_test"", ""evidence_capture"", ""fastboot"", ""frp_owner_assisted"", ""network_reset"", ""official_rom_flash"", ""ota"", ""recovery"", ""sim_reset"", ""storage_health_read"", ""thermal_read"", ""touch_grid_test"", ""unlock_official""]",[],"[""lineageos"", ""play"", ""ift""]",desconocido,,,Google
toroplus,,google,Galaxy Nexus LTE (Sprint),TI OMAP4460,ti,tuna,[],1850,4.7,1280x720,,,,,recovery,fastboot_nexus,,,"[""a_only"", ""adb"", ""battery_calibration"", ""battery_health_read"", ""display_pwm_test"", ""evidence_capture"", ""fastboot"", ""frp_owner_assisted"", ""network_reset"", ""official_rom_flash"", ""ota"", ""recovery"", ""sim_reset"", ""storage_health_read"", ""thermal_read"", ""touch_grid_test"", ""unlock_official""]",[],"[""lineageos"", ""play"", ""ift""]",desconocido,,,Google
walleye,,google,Pixel 2,Qualcomm SDM835 Snapdragon 835,qualcomm,wahoo,[],2700,5,1080x1920,21,1,1,avb,boot,fastboot_nexus,EDL 900E / 9008 (Sahara + Firehose XML),1,"[""a_b_slots"", ""adb"", ""battery_calibration"", ""battery_health_read"", ""display_pwm_test"", ""dynamic_partitions"", ""edl"", ""evidence_capture"", ""fastboot"", ""fastbootd"", ""frp_owner_assisted"", ""network_reset"", ""official_rom_flash"", ""ota"", ""recovery"", ""sim_reset"", ""storage_health_read"", ""thermal_read"", ""touch_grid_test"", ""unlock_official"", ""verified_boot""]","[""edl_requires_signed_programmer"", ""pre_install_required:needs_specific_android_fw"", ""recovery_flash_target_is:boot""]","[""lineageos"", ""seed"", ""play"", ""ift""]",desconocido,,,Google
odroidc4,,hardkernel,"ODROID-C4 (S905X3, eMMC Only) [Android TV]",Amlogic S905X3,amlogic,,[],,,,21,,1,avb,recovery,amlogic_update,,,"[""a_only"", ""adb"", ""battery_calibration"", ""battery_health_read"", ""display_pwm_test"", ""dynamic_partitions"", ""evidence_capture"", ""fastboot"", ""fastbootd"", ""frp_owner_assisted"", ""network_reset"", ""official_rom_flash"", ""ota"", ""recovery"", ""sim_reset"", ""storage_health_read"", ""thermal_read"", ""touch_grid_test"", ""verified_boot""]",[],"[""lineageos"", ""ift""]",desconocido,,,HardKernel
odroidc4_tab,,hardkernel,"ODROID-C4 (S905X3, eMMC Only) [Tablet]",Amlogic S905X3,amlogic,,[],,,,21,,1,avb,recovery,amlogic_update,,,"[""a_only"", ""adb"", ""battery_calibration"", ""battery_health_read"", ""display_pwm_test"", ""dynamic_partitions"", ""evidence_capture"", ""fastboot"", ""fastbootd"", ""frp_owner_assisted"", ""network_reset"", ""official_rom_flash"", ""ota"", ""recovery"", ""sim_reset"", ""storage_health_read"", ""thermal_read"", ""touch_grid_test"", ""verified_boot""]",[],"[""lineageos"", ""ift""]",desconocido,,,HardKernel
hiae,,htc,One A9,Qualcomm MSM8952 Snapdragon 617,qualcomm,msm8952,"[""2PQ9120"", ""2PQ9100""]",2150,5,1920x1080,,,,,recovery,fastboot_htc,EDL 900E / 9008 (Sahara + Firehose XML),1,"[""a_only"", ""adb"", ""battery_calibration"", ""battery_health_read"", ""display_pwm_test"", ""edl"", ""evidence_capture"", ""fastboot"", ""frp_owner_assisted"", ""network_reset"", ""official_rom_flash"", ""ota"", ""recovery"", ""sim_reset"", ""storage_health_read"", ""thermal_read"", ""touch_grid_test""]","[""edl_requires_signed_programmer""]","[""lineageos"", ""seed"", ""ift""]",desconocido,,,HTC
himaul,,htc,One M9 (GSM),Qualcomm MSM8994 Snapdragon 810,qualcomm,msm8994,[],2840,5,1080x1920,,,,,recovery,fastboot_htc,EDL 900E / 9008 (Sahara + Firehose XML),1,"[""a_only"", ""adb"", ""battery_calibration"", ""battery_health_read"", ""display_pwm_test"", ""edl"", ""evidence_capture"", ""fastboot"", ""frp_owner_assisted"", ""network_reset"", ""official_rom_flash"", ""ota"", ""recovery"", ""sim_reset"", ""storage_health_read"", ""thermal_read"", ""touch_grid_test""]","[""edl_requires_signed_programmer""]","[""lineageos"", ""seed"", ""ift""]",desconocido,,,HTC
himawl,,htc,One M9 (Verizon),Qualcomm MSM8994 Snapdragon 810,qualcomm,msm8994,[],2840,5,1080x1920,,,,,recovery,fastboot_htc,EDL 900E / 9008 (Sahara + Firehose XML),1,"[""a_only"", ""adb"", ""battery_calibration"", ""battery_health_read"", ""display_pwm_test"", ""edl"", ""evidence_capture"", ""fastboot"", ""frp_owner_assisted"", ""network_reset"", ""official_rom_flash"", ""ota"", ""recovery"", ""sim_reset"", ""storage_health_read"", ""thermal_read"", ""touch_grid_test""]","[""edl_requires_signed_programmer""]","[""lineageos"", ""seed"", ""ift""]",desconocido,,,HTC
m7,,htc,One (GSM),Qualcomm APQ8064T Snapdragon 600,qualcomm,msm8960,[],2300,4.7,1080x1920,,,,,recovery,fastboot_htc,EDL 900E / 9008 (Sahara + Firehose XML),1,"[""a_only"", ""adb"", ""battery_calibration"", ""battery_health_read"", ""display_pwm_test"", ""edl"", ""evidence_capture"", ""fastboot"", ""frp_owner_assisted"", ""network_reset"", ""official_rom_flash"", ""ota"", ""recovery"", ""sim_reset"", ""storage_health_read"", ""thermal_read"", ""touch_grid_test""]","[""edl_requires_signed_programmer""]","[""lineageos"", ""seed"", ""play"", ""ift""]",desconocido,,,HTC
m7vzw,,htc,One (Verizon),Qualcomm APQ8064T Snapdragon 600,qualcomm,msm8960,[],2300,4.7,1080x1920,,,,,recovery,fastboot_htc,EDL 900E / 9008 (Sahara + Firehose XML),1,"[""a_only"", ""adb"", ""battery_calibration"", ""battery_health_read"", ""display_pwm_test"", ""edl"", ""evidence_capture"", ""fastboot"", ""frp_owner_assisted"", ""network_reset"", ""official_rom_flash"", ""ota"", ""recovery"", ""sim_reset"", ""storage_health_read"", ""thermal_read"", ""touch_grid_test""]","[""edl_requires_signed_programmer""]","[""lineageos"", ""seed"", ""ift""]",desconocido,,,HTC
m8,,htc,One (M8),Qualcomm MSM8974AB Snapdragon 801,qualcomm,msm8974,[],2600,5,1080x1920,16,,1,avb,recovery,fastboot_htc,EDL 900E / 9008 (Sahara + Firehose XML),1,"[""a_only"", ""adb"", ""battery_calibration"", ""battery_health_read"", ""display_pwm_test"", ""dynamic_partitions"", ""edl"", ""evidence_capture"", ""fastboot"", ""fastbootd"", ""frp_owner_assisted"", ""network_reset"", ""official_rom_flash"", ""ota"", ""recovery"", ""sim_reset"", ""storage_health_read"", ""thermal_read"", ""touch_grid_test"", ""verified_boot""]","[""edl_requires_signed_programmer""]","[""lineageos"", ""seed"", ""play"", ""ift""]",desconocido,,,HTC
m8d,,htc,One (M8) Dual SIM,Qualcomm MSM8974AB Snapdragon 801,qualcomm,msm8974,[],2600,4.7,1080x1920,16,,1,avb,recovery,fastboot_htc,EDL 900E / 9008 (Sahara + Firehose XML),1,"[""a_only"", ""adb"", ""battery_calibration"", ""battery_health_read"", ""display_pwm_test"", ""dynamic_partitions"", ""edl"", ""evidence_capture"", ""fastboot"", ""fastbootd"", ""frp_owner_assisted"", ""network_reset"", ""official_rom_flash"", ""ota"", ""recovery"", ""sim_reset"", ""storage_health_read"", ""thermal_read"", ""touch_grid_test"", ""verified_boot""]","[""edl_requires_signed_programmer""]","[""lineageos"", ""seed"", ""ift""]",desconocido,,,HTC
pme,,htc,10,Qualcomm MSM8996 Snapdragon 820,qualcomm,msm8996,[],3000,5.2,1440x2560,,,,,recovery,fastboot_htc,EDL 900E / 9008 (Sahara + Firehose XML),1,"[""a_only"", ""adb"", ""battery_calibration"", ""battery_health_read"", ""display_pwm_test"", ""edl"", ""evidence_capture"", ""fastboot"", ""frp_owner_assisted"", ""network_reset"", ""official_rom_flash"", ""ota"", ""recovery"", ""sim_reset"", ""storage_health_read"", ""thermal_read"", ""touch_grid_test""]","[""edl_requires_signed_programmer"", ""pre_install_required:pme""]","[""lineageos"", ""seed"", ""ift""]",desconocido,,,HTC
t6,,htc,One Max (GSM),Qualcomm APQ8064T Snapdragon 600,qualcomm,msm8960,[],3300,5.9,1080x1920,,,,,recovery,fastboot_htc,EDL 900E / 9008 (Sahara + Firehose XML),1,"[""a_only"", ""adb"", ""battery_calibration"", ""battery_health_read"", ""display_pwm_test"", ""edl"", ""evidence_capture"", ""fastboot"", ""frp_owner_assisted"", ""network_reset"", ""official_rom_flash"", ""ota"", ""recovery"", ""sim_reset"", ""storage_health_read"", ""thermal_read"", ""touch_grid_test""]","[""edl_requires_signed_programmer""]","[""lineageos"", ""seed"", ""play"", ""ift""]",desconocido,,,HTC
t6vzw,,htc,One Max (Verizon),Qualcomm APQ8064T Snapdragon 600,qualcomm,msm8960,[],3300,5.9,1080x1920,,,,,recovery,fastboot_htc,EDL 900E / 9008 (Sahara + Firehose XML),1,"[""a_only"", ""adb"", ""battery_calibration"", ""battery_health_read"", ""display_pwm_test"", ""edl"", ""evidence_capture"", ""fastboot"", ""frp_owner_assisted"", ""network_reset"", ""official_rom_flash"", ""ota"", ""recovery"", ""sim_reset"", ""storage_health_read"", ""thermal_read"", ""touch_grid_test""]","[""edl_requires_signed_programmer""]","[""lineageos"", ""seed"", ""ift""]",desconocido,,,HTC
anne,,huawei,P20 Lite,HiSilicon Kirin 659,hisilicon,hi6250,"[""ANE-LX1"", ""ANE-LX2"", ""ANE-LX3"", ""ANE-LX2J"", ""ANE-AL00"", ""ANE-L23"", ""ANE-L22"", ""ANE-L21""]",3000,5.84,1080x2240,,,,,recovery,fastboot_huawei,HiSuite / eDLD 12D1:1502 (largely undocumented),1,"[""a_only"", ""adb"", ""battery_calibration"", ""battery_health_read"", ""display_pwm_test"", ""evidence_capture"", ""fastboot"", ""frp_owner_assisted"", ""hitool"", ""network_reset"", ""official_rom_flash"", ""ota"", ""recovery"", ""sim_reset"", ""storage_health_read"", ""thermal_read"", ""touch_grid_test""]","[""hisilicon_download_unsupported_on_new_soc""]","[""lineageos"", ""seed"", ""play"", ""ift""]",desconocido,,,Huawei
berkeley,,huawei,Honor View 10,HiSilicon Kirin 970,hisilicon,kirin970,"[""BKL-AL00"", ""BKL-AL10"", ""BKL-AL20"", ""BKL-L09"", ""BKL-TL10"", ""BKL-TL20""]",3750,5.99,1080x2160,,,,,recovery,fastboot_huawei,HiSuite / eDLD 12D1:1502 (largely undocumented),1,"[""a_only"", ""adb"", ""battery_calibration"", ""battery_health_read"", ""display_pwm_test"", ""evidence_capture"", ""fastboot"", ""frp_owner_assisted"", ""hitool"", ""network_reset"", ""official_rom_flash"", ""ota"", ""recovery"", ""sim_reset"", ""storage_health_read"", ""thermal_read"", ""touch_grid_test""]","[""hisilicon_download_unsupported_on_new_soc""]","[""lineageos"", ""seed"", ""play"", ""ift""]",desconocido,,,Huawei
charlotte,,huawei,P20 Pro,HiSilicon Kirin 970,hisilicon,kirin970,"[""CLT-AL00"", ""CLT-AL01"", ""CLT-L04"", ""CLT-L09"", ""CLT-L29"", ""CLT-TL00"", ""CLT-TL01""]",4000,6.1,1080x2240,,,,,recovery,fastboot_huawei,HiSuite / eDLD 12D1:1502 (largely undocumented),1,"[""a_only"", ""adb"", ""battery_calibration"", ""battery_health_read"", ""display_pwm_test"", ""evidence_capture"", ""fastboot"", ""frp_owner_assisted"", ""hitool"", ""network_reset"", ""official_rom_flash"", ""ota"", ""recovery"", ""sim_reset"", ""storage_health_read"", ""thermal_read"", ""touch_grid_test""]","[""hisilicon_download_unsupported_on_new_soc""]","[""lineageos"", ""seed"", ""play"", ""ift""]",desconocido,,,Huawei
che10,,huawei,Honor 4x (China Telecom),Qualcomm MSM8916 Snapdragon 410,qualcomm,msm8916,[],,,,,,,,recovery,fastboot_huawei,EDL 900E / 9008 (Sahara + Firehose XML),1,"[""a_only"", ""adb"", ""battery_calibration"", ""battery_health_read"", ""display_pwm_test"", ""edl"", ""evidence_capture"", ""fastboot"", ""frp_owner_assisted"", ""network_reset"", ""official_rom_flash"", ""ota"", ""recovery"", ""sim_reset"", ""storage_health_read"", ""thermal_read"", ""touch_grid_test""]","[""edl_requires_signed_programmer""]","[""lineageos"", ""seed"", ""ift""]",desconocido,,,Huawei
cherry,1,huawei,Honor 4,Qualcomm MSM8916 Snapdragon 410,qualcomm,msm8916,[],3000,5,1280x720,,,,,recovery,fastboot_huawei,EDL 900E / 9008 (Sahara + Firehose XML),1,"[""a_only"", ""adb"", ""battery_calibration"", ""battery_health_read"", ""display_pwm_test"", ""edl"", ""evidence_capture"", ""fastboot"", ""frp_owner_assisted"", ""network_reset"", ""official_rom_flash"", ""ota"", ""recovery"", ""sim_reset"", ""storage_health_read"", ""thermal_read"", ""touch_grid_test""]","[""edl_requires_signed_programmer""]","[""lineageos"", ""seed"", ""ift""]",desconocido,,,Huawei
cherry,2,huawei,Honor 4X,Qualcomm MSM8916 Snapdragon 410,qualcomm,msm8916,[],3000,5.5,1280x720,,,,,recovery,fastboot_huawei,EDL 900E / 9008 (Sahara + Firehose XML),1,"[""a_only"", ""adb"", ""battery_calibration"", ""battery_health_read"", ""display_pwm_test"", ""edl"", ""evidence_capture"", ""fastboot"", ""frp_owner_assisted"", ""network_reset"", ""official_rom_flash"", ""ota"", ""recovery"", ""sim_reset"", ""storage_health_read"", ""thermal_read"", ""touch_grid_test""]","[""edl_requires_signed_programmer""]","[""lineageos"", ""seed"", ""play"", ""ift""]",desconocido,,,Huawei
figo,,huawei,P Smart,HiSilicon Kirin 659,hisilicon,hi6250,"[""FIG-LX1"", ""FIG-LA1"", ""FIG-LX2"", ""FIG-LX3"", ""FIG-TL10"", ""FIG-AL10""]",3000,5.65,1080x2160,,,,,recovery,fastboot_huawei,HiSuite / eDLD 12D1:1502 (largely undocumented),1,"[""a_only"", ""adb"", ""battery_calibration"", ""battery_health_read"", ""display_pwm_test"", ""evidence_capture"", ""fastboot"", ""frp_owner_assisted"", ""hitool"", ""network_reset"", ""official_rom_flash"", ""ota"", ""recovery"", ""sim_reset"", ""storage_health_read"", ""thermal_read"", ""touch_grid_test""]","[""hisilicon_download_unsupported_on_new_soc""]","[""lineageos"", ""seed"", ""play"", ""ift""]",desconocido,,,Huawei
kiwi,,huawei,Honor 5X,Qualcomm MSM8939v2 Snapdragon 616,qualcomm,kiwi,"[""KIW-L24"", ""KIW-L23"", ""KIW-L22"", ""KIW-L21"", ""KIW-AL10"", ""KIW-AL20"", ""KIW-CL00"", ""KIW-UL00"", ""KIW-TL00"", ""KIW-TL00H"", ""KII-L05"", ""KII-L22"", ""KII-L21""]",3000,5.5,1080x1920,16,,1,avb,recovery,fastboot_huawei,EDL 900E / 9008 (Sahara + Firehose XML),1,"[""a_only"", ""adb"", ""battery_calibration"", ""battery_health_read"", ""display_pwm_test"", ""dynamic_partitions"", ""edl"", ""evidence_capture"", ""fastboot"", ""fastbootd"", ""frp_owner_assisted"", ""network_reset"", ""official_rom_flash"", ""ota"", ""recovery"", ""sim_reset"", ""storage_health_read"", ""thermal_read"", ""touch_grid_test"", ""verified_boot""]","[""edl_requires_signed_programmer""]","[""lineageos"", ""seed"", ""play"", ""ift""]",desconocido,,,Huawei
mt2,,huawei,Ascend Mate 2 4G,Qualcomm MSM8928 Snapdragon 400,qualcomm,msm8928,[],4050,6.1,1280x720,,,,,recovery,fastboot_huawei,EDL 900E / 9008 (Sahara + Firehose XML),1,"[""a_only"", ""adb"", ""battery_calibration"", ""battery_health_read"", ""display_pwm_test"", ""edl"", ""evidence_capture"", ""fastboot"", ""frp_owner_assisted"", ""network_reset"", ""official_rom_flash"", ""ota"", ""recovery"", ""sim_reset"", ""storage_health_read"", ""thermal_read"", ""touch_grid_test""]","[""edl_requires_signed_programmer""]","[""lineageos"", ""seed"", ""ift""]",desconocido,,,Huawei
s2,,leeco,Le 2,Qualcomm MSM8976 Snapdragon 652,qualcomm,msm8976,"[""X520"", ""X522"", ""X526"", ""X527""]",3000,5.5,1920x1080,16,,1,avb,recovery,fastboot_nexus,EDL 900E / 9008 (Sahara + Firehose XML),1,"[""a_only"", ""adb"", ""battery_calibration"", ""battery_health_read"", ""display_pwm_test"", ""dynamic_partitions"", ""edl"", ""evidence_capture"", ""fastboot"", ""fastbootd"", ""frp_owner_assisted"", ""network_reset"", ""official_rom_flash"", ""ota"", ""recovery"", ""sim_reset"", ""storage_health_read"", ""thermal_read"", ""touch_grid_test"", ""unlock_official"", ""verified_boot""]","[""edl_requires_signed_programmer""]","[""lineageos"", ""seed"", ""play"", ""ift""]",desconocido,,,LeEco
x2,,leeco,Le Max2,Qualcomm MSM8996 Snapdragon 820,qualcomm,msm8996,"[""LEX820"", ""LEX821"", ""LEX822"", ""LEX829""]",3100,5.7,2560x1440,17,,1,avb,recovery,fastboot_nexus,EDL 900E / 9008 (Sahara + Firehose XML),1,"[""a_only"", ""adb"", ""battery_calibration"", ""battery_health_read"", ""display_pwm_test"", ""dynamic_partitions"", ""edl"", ""evidence_capture"", ""fastboot"", ""fastbootd"", ""frp_owner_assisted"", ""network_reset"", ""official_rom_flash"", ""ota"", ""recovery"", ""sim_reset"", ""storage_health_read"", ""thermal_read"", ""touch_grid_test"", ""unlock_official"", ""verified_boot""]","[""edl_requires_signed_programmer""]","[""lineageos"", ""seed"", ""play"", ""ift""]",desconocido,,,LeEco
zl1,1,leeco,Le Pro3,Qualcomm MSM8996 Pro Snapdragon 821,qualcomm,msm8996,"[""LEX720"", ""LEX722"", ""LEX727""]",4070,5.5,1920x1080,17,,1,avb,recovery,fastboot_nexus,EDL 900E / 9008 (Sahara + Firehose XML),1,"[""a_only"", ""adb"", ""battery_calibration"", ""battery_health_read"", ""display_pwm_test"", ""dynamic_partitions"", ""edl"", ""evidence_capture"", ""fastboot"", ""fastbootd"", ""frp_owner_assisted"", ""network_reset"", ""official_rom_flash"", ""ota"", ""recovery"", ""sim_reset"", ""storage_health_read"", ""thermal_read"", ""touch_grid_test"", ""unlock_official"", ""verified_boot""]","[""edl_requires_signed_programmer""]","[""lineageos"", ""seed"", ""play"", ""ift""]",desconocido,,,LeEco
zl1,2,leeco,Le Pro3 Elite,Qualcomm MSM8996 Snapdragon 820,qualcomm,msm8996,"[""LEX720"", ""LEX722"", ""LEX727""]",4070,5.5,1920x1080,17,,1,avb,recovery,fastboot_nexus,EDL 900E / 9008 (Sahara + Firehose XML),1,"[""a_only"", ""adb"", ""battery_calibration"", ""battery_health_read"", ""display_pwm_test"", ""dynamic_partitions"", ""edl"", ""evidence_capture"", ""fastboot"", ""fastbootd"", ""frp_owner_assisted"", ""network_reset"", ""official_rom_flash"", ""ota"", ""recovery"", ""sim_reset"", ""storage_health_read"", ""thermal_read"", ""touch_grid_test"", ""unlock_official"", ""verified_boot""]","[""edl_requires_signed_programmer""]","[""lineageos"", ""seed"", ""ift""]",desconocido,,,LeEco
A6020,1,lenovo,Vibe K5,Qualcomm MSM8929 Snapdragon 415,qualcomm,msm8916,"[""A6020a40"", ""A6020a41"", ""A6020a46"", ""A6020l36"", ""A6020l37""]",2750,5,1080x1920,,,,,recovery,fastboot_unlocked,EDL 900E / 9008 (Sahara + Firehose XML),1,"[""a_only"", ""adb"", ""battery_calibration"", ""battery_health_read"", ""display_pwm_test"", ""edl"", ""evidence_capture"", ""fastboot"", ""frp_owner_assisted"", ""network_reset"", ""official_rom_flash"", ""ota"", ""recovery"", ""sim_reset"", ""storage_health_read"", ""thermal_read"", ""touch_grid_test"", ""unlock_official""]","[""edl_requires_signed_programmer""]","[""lineageos"", ""seed"", ""ift""]",desconocido,,,Lenovo
A6020,2,lenovo,Vibe K5 Plus,Qualcomm MSM8939v2 Snapdragon 616,qualcomm,msm8916,"[""A6020a40"", ""A6020a41"", ""A6020a46"", ""A6020l36"", ""A6020l37""]",2750,5,1080x1920,,,,,recovery,fastboot_unlocked,EDL 900E / 9008 (Sahara + Firehose XML),1,"[""a_only"", ""adb"", ""battery_calibration"", ""battery_health_read"", ""display_pwm_test"", ""edl"", ""evidence_capture"", ""fastboot"", ""frp_owner_assisted"", ""network_reset"", ""official_rom_flash"", ""ota"", ""recovery"", ""sim_reset"", ""storage_health_read"", ""thermal_read"", ""touch_grid_test"", ""unlock_official""]","[""edl_requires_signed_programmer""]","[""lineageos"", ""seed"", ""ift""]",desconocido,,,Lenovo
YTX703F,,lenovo,Yoga Tab 3 Plus Wi-Fi,Qualcomm APQ8076 Snapdragon 652,qualcomm,msm8976,"[""YTX703F""]",9600,10.1,2560x1600,17,,1,avb,recovery,fastboot_lenovo,EDL 900E / 9008 (Sahara + Firehose XML),1,"[""a_only"", ""adb"", ""battery_calibration"", ""battery_health_read"", ""display_pwm_test"", ""dynamic_partitions"", ""edl"", ""evidence_capture"", ""fastboot"", ""fastbootd"", ""frp_owner_assisted"", ""network_reset"", ""official_rom_flash"", ""ota"", ""recovery"", ""sim_reset"", ""storage_health_read"", ""thermal_read"", ""touch_grid_test"", ""unlock_official"", ""verified_boot""]","[""edl_requires_signed_programmer""]","[""lineageos"", ""seed"", ""ift""]",desconocido,,,Lenovo
YTX703L,,lenovo,Yoga Tab 3 Plus LTE,Qualcomm MSM8976 Snapdragon 652,qualcomm,msm8976,"[""YTX703L"", ""YTX703X""]",9600,10.1,2560x1600,17,,1,avb,recovery,fastboot_lenovo,EDL 900E / 9008 (Sahara + Firehose XML),1,"[""a_only"", ""adb"", ""battery_calibration"", ""battery_health_read"", ""display_pwm_test"", ""dynamic_partitions"", ""edl"", ""evidence_capture"", ""fastboot"", ""fastbootd"", ""frp_owner_assisted"", ""network_reset"", ""official_rom_flash"", ""ota"", ""recovery"", ""sim_reset"", ""storage_health_read"", ""thermal_read"", ""touch_grid_test"", ""unlock_official"", ""verified_boot""]","[""edl_requires_signed_programmer""]","[""lineageos"", ""seed"", ""ift""]",desconocido,,,Lenovo
capri,3,lenovo,K13 Note,Qualcomm SM4250 Snapdragon 460,qualcomm,sm6225,"[""XT2127-3""]",5000,6.5,720x1600,22,1,1,avb,boot,fastboot_motorola,EDL 900E / 9008 (Sahara + Firehose XML),1,"[""a_b_slots"", ""adb"", ""battery_calibration"", ""battery_health_read"", ""display_pwm_test"", ""dynamic_partitions"", ""edl"", ""evidence_capture"", ""fastboot"", ""fastbootd"", ""frp_owner_assisted"", ""network_reset"", ""official_rom_flash"", ""ota"", ""recovery"", ""sim_reset"", ""storage_health_read"", ""thermal_read"", ""touch_grid_test"", ""verified_boot""]","[""edl_requires_signed_programmer"", ""pre_install_required:needs_specific_android_fw"", ""recovery_flash_target_is:boot""]","[""lineageos"", ""seed"", ""play"", ""ift""]",desconocido,,,Lenovo
caprip,2,lenovo,K13 Pro,Qualcomm SM6115 Snapdragon 662,qualcomm,sm6225,"[""XT2129-3""]",5000,6.5,720x1600,22,1,1,avb,boot,fastboot_motorola,EDL 900E / 9008 (Sahara + Firehose XML),1,"[""a_b_slots"", ""adb"", ""battery_calibration"", ""battery_health_read"", ""display_pwm_test"", ""dynamic_partitions"", ""edl"", ""evidence_capture"", ""fastboot"", ""fastbootd"", ""frp_owner_assisted"", ""network_reset"", ""official_rom_flash"", ""ota"", ""recovery"", ""sim_reset"", ""storage_health_read"", ""thermal_read"", ""touch_grid_test"", ""verified_boot""]","[""edl_requires_signed_programmer"", ""pre_install_required:needs_specific_android_fw"", ""recovery_flash_target_is:boot""]","[""lineageos"", ""seed"", ""play"", ""ift""]",desconocido,,,Lenovo
cebu,2,lenovo,K12 Pro,Qualcomm SM6115 Snapdragon 662,qualcomm,sm6225,"[""XT2091-7"", ""XT2091-8""]",6000,6.8,720x1640,22,1,1,avb,recovery,fastboot_motorola,EDL 900E / 9008 (Sahara + Firehose XML),1,"[""a_b_slots"", ""adb"", ""battery_calibration"", ""battery_health_read"", ""display_pwm_test"", ""dynamic_partitions"", ""edl"", ""evidence_capture"", ""fastboot"", ""fastbootd"", ""frp_owner_assisted"", ""network_reset"", ""official_rom_flash"", ""ota"", ""recovery"", ""sim_reset"", ""storage_health_read"", ""thermal_read"", ""touch_grid_test"", ""verified_boot""]","[""edl_requires_signed_programmer"", ""pre_install_required:needs_specific_android_fw""]","[""lineageos"", ""seed"", ""play"", ""ift""]",desconocido,,,Lenovo
guam,2,lenovo,K12,Qualcomm SM4250 Snapdragon 460,qualcomm,sm6225,"[""XT2081-4""]",5000,6.5,720x1600,22,1,1,avb,recovery,fastboot_motorola,EDL 900E / 9008 (Sahara + Firehose XML),1,"[""a_b_slots"", ""adb"", ""battery_calibration"", ""battery_health_read"", ""display_pwm_test"", ""dynamic_partitions"", ""edl"", ""evidence_capture"", ""fastboot"", ""fastbootd"", ""frp_owner_assisted"", ""network_reset"", ""official_rom_flash"", ""ota"", ""recovery"", ""sim_reset"", ""storage_health_read"", ""thermal_read"", ""touch_grid_test"", ""verified_boot""]","[""edl_requires_signed_programmer"", ""pre_install_required:needs_specific_android_fw""]","[""lineageos"", ""seed"", ""play"", ""ift""]",desconocido,,,Lenovo
guamp,3,lenovo,K12 Note,Qualcomm SM6115 Snapdragon 662,qualcomm,sm6225,"[""XT2083-4""]",5000,6.5,720x1600,22,1,1,avb,recovery,fastboot_motorola,EDL 900E / 9008 (Sahara + Firehose XML),1,"[""a_b_slots"", ""adb"", ""battery_calibration"", ""battery_health_read"", ""display_pwm_test"", ""dynamic_partitions"", ""edl"", ""evidence_capture"", ""fastboot"", ""fastbootd"", ""frp_owner_assisted"", ""network_reset"", ""official_rom_flash"", ""ota"", ""recovery"", ""sim_reset"", ""storage_health_read"", ""thermal_read"", ""touch_grid_test"", ""verified_boot""]","[""edl_requires_signed_programmer"", ""pre_install_required:needs_specific_android_fw""]","[""lineageos"", ""seed"", ""play"", ""ift""]",desconocido,,,Lenovo
heart,,lenovo,Z5 Pro GT,Qualcomm SM8150 Snapdragon 855,qualcomm,sm8150,"[""L78032""]",3350,6.39,1080x2340,22,,1,avb,recovery,fastboot_lenovo,EDL 900E / 9008 (Sahara + Firehose XML),1,"[""a_only"", ""adb"", ""battery_calibration"", ""battery_health_read"", ""display_pwm_test"", ""dynamic_partitions"", ""edl"", ""evidence_capture"", ""fastboot"", ""fastbootd"", ""frp_owner_assisted"", ""network_reset"", ""official_rom_flash"", ""ota"", ""recovery"", ""sim_reset"", ""storage_health_read"", ""thermal_read"", ""touch_grid_test"", ""unlock_official"", ""verified_boot""]","[""edl_requires_signed_programmer"", ""pre_install_required:needs_specific_android_fw""]","[""lineageos"", ""seed"", ""play"", ""ift""]",desconocido,,,Lenovo
kingdom,,lenovo,Vibe Z2 Pro,Qualcomm MSM8974AC Snapdragon 801,qualcomm,msm8974,"[""kingdom_row (ROW)"", ""kingdomt (CN)""]",4000,6,2560x1440,,,,,recovery,fastboot_custom,EDL 900E / 9008 (Sahara + Firehose XML),1,"[""a_only"", ""adb"", ""battery_calibration"", ""battery_health_read"", ""display_pwm_test"", ""edl"", ""evidence_capture"", ""fastboot"", ""frp_owner_assisted"", ""network_reset"", ""official_rom_flash"", ""ota"", ""recovery"", ""sim_reset"", ""storage_health_read"", ""thermal_read"", ""touch_grid_test""]","[""edl_requires_signed_programmer""]","[""lineageos"", ""seed"", ""play"", ""ift""]",desconocido,,,Lenovo
kuntao,,lenovo,P2,Qualcomm MSM8953 Snapdragon 625,qualcomm,msm8953,"[""P2a42""]",5100,5.5,1080x1920,17,,1,avb,recovery,fastboot_lenovo,EDL 900E / 9008 (Sahara + Firehose XML),1,"[""a_only"", ""adb"", ""battery_calibration"", ""battery_health_read"", ""display_pwm_test"", ""dynamic_partitions"", ""edl"", ""evidence_capture"", ""fastboot"", ""fastbootd"", ""frp_owner_assisted"", ""network_reset"", ""official_rom_flash"", ""ota"", ""recovery"", ""sim_reset"", ""storage_health_read"", ""thermal_read"", ""touch_grid_test"", ""verified_boot""]","[""edl_requires_signed_programmer""]","[""lineageos"", ""seed"", ""play"", ""ift""]",desconocido,,,Lenovo
zippo,,lenovo,Z6 Pro,Qualcomm SM8150 Snapdragon 855,qualcomm,sm8150,"[""L78051""]",4000,6.39,1080x2340,22,,1,avb,recovery,fastboot_lenovo,EDL 900E / 9008 (Sahara + Firehose XML),1,"[""a_only"", ""adb"", ""battery_calibration"", ""battery_health_read"", ""display_pwm_test"", ""dynamic_partitions"", ""edl"", ""evidence_capture"", ""fastboot"", ""fastbootd"", ""frp_owner_assisted"", ""network_reset"", ""official_rom_flash"", ""ota"", ""recovery"", ""sim_reset"", ""storage_health_read"", ""thermal_read"", ""touch_grid_test"", ""unlock_official"", ""verified_boot""]","[""edl_requires_signed_programmer"", ""pre_install_required:needs_specific_android_fw""]","[""lineageos"", ""seed"", ""play"", ""ift""]",desconocido,,,Lenovo
alphaplus,1,lg,G8 ThinQ,Qualcomm SM8150 Snapdragon 855,qualcomm,sm8150,"[""LM-G820UM"", ""LM-G820QM""]",3500,6.1,3120x1440,20,1,1,avb,boot,dd,EDL 900E / 9008 (Sahara + Firehose XML),1,"[""a_b_slots"", ""adb"", ""battery_calibration"", ""battery_health_read"", ""display_pwm_test"", ""dynamic_partitions"", ""edl"", ""evidence_capture"", ""fastboot"", ""fastbootd"", ""frp_owner_assisted"", ""network_reset"", ""official_rom_flash"", ""ota"", ""recovery"", ""sim_reset"", ""storage_health_read"", ""thermal_read"", ""touch_grid_test"", ""verified_boot""]","[""edl_requires_signed_programmer"", ""pre_install_required:needs_specific_android_fw"", ""recovery_flash_target_is:boot""]","[""lineageos"", ""seed"", ""ift""]",desconocido,,,LG
alphaplus,2,lg,G8 ThinQ (Korea),Qualcomm SM8150 Snapdragon 855,qualcomm,sm8150,"[""LM-G820N""]",3500,6.1,3120x1440,20,1,1,avb,boot,dd,EDL 900E / 9008 (Sahara + Firehose XML),1,"[""a_b_slots"", ""adb"", ""battery_calibration"", ""battery_health_read"", ""display_pwm_test"", ""dynamic_partitions"", ""edl"", ""evidence_capture"", ""fastboot"", ""fastbootd"", ""frp_owner_assisted"", ""network_reset"", ""official_rom_flash"", ""ota"", ""recovery"", ""sim_reset"", ""storage_health_read"", ""thermal_read"", ""touch_grid_test"", ""verified_boot""]","[""edl_requires_signed_programmer"", ""pre_install_required:needs_specific_android_fw"", ""recovery_flash_target_is:boot""]","[""lineageos"", ""seed"", ""play"", ""ift""]",desconocido,,,LG
betalm,,lg,G8s ThinQ,Qualcomm SM8150 Snapdragon 855,qualcomm,sm8150,"[""LM-G810EA"", ""LM-G810EAW"", ""LM-G810RA""]",3550,6.2,2248x1440,20,1,1,avb,boot,fastboot_lg,EDL 900E / 9008 (Sahara + Firehose XML),1,"[""a_b_slots"", ""adb"", ""battery_calibration"", ""battery_health_read"", ""display_pwm_test"", ""dynamic_partitions"", ""edl"", ""evidence_capture"", ""fastboot"", ""fastbootd"", ""frp_owner_assisted"", ""network_reset"", ""official_rom_flash"", ""ota"", ""recovery"", ""sim_reset"", ""storage_health_read"", ""thermal_read"", ""touch_grid_test"", ""verified_boot""]","[""edl_requires_signed_programmer"", ""pre_install_required:needs_specific_android_fw"", ""recovery_flash_target_is:boot""]","[""lineageos"", ""seed"", ""play"", ""ift""]",desconocido,,,LG
caymanslm,,lg,Velvet,Qualcomm SDM845 Snapdragon 845,qualcomm,sdm845,"[""LM-G910EMW"", ""LM-G910HM"", ""LM-G910HMW""]",4300,6.8,2460x1080,21,1,1,avb,recovery,fastboot_lg,EDL 900E / 9008 (Sahara + Firehose XML),1,"[""a_b_slots"", ""adb"", ""battery_calibration"", ""battery_health_read"", ""display_pwm_test"", ""dynamic_partitions"", ""edl"", ""evidence_capture"", ""fastboot"", ""fastbootd"", ""frp_owner_assisted"", ""network_reset"", ""official_rom_flash"", ""ota"", ""recovery"", ""sim_reset"", ""storage_health_read"", ""thermal_read"", ""touch_grid_test"", ""verified_boot""]","[""edl_requires_signed_programmer"", ""pre_install_required:needs_specific_android_fw""]","[""lineageos"", ""seed"", ""play"", ""ift""]",desconocido,,,LG
d800,,lg,G2 (AT&T),Qualcomm MSM8974 Snapdragon 800,qualcomm,msm8974,[],3000,5.2,1920x1080,17,,1,avb,recovery,dd,EDL 900E / 9008 (Sahara + Firehose XML),1,"[""a_only"", ""adb"", ""battery_calibration"", ""battery_health_read"", ""display_pwm_test"", ""dynamic_partitions"", ""edl"", ""evidence_capture"", ""fastboot"", ""fastbootd"", ""frp_owner_assisted"", ""network_reset"", ""official_rom_flash"", ""ota"", ""recovery"", ""sim_reset"", ""storage_health_read"", ""thermal_read"", ""touch_grid_test"", ""verified_boot""]","[""edl_requires_signed_programmer"", ""pre_install_required:g2-common""]","[""lineageos"", ""seed"", ""play"", ""ift""]",desconocido,,,LG
d801,,lg,G2 (T-Mobile),Qualcomm MSM8974 Snapdragon 800,qualcomm,msm8974,[],3000,5.2,1920x1080,17,,1,avb,recovery,dd,EDL 900E / 9008 (Sahara + Firehose XML),1,"[""a_only"", ""adb"", ""battery_calibration"", ""battery_health_read"", ""display_pwm_test"", ""dynamic_partitions"", ""edl"", ""evidence_capture"", ""fastboot"", ""fastbootd"", ""frp_owner_assisted"", ""network_reset"", ""official_rom_flash"", ""ota"", ""recovery"", ""sim_reset"", ""storage_health_read"", ""thermal_read"", ""touch_grid_test"", ""verified_boot""]","[""edl_requires_signed_programmer"", ""pre_install_required:g2-common""]","[""lineageos"", ""seed"", ""ift""]",desconocido,,,LG
d802,,lg,G2 (International),Qualcomm MSM8974 Snapdragon 800,qualcomm,msm8974,[],3000,5.2,1920x1080,17,,1,avb,recovery,dd,EDL 900E / 9008 (Sahara + Firehose XML),1,"[""a_only"", ""adb"", ""battery_calibration"", ""battery_health_read"", ""display_pwm_test"", ""dynamic_partitions"", ""edl"", ""evidence_capture"", ""fastboot"", ""fastbootd"", ""frp_owner_assisted"", ""network_reset"", ""official_rom_flash"", ""ota"", ""recovery"", ""sim_reset"", ""storage_health_read"", ""thermal_read"", ""touch_grid_test"", ""verified_boot""]","[""edl_requires_signed_programmer"", ""pre_install_required:g2-common""]","[""lineageos"", ""seed"", ""ift""]",desconocido,,,LG
d803,,lg,G2 (Canadian),Qualcomm MSM8974 Snapdragon 800,qualcomm,msm8974,[],3000,5.2,1920x1080,17,,1,avb,recovery,dd,EDL 900E / 9008 (Sahara + Firehose XML),1,"[""a_only"", ""adb"", ""battery_calibration"", ""battery_health_read"", ""display_pwm_test"", ""dynamic_partitions"", ""edl"", ""evidence_capture"", ""fastboot"", ""fastbootd"", ""frp_owner_assisted"", ""network_reset"", ""official_rom_flash"", ""ota"", ""recovery"", ""sim_reset"", ""storage_health_read"", ""thermal_read"", ""touch_grid_test"", ""verified_boot""]","[""edl_requires_signed_programmer""]","[""lineageos"", ""seed"", ""ift""]",desconocido,,,LG
d850,,lg,G3 (AT&T),Qualcomm MSM8974AC Snapdragon 801,qualcomm,g3,[],3000,5.5,2560x1440,17,,1,avb,recovery,dd,EDL 900E / 9008 (Sahara + Firehose XML),1,"[""a_only"", ""adb"", ""battery_calibration"", ""battery_health_read"", ""display_pwm_test"", ""dynamic_partitions"", ""edl"", ""evidence_capture"", ""fastboot"", ""fastbootd"", ""frp_owner_assisted"", ""network_reset"", ""official_rom_flash"", ""ota"", ""recovery"", ""sim_reset"", ""storage_health_read"", ""thermal_read"", ""touch_grid_test"", ""verified_boot""]","[""edl_requires_signed_programmer""]","[""lineageos"", ""seed"", ""ift""]",desconocido,,,LG
d851,,lg,G3 (T-Mobile),Qualcomm MSM8974AC Snapdragon 801,qualcomm,g3,[],3000,5.5,2560x1440,17,,1,avb,recovery,dd,EDL 900E / 9008 (Sahara + Firehose XML),1,"[""a_only"", ""adb"", ""battery_calibration"", ""battery_health_read"", ""display_pwm_test"", ""dynamic_partitions"", ""edl"", ""evidence_capture"", ""fastboot"", ""fastbootd"", ""frp_owner_assisted"", ""network_reset"", ""official_rom_flash"", ""ota"", ""recovery"", ""sim_reset"", ""storage_health_read"", ""thermal_read"", ""touch_grid_test"", ""verified_boot""]","[""edl_requires_signed_programmer""]","[""lineageos"", ""seed"", ""ift""]",desconocido,,,LG
d852,,lg,G3 (Canada),Qualcomm MSM8974AC Snapdragon 801,qualcomm,g3,[],3000,5.5,2560x1440,17,,1,avb,recovery,dd,EDL 900E / 9008 (Sahara + Firehose XML),1,"[""a_only"", ""adb"", ""battery_calibration"", ""battery_health_read"", ""display_pwm_test"", ""dynamic_partitions"", ""edl"", ""evidence_capture"", ""fastboot"", ""fastbootd"", ""frp_owner_assisted"", ""network_reset"", ""official_rom_flash"", ""ota"", ""recovery"", ""sim_reset"", ""storage_health_read"", ""thermal_read"", ""touch_grid_test"", ""verified_boot""]","[""edl_requires_signed_programmer""]","[""lineageos"", ""seed"", ""ift""]",desconocido,,,LG
d855,,lg,G3 (International),Qualcomm MSM8974AC Snapdragon 801,qualcomm,g3,[],3000,5.5,2560x1440,17,,1,avb,recovery,dd,EDL 900E / 9008 (Sahara + Firehose XML),1,"[""a_only"", ""adb"", ""battery_calibration"", ""battery_health_read"", ""display_pwm_test"", ""dynamic_partitions"", ""edl"", ""evidence_capture"", ""fastboot"", ""fastbootd"", ""frp_owner_assisted"", ""network_reset"", ""official_rom_flash"", ""ota"", ""recovery"", ""sim_reset"", ""storage_health_read"", ""thermal_read"", ""touch_grid_test"", ""verified_boot""]","[""edl_requires_signed_programmer""]","[""lineageos"", ""seed"", ""ift""]",desconocido,,,LG
f400,,lg,G3 (Korea),Qualcomm MSM8974AC Snapdragon 801,qualcomm,g3,[],3000,5.5,2560x1440,17,,1,avb,recovery,dd,EDL 900E / 9008 (Sahara + Firehose XML),1,"[""a_only"", ""adb"", ""battery_calibration"", ""battery_health_read"", ""display_pwm_test"", ""dynamic_partitions"", ""edl"", ""evidence_capture"", ""fastboot"", ""fastbootd"", ""frp_owner_assisted"", ""network_reset"", ""official_rom_flash"", ""ota"", ""recovery"", ""sim_reset"", ""storage_health_read"", ""thermal_read"", ""touch_grid_test"", ""verified_boot""]","[""edl_requires_signed_programmer""]","[""lineageos"", ""seed"", ""play"", ""ift""]",desconocido,,,LG
flashlmdd,,lg,V50 ThinQ,Qualcomm SM8150 Snapdragon 855,qualcomm,sm8150,"[""LM-V500EM"", ""LM-V500N""]",4000,6.2,3120x1440,20,1,1,avb,boot,dd,EDL 900E / 9008 (Sahara + Firehose XML),1,"[""a_b_slots"", ""adb"", ""battery_calibration"", ""battery_health_read"", ""display_pwm_test"", ""dynamic_partitions"", ""edl"", ""evidence_capture"", ""fastboot"", ""fastbootd"", ""frp_owner_assisted"", ""network_reset"", ""official_rom_flash"", ""ota"", ""recovery"", ""sim_reset"", ""storage_health_read"", ""thermal_read"", ""touch_grid_test"", ""verified_boot""]","[""edl_requires_signed_programmer"", ""pre_install_required:needs_specific_android_fw"", ""recovery_flash_target_is:boot""]","[""lineageos"", ""seed"", ""play"", ""ift""]",desconocido,,,LG
g2m,,lg,G2 Mini,Qualcomm MSM8226 Snapdragon 400,qualcomm,msm8226,[],2440,4.8,540x960,,,,,recovery,dd,EDL 900E / 9008 (Sahara + Firehose XML),1,"[""a_only"", ""adb"", ""battery_calibration"", ""battery_health_read"", ""display_pwm_test"", ""edl"", ""evidence_capture"", ""fastboot"", ""frp_owner_assisted"", ""network_reset"", ""official_rom_flash"", ""ota"", ""recovery"", ""sim_reset"", ""storage_health_read"", ""thermal_read"", ""touch_grid_test""]","[""edl_requires_signed_programmer""]","[""lineageos"", ""seed"", ""play"", ""ift""]",desconocido,,,LG
g710n,,lg,G7 ThinQ (G710N),Qualcomm SDM845 Snapdragon 845,qualcomm,sdm845,"[""LM-G710N""]",3000,6.1,3120x1440,21,1,1,avb,boot,dd,EDL 900E / 9008 (Sahara + Firehose XML),1,"[""a_b_slots"", ""adb"", ""battery_calibration"", ""battery_health_read"", ""display_pwm_test"", ""dynamic_partitions"", ""edl"", ""evidence_capture"", ""fastboot"", ""fastbootd"", ""frp_owner_assisted"", ""network_reset"", ""official_rom_flash"", ""ota"", ""recovery"", ""sim_reset"", ""storage_health_read"", ""thermal_read"", ""touch_grid_test"", ""verified_boot""]","[""edl_requires_signed_programmer"", ""pre_install_required:needs_specific_android_fw"", ""recovery_flash_target_is:boot""]","[""lineageos"", ""seed"", ""ift""]",desconocido,,,LG
g710ulm,,lg,G7 ThinQ (G710ULM/VMX),Qualcomm SDM845 Snapdragon 845,qualcomm,sdm845,"[""LM-G710ULM"", ""LM-G710VMX""]",3000,6.1,3120x1440,21,1,1,avb,boot,dd,EDL 900E / 9008 (Sahara + Firehose XML),1,"[""a_b_slots"", ""adb"", ""battery_calibration"", ""battery_health_read"", ""display_pwm_test"", ""dynamic_partitions"", ""edl"", ""evidence_capture"", ""fastboot"", ""fastbootd"", ""frp_owner_assisted"", ""network_reset"", ""official_rom_flash"", ""ota"", ""recovery"", ""sim_reset"", ""storage_health_read"", ""thermal_read"", ""touch_grid_test"", ""verified_boot""]","[""edl_requires_signed_programmer"", ""pre_install_required:needs_specific_android_fw"", ""recovery_flash_target_is:boot""]","[""lineageos"", ""seed"", ""ift""]",desconocido,,,LG
h811,,lg,G4 (T-Mobile),Qualcomm MSM8992 Snapdragon 808,qualcomm,msm8992,[],3000,5.5,2560x1440,,,,,recovery,fastboot_nexus,EDL 900E / 9008 (Sahara + Firehose XML),1,"[""a_only"", ""adb"", ""battery_calibration"", ""battery_health_read"", ""display_pwm_test"", ""edl"", ""evidence_capture"", ""fastboot"", ""frp_owner_assisted"", ""network_reset"", ""official_rom_flash"", ""ota"", ""recovery"", ""sim_reset"", ""storage_health_read"", ""thermal_read"", ""touch_grid_test"", ""unlock_official""]","[""edl_requires_signed_programmer""]","[""lineageos"", ""seed"", ""ift""]",desconocido,,,LG
h815,,lg,G4 (International),Qualcomm MSM8992 Snapdragon 808,qualcomm,msm8992,[],3000,5.5,2560x1440,,,,,recovery,fastboot_lg,EDL 900E / 9008 (Sahara + Firehose XML),1,"[""a_only"", ""adb"", ""battery_calibration"", ""battery_health_read"", ""display_pwm_test"", ""edl"", ""evidence_capture"", ""fastboot"", ""frp_owner_assisted"", ""network_reset"", ""official_rom_flash"", ""ota"", ""recovery"", ""sim_reset"", ""storage_health_read"", ""thermal_read"", ""touch_grid_test""]","[""edl_requires_signed_programmer""]","[""lineageos"", ""seed"", ""ift""]",desconocido,,,LG
h830,,lg,G5 (T-Mobile),Qualcomm MSM8996 Snapdragon 820,qualcomm,msm8996,[],2800,5.3,2560x1440,21,,1,avb,recovery,fastboot_nexus,EDL 900E / 9008 (Sahara + Firehose XML),1,"[""a_only"", ""adb"", ""battery_calibration"", ""battery_health_read"", ""display_pwm_test"", ""dynamic_partitions"", ""edl"", ""evidence_capture"", ""fastboot"", ""fastbootd"", ""frp_owner_assisted"", ""network_reset"", ""official_rom_flash"", ""ota"", ""recovery"", ""sim_reset"", ""storage_health_read"", ""thermal_read"", ""touch_grid_test"", ""unlock_official"", ""verified_boot""]","[""edl_requires_signed_programmer"", ""pre_install_required:needs_specific_android_fw""]","[""lineageos"", ""seed"", ""ift""]",desconocido,,,LG
h850,,lg,G5 (International),Qualcomm MSM8996 Snapdragon 820,qualcomm,msm8996,[],2800,5.3,2560x1440,21,,1,avb,recovery,fastboot_lg,EDL 900E / 9008 (Sahara + Firehose XML),1,"[""a_only"", ""adb"", ""battery_calibration"", ""battery_health_read"", ""display_pwm_test"", ""dynamic_partitions"", ""edl"", ""evidence_capture"", ""fastboot"", ""fastbootd"", ""frp_owner_assisted"", ""network_reset"", ""official_rom_flash"", ""ota"", ""recovery"", ""sim_reset"", ""storage_health_read"", ""thermal_read"", ""touch_grid_test"", ""verified_boot""]","[""edl_requires_signed_programmer"", ""pre_install_required:needs_specific_android_fw""]","[""lineageos"", ""seed"", ""ift""]",desconocido,,,LG
h870,,lg,G6 (EU Unlocked),Qualcomm MSM8996 Pro Snapdragon 821,qualcomm,msm8996,[],3300,5.7,2880x1440,21,,1,avb,recovery,fastboot_lg,EDL 900E / 9008 (Sahara + Firehose XML),1,"[""a_only"", ""adb"", ""battery_calibration"", ""battery_health_read"", ""display_pwm_test"", ""dynamic_partitions"", ""edl"", ""evidence_capture"", ""fastboot"", ""fastbootd"", ""frp_owner_assisted"", ""network_reset"", ""official_rom_flash"", ""ota"", ""recovery"", ""sim_reset"", ""storage_health_read"", ""thermal_read"", ""touch_grid_test"", ""verified_boot""]","[""edl_requires_signed_programmer"", ""pre_install_required:h870""]","[""lineageos"", ""seed"", ""ift""]",desconocido,,,LG
h870d,,lg,G6 (EU Unlocked - ENG BL),Qualcomm MSM8996 Pro Snapdragon 821,qualcomm,msm8996,[],3300,5.7,2880x1440,21,,1,avb,recovery,fastboot_custom,EDL 900E / 9008 (Sahara + Firehose XML),1,"[""a_only"", ""adb"", ""battery_calibration"", ""battery_health_read"", ""display_pwm_test"", ""dynamic_partitions"", ""edl"", ""evidence_capture"", ""fastboot"", ""fastbootd"", ""frp_owner_assisted"", ""network_reset"", ""official_rom_flash"", ""ota"", ""recovery"", ""sim_reset"", ""storage_health_read"", ""thermal_read"", ""touch_grid_test"", ""verified_boot""]","[""edl_requires_signed_programmer"", ""pre_install_required:h870""]","[""lineageos"", ""seed"", ""ift""]",desconocido,,,LG
h872,,lg,G6 (T-Mobile),Qualcomm MSM8996 Pro Snapdragon 821,qualcomm,msm8996,[],3300,5.7,2880x1440,21,,1,avb,recovery,fastboot_lg,EDL 900E / 9008 (Sahara + Firehose XML),1,"[""a_only"", ""adb"", ""battery_calibration"", ""battery_health_read"", ""display_pwm_test"", ""dynamic_partitions"", ""edl"", ""evidence_capture"", ""fastboot"", ""fastbootd"", ""frp_owner_assisted"", ""network_reset"", ""official_rom_flash"", ""ota"", ""recovery"", ""sim_reset"", ""storage_health_read"", ""thermal_read"", ""touch_grid_test"", ""verified_boot""]","[""edl_requires_signed_programmer""]","[""lineageos"", ""seed"", ""ift""]",desconocido,,,LG
h873,,lg,G6 (Canada - ENG BL),Qualcomm MSM8996 Pro Snapdragon 821,qualcomm,msm8996,[],3300,5.7,2880x1440,21,,1,avb,recovery,fastboot_custom,EDL 900E / 9008 (Sahara + Firehose XML),1,"[""a_only"", ""adb"", ""battery_calibration"", ""battery_health_read"", ""display_pwm_test"", ""dynamic_partitions"", ""edl"", ""evidence_capture"", ""fastboot"", ""fastbootd"", ""frp_owner_assisted"", ""network_reset"", ""official_rom_flash"", ""ota"", ""recovery"", ""sim_reset"", ""storage_health_read"", ""thermal_read"", ""touch_grid_test"", ""verified_boot""]","[""edl_requires_signed_programmer"", ""pre_install_required:h870""]","[""lineageos"", ""seed"", ""ift""]",desconocido,,,LG
h910,,lg,V20 (AT&T),Qualcomm MSM8996 Snapdragon 820,qualcomm,msm8996,[],3200,5.7,2560x1440,21,,1,avb,recovery,fastboot_custom,EDL 900E / 9008 (Sahara + Firehose XML),1,"[""a_only"", ""adb"", ""battery_calibration"", ""battery_health_read"", ""display_pwm_test"", ""dynamic_partitions"", ""edl"", ""evidence_capture"", ""fastboot"", ""fastbootd"", ""frp_owner_assisted"", ""network_reset"", ""official_rom_flash"", ""ota"", ""recovery"", ""sim_reset"", ""storage_health_read"", ""thermal_read"", ""touch_grid_test"", ""verified_boot""]","[""edl_requires_signed_programmer"", ""pre_install_required:needs_specific_android_fw""]","[""lineageos"", ""seed"", ""ift""]",desconocido,,,LG
h918,,lg,V20 (T-Mobile),Qualcomm MSM8996 Snapdragon 820,qualcomm,msm8996,[],3200,5.7,2560x1440,21,,1,avb,recovery,fastboot_nexus,EDL 900E / 9008 (Sahara + Firehose XML),1,"[""a_only"", ""adb"", ""battery_calibration"", ""battery_health_read"", ""display_pwm_test"", ""dynamic_partitions"", ""edl"", ""evidence_capture"", ""fastboot"", ""fastbootd"", ""frp_owner_assisted"", ""network_reset"", ""official_rom_flash"", ""ota"", ""recovery"", ""sim_reset"", ""storage_health_read"", ""thermal_read"", ""touch_grid_test"", ""unlock_official"", ""verified_boot""]","[""edl_requires_signed_programmer"", ""pre_install_required:needs_specific_android_fw""]","[""lineageos"", ""seed"", ""ift""]",desconocido,,,LG
h932,,lg,V30 (T-Mobile),Qualcomm MSM8998 Snapdragon 835,qualcomm,msm8998,"[""H932""]",3300,6,2880x1440,19,,1,avb,recovery,dd,EDL 900E / 9008 (Sahara + Firehose XML),1,"[""a_only"", ""adb"", ""battery_calibration"", ""battery_health_read"", ""display_pwm_test"", ""dynamic_partitions"", ""edl"", ""evidence_capture"", ""fastboot"", ""fastbootd"", ""frp_owner_assisted"", ""network_reset"", ""official_rom_flash"", ""ota"", ""recovery"", ""sim_reset"", ""storage_health_read"", ""thermal_read"", ""touch_grid_test"", ""verified_boot""]","[""edl_requires_signed_programmer"", ""pre_install_required:needs_specific_android_fw""]","[""lineageos"", ""seed"", ""ift""]",desconocido,,,LG
h990,,lg,V20 (Global),Qualcomm MSM8996 Snapdragon 820,qualcomm,msm8996,[],3200,5.7,2560x1440,21,,1,avb,recovery,fastboot_custom,EDL 900E / 9008 (Sahara + Firehose XML),1,"[""a_only"", ""adb"", ""battery_calibration"", ""battery_health_read"", ""display_pwm_test"", ""dynamic_partitions"", ""edl"", ""evidence_capture"", ""fastboot"", ""fastbootd"", ""frp_owner_assisted"", ""network_reset"", ""official_rom_flash"", ""ota"", ""recovery"", ""sim_reset"", ""storage_health_read"", ""thermal_read"", ""touch_grid_test"", ""verified_boot""]","[""edl_requires_signed_programmer"", ""pre_install_required:needs_specific_android_fw""]","[""lineageos"", ""seed"", ""ift""]",desconocido,,,LG
jag3gds,,lg,G3 S,Qualcomm MSM8926 Snapdragon 400,qualcomm,msm8226,[],2540,5,720x1280,,,,,recovery,dd,EDL 900E / 9008 (Sahara + Firehose XML),1,"[""a_only"", ""adb"", ""battery_calibration"", ""battery_health_read"", ""display_pwm_test"", ""edl"", ""evidence_capture"", ""fastboot"", ""frp_owner_assisted"", ""network_reset"", ""official_rom_flash"", ""ota"", ""recovery"", ""sim_reset"", ""storage_health_read"", ""thermal_read"", ""touch_grid_test""]","[""edl_requires_signed_programmer""]","[""lineageos"", ""seed"", ""play"", ""ift""]",desconocido,,,LG
jagnm,,lg,G3 Beat,Qualcomm MSM8926 Snapdragon 400,qualcomm,msm8226,[],2540,5,720x1280,,,,,recovery,dd,EDL 900E / 9008 (Sahara + Firehose XML),1,"[""a_only"", ""adb"", ""battery_calibration"", ""battery_health_read"", ""display_pwm_test"", ""edl"", ""evidence_capture"", ""fastboot"", ""frp_owner_assisted"", ""network_reset"", ""official_rom_flash"", ""ota"", ""recovery"", ""sim_reset"", ""storage_health_read"", ""thermal_read"", ""touch_grid_test""]","[""edl_requires_signed_programmer""]","[""lineageos"", ""seed"", ""play"", ""ift""]",desconocido,,,LG
joan,1,lg,V30 (Unlocked),Qualcomm MSM8998 Snapdragon 835,qualcomm,msm8998,"[""H930"", ""H930DS"", ""US998""]",3300,6,2880x1440,21,,1,avb,recovery,fastboot_lg,EDL 900E / 9008 (Sahara + Firehose XML),1,"[""a_only"", ""adb"", ""battery_calibration"", ""battery_health_read"", ""display_pwm_test"", ""dynamic_partitions"", ""edl"", ""evidence_capture"", ""fastboot"", ""fastbootd"", ""frp_owner_assisted"", ""network_reset"", ""official_rom_flash"", ""ota"", ""recovery"", ""sim_reset"", ""storage_health_read"", ""thermal_read"", ""touch_grid_test"", ""verified_boot""]","[""edl_requires_signed_programmer"", ""pre_install_required:needs_specific_android_fw""]","[""lineageos"", ""seed"", ""ift""]",desconocido,,,LG
joan,2,lg,V30 (T-Mobile),Qualcomm MSM8998 Snapdragon 835,qualcomm,msm8998,"[""H932""]",3300,6,2880x1440,21,,1,avb,recovery,dd,EDL 900E / 9008 (Sahara + Firehose XML),1,"[""a_only"", ""adb"", ""battery_calibration"", ""battery_health_read"", ""display_pwm_test"", ""dynamic_partitions"", ""edl"", ""evidence_capture"", ""fastboot"", ""fastbootd"", ""frp_owner_assisted"", ""network_reset"", ""official_rom_flash"", ""ota"", ""recovery"", ""sim_reset"", ""storage_health_read"", ""thermal_read"", ""touch_grid_test"", ""verified_boot""]","[""edl_requires_signed_programmer"", ""pre_install_required:needs_specific_android_fw""]","[""lineageos"", ""seed"", ""ift""]",desconocido,,,LG
joan,3,lg,V30 (Other),Qualcomm MSM8998 Snapdragon 835,qualcomm,msm8998,"[""H931"", ""H933"", ""LS998"", ""V300L"", ""V300K"", ""V300S"", ""VS996""]",3300,6,2880x1440,21,,1,avb,recovery,dd,EDL 900E / 9008 (Sahara + Firehose XML),1,"[""a_only"", ""adb"", ""battery_calibration"", ""battery_health_read"", ""display_pwm_test"", ""dynamic_partitions"", ""edl"", ""evidence_capture"", ""fastboot"", ""fastbootd"", ""frp_owner_assisted"", ""network_reset"", ""official_rom_flash"", ""ota"", ""recovery"", ""sim_reset"", ""storage_health_read"", ""thermal_read"", ""touch_grid_test"", ""verified_boot""]","[""edl_requires_signed_programmer"", ""pre_install_required:needs_specific_android_fw""]","[""lineageos"", ""seed"", ""play"", ""ift""]",desconocido,,,LG
judyln,1,lg,G7 ThinQ (G710AWM/EM/EMW),Qualcomm SDM845 Snapdragon 845,qualcomm,sdm845,"[""LM-G710AWM"", ""LM-G710EM"", ""LM-G710EMW""]",3000,6.1,3120x1440,21,1,1,avb,boot,dd,EDL 900E / 9008 (Sahara + Firehose XML),1,"[""a_b_slots"", ""adb"", ""battery_calibration"", ""battery_health_read"", ""display_pwm_test"", ""dynamic_partitions"", ""edl"", ""evidence_capture"", ""fastboot"", ""fastbootd"", ""frp_owner_assisted"", ""network_reset"", ""official_rom_flash"", ""ota"", ""recovery"", ""sim_reset"", ""storage_health_read"", ""thermal_read"", ""touch_grid_test"", ""verified_boot""]","[""edl_requires_signed_programmer"", ""pre_install_required:needs_specific_android_fw"", ""recovery_flash_target_is:boot""]","[""lineageos"", ""seed"", ""ift""]",desconocido,,,LG
judyln,2,lg,G7+ ThinQ,Qualcomm SDM845 Snapdragon 845,qualcomm,sdm845,"[""LM-G710EAW""]",3000,6.1,3120x1440,21,1,1,avb,boot,dd,EDL 900E / 9008 (Sahara + Firehose XML),1,"[""a_b_slots"", ""adb"", ""battery_calibration"", ""battery_health_read"", ""display_pwm_test"", ""dynamic_partitions"", ""edl"", ""evidence_capture"", ""fastboot"", ""fastbootd"", ""frp_owner_assisted"", ""network_reset"", ""official_rom_flash"", ""ota"", ""recovery"", ""sim_reset"", ""storage_health_read"", ""thermal_read"", ""touch_grid_test"", ""verified_boot""]","[""edl_requires_signed_programmer"", ""pre_install_required:needs_specific_android_fw"", ""recovery_flash_target_is:boot""]","[""lineageos"", ""seed"", ""play"", ""ift""]",desconocido,,,LG
judyp,,lg,V35 ThinQ,Qualcomm SDM845 Snapdragon 845,qualcomm,sdm845,"[""LM-V350AWM"", ""LM-V350N""]",3300,6,2880x1440,21,1,1,avb,boot,dd,EDL 900E / 9008 (Sahara + Firehose XML),1,"[""a_b_slots"", ""adb"", ""battery_calibration"", ""battery_health_read"", ""display_pwm_test"", ""dynamic_partitions"", ""edl"", ""evidence_capture"", ""fastboot"", ""fastbootd"", ""frp_owner_assisted"", ""network_reset"", ""official_rom_flash"", ""ota"", ""recovery"", ""sim_reset"", ""storage_health_read"", ""thermal_read"", ""touch_grid_test"", ""verified_boot""]","[""edl_requires_signed_programmer"", ""pre_install_required:needs_specific_android_fw"", ""recovery_flash_target_is:boot""]","[""lineageos"", ""seed"", ""play"", ""ift""]",desconocido,,,LG
judypn,,lg,V40 ThinQ,Qualcomm SDM845 Snapdragon 845,qualcomm,sdm845,"[""LM-V405QA7"", ""LM-V405UA"", ""LM-V405UA0"", ""LM-V405EBW"", ""LM-V405EAW"", ""LM-V409N""]",3300,6.4,3120x1440,21,1,1,avb,boot,dd,EDL 900E / 9008 (Sahara + Firehose XML),1,"[""a_b_slots"", ""adb"", ""battery_calibration"", ""battery_health_read"", ""display_pwm_test"", ""dynamic_partitions"", ""edl"", ""evidence_capture"", ""fastboot"", ""fastbootd"", ""frp_owner_assisted"", ""network_reset"", ""official_rom_flash"", ""ota"", ""recovery"", ""sim_reset"", ""storage_health_read"", ""thermal_read"", ""touch_grid_test"", ""verified_boot""]","[""edl_requires_signed_programmer"", ""pre_install_required:needs_specific_android_fw"", ""recovery_flash_target_is:boot""]","[""lineageos"", ""seed"", ""play"", ""ift""]",desconocido,,,LG
l01k,,lg,V30 (Japan),Qualcomm MSM8998 Snapdragon 835,qualcomm,msm8998,"[""L-01K"", ""LGV35""]",3300,6,2880x1440,21,,1,avb,recovery,dd,EDL 900E / 9008 (Sahara + Firehose XML),1,"[""a_only"", ""adb"", ""battery_calibration"", ""battery_health_read"", ""display_pwm_test"", ""dynamic_partitions"", ""edl"", ""evidence_capture"", ""fastboot"", ""fastbootd"", ""frp_owner_assisted"", ""network_reset"", ""official_rom_flash"", ""ota"", ""recovery"", ""sim_reset"", ""storage_health_read"", ""thermal_read"", ""touch_grid_test"", ""verified_boot""]","[""edl_requires_signed_programmer"", ""pre_install_required:needs_specific_android_fw""]","[""lineageos"", ""seed"", ""play"", ""ift""]",desconocido,,,LG
ls990,,lg,G3 (Sprint),Qualcomm MSM8974AC Snapdragon 801,qualcomm,g3,[],3000,5.5,2560x1440,17,,1,avb,recovery,dd,EDL 900E / 9008 (Sahara + Firehose XML),1,"[""a_only"", ""adb"", ""battery_calibration"", ""battery_health_read"", ""display_pwm_test"", ""dynamic_partitions"", ""edl"", ""evidence_capture"", ""fastboot"", ""fastbootd"", ""frp_owner_assisted"", ""network_reset"", ""official_rom_flash"", ""ota"", ""recovery"", ""sim_reset"", ""storage_health_read"", ""thermal_read"", ""touch_grid_test"", ""verified_boot""]","[""edl_requires_signed_programmer""]","[""lineageos"", ""seed"", ""ift""]",desconocido,,,LG
ls997,,lg,V20 (Sprint),Qualcomm MSM8996 Snapdragon 820,qualcomm,msm8996,[],3200,5.7,2560x1440,21,,1,avb,recovery,fastboot_custom,EDL 900E / 9008 (Sahara + Firehose XML),1,"[""a_only"", ""adb"", ""battery_calibration"", ""battery_health_read"", ""display_pwm_test"", ""dynamic_partitions"", ""edl"", ""evidence_capture"", ""fastboot"", ""fastbootd"", ""frp_owner_assisted"", ""network_reset"", ""official_rom_flash"", ""ota"", ""recovery"", ""sim_reset"", ""storage_health_read"", ""thermal_read"", ""touch_grid_test"", ""verified_boot""]","[""edl_requires_signed_programmer"", ""pre_install_required:needs_specific_android_fw""]","[""lineageos"", ""seed"", ""ift""]",desconocido,,,LG
m216,,lg,K10,Qualcomm MSM8916 Snapdragon 410,qualcomm,msm8916,"[""K420N"", ""K420DS""]",2300,5.3,720x1280,,,,,recovery,dd,EDL 900E / 9008 (Sahara + Firehose XML),1,"[""a_only"", ""adb"", ""battery_calibration"", ""battery_health_read"", ""display_pwm_test"", ""edl"", ""evidence_capture"", ""fastboot"", ""frp_owner_assisted"", ""network_reset"", ""official_rom_flash"", ""ota"", ""recovery"", ""sim_reset"", ""storage_health_read"", ""thermal_read"", ""touch_grid_test""]","[""edl_requires_signed_programmer""]","[""lineageos"", ""seed"", ""play"", ""ift""]",desconocido,,,LG
mh2lm,1,lg,G8X ThinQ (G850EM/EMW),Qualcomm SM8150 Snapdragon 855,qualcomm,sm8150,"[""LM-G850EM"", ""LM-G850EMW""]",4000,6.4,2340x1440,20,1,1,avb,boot,fastboot_lg,EDL 900E / 9008 (Sahara + Firehose XML),1,"[""a_b_slots"", ""adb"", ""battery_calibration"", ""battery_health_read"", ""display_pwm_test"", ""dynamic_partitions"", ""edl"", ""evidence_capture"", ""fastboot"", ""fastbootd"", ""frp_owner_assisted"", ""network_reset"", ""official_rom_flash"", ""ota"", ""recovery"", ""sim_reset"", ""storage_health_read"", ""thermal_read"", ""touch_grid_test"", ""verified_boot""]","[""edl_requires_signed_programmer"", ""pre_install_required:needs_specific_android_fw"", ""recovery_flash_target_is:boot""]","[""lineageos"", ""seed"", ""ift""]",desconocido,,,LG
mh2lm,2,lg,G8X ThinQ (G850QM/UM),Qualcomm SM8150 Snapdragon 855,qualcomm,sm8150,"[""LM-G850QM"", ""LM-G850UM""]",4000,6.4,2340x1440,20,1,1,avb,boot,dd,EDL 900E / 9008 (Sahara + Firehose XML),1,"[""a_b_slots"", ""adb"", ""battery_calibration"", ""battery_health_read"", ""display_pwm_test"", ""dynamic_partitions"", ""edl"", ""evidence_capture"", ""fastboot"", ""fastbootd"", ""frp_owner_assisted"", ""network_reset"", ""official_rom_flash"", ""ota"", ""recovery"", ""sim_reset"", ""storage_health_read"", ""thermal_read"", ""touch_grid_test"", ""verified_boot""]","[""edl_requires_signed_programmer"", ""pre_install_required:needs_specific_android_fw"", ""recovery_flash_target_is:boot""]","[""lineageos"", ""seed"", ""ift""]",desconocido,,,LG
mh2lm,3,lg,V50S ThinQ,Qualcomm SM8150 Snapdragon 855,qualcomm,sm8150,"[""LM-V510N""]",4000,6.4,2340x1440,20,1,1,avb,boot,dd,EDL 900E / 9008 (Sahara + Firehose XML),1,"[""a_b_slots"", ""adb"", ""battery_calibration"", ""battery_health_read"", ""display_pwm_test"", ""dynamic_partitions"", ""edl"", ""evidence_capture"", ""fastboot"", ""fastbootd"", ""frp_owner_assisted"", ""network_reset"", ""official_rom_flash"", ""ota"", ""recovery"", ""sim_reset"", ""storage_health_read"", ""thermal_read"", ""touch_grid_test"", ""verified_boot""]","[""edl_requires_signed_programmer"", ""pre_install_required:needs_specific_android_fw"", ""recovery_flash_target_is:boot""]","[""lineageos"", ""seed"", ""play"", ""ift""]",desconocido,,,LG
rs988,,lg,G5 (US Unlocked),Qualcomm MSM8996 Snapdragon 820,qualcomm,msm8996,[],2800,5.3,2560x1440,21,,1,avb,recovery,fastboot_lg,EDL 900E / 9008 (Sahara + Firehose XML),1,"[""a_only"", ""adb"", ""battery_calibration"", ""battery_health_read"", ""display_pwm_test"", ""dynamic_partitions"", ""edl"", ""evidence_capture"", ""fastboot"", ""fastbootd"", ""frp_owner_assisted"", ""network_reset"", ""official_rom_flash"", ""ota"", ""recovery"", ""sim_reset"", ""storage_health_read"", ""thermal_read"", ""touch_grid_test"", ""verified_boot""]","[""edl_requires_signed_programmer"", ""pre_install_required:needs_specific_android_fw""]","[""lineageos"", ""seed"", ""ift""]",desconocido,,,LG
style3lm,,lg,Style3,Qualcomm SDM845 Snapdragon 845,qualcomm,sdm845,"[""L-41A""]",3500,6.1,3120x1440,21,1,1,avb,recovery,fastboot_lg,EDL 900E / 9008 (Sahara + Firehose XML),1,"[""a_b_slots"", ""adb"", ""battery_calibration"", ""battery_health_read"", ""display_pwm_test"", ""dynamic_partitions"", ""edl"", ""evidence_capture"", ""fastboot"", ""fastbootd"", ""frp_owner_assisted"", ""network_reset"", ""official_rom_flash"", ""ota"", ""recovery"", ""sim_reset"", ""storage_health_read"", ""thermal_read"", ""touch_grid_test"", ""verified_boot""]","[""edl_requires_signed_programmer""]","[""lineageos"", ""seed"", ""play"", ""ift""]",desconocido,,,LG
timelm,,lg,V60 ThinQ,Qualcomm SM8250 Snapdragon 865,qualcomm,sm8250,"[""L-51A"", ""LM-V600EA"", ""LM-V600VM"", ""LM-V600TM"", ""LM-V600N""]",5000,6.8,2460x1080,22,1,1,avb,recovery,dd,EDL 900E / 9008 (Sahara + Firehose XML),1,"[""a_b_slots"", ""adb"", ""battery_calibration"", ""battery_health_read"", ""display_pwm_test"", ""dynamic_partitions"", ""edl"", ""evidence_capture"", ""fastboot"", ""fastbootd"", ""frp_owner_assisted"", ""network_reset"", ""official_rom_flash"", ""ota"", ""recovery"", ""sim_reset"", ""storage_health_read"", ""thermal_read"", ""touch_grid_test"", ""verified_boot""]","[""edl_requires_signed_programmer"", ""pre_install_required:needs_specific_android_fw""]","[""lineageos"", ""seed"", ""play"", ""ift""]",desconocido,,,LG
us996,,lg,V20 (GSM Unlocked),Qualcomm MSM8996 Snapdragon 820,qualcomm,msm8996,[],3200,5.7,2560x1440,21,,1,avb,recovery,fastboot_lg,EDL 900E / 9008 (Sahara + Firehose XML),1,"[""a_only"", ""adb"", ""battery_calibration"", ""battery_health_read"", ""display_pwm_test"", ""dynamic_partitions"", ""edl"", ""evidence_capture"", ""fastboot"", ""fastbootd"", ""frp_owner_assisted"", ""network_reset"", ""official_rom_flash"", ""ota"", ""recovery"", ""sim_reset"", ""storage_health_read"", ""thermal_read"", ""touch_grid_test"", ""verified_boot""]","[""edl_requires_signed_programmer"", ""pre_install_required:us996""]","[""lineageos"", ""seed"", ""ift""]",desconocido,,,LG
us996d,,lg,V20 (GSM Unlocked - DirtySanta),Qualcomm MSM8996 Snapdragon 820,qualcomm,msm8996,[],3200,5.7,2560x1440,21,,1,avb,recovery,fastboot_custom,EDL 900E / 9008 (Sahara + Firehose XML),1,"[""a_only"", ""adb"", ""battery_calibration"", ""battery_health_read"", ""display_pwm_test"", ""dynamic_partitions"", ""edl"", ""evidence_capture"", ""fastboot"", ""fastbootd"", ""frp_owner_assisted"", ""network_reset"", ""official_rom_flash"", ""ota"", ""recovery"", ""sim_reset"", ""storage_health_read"", ""thermal_read"", ""touch_grid_test"", ""verified_boot""]","[""edl_requires_signed_programmer"", ""pre_install_required:us996""]","[""lineageos"", ""seed"", ""ift""]",desconocido,,,LG
us997,,lg,G6 (US Unlocked),Qualcomm MSM8996 Pro Snapdragon 821,qualcomm,msm8996,[],3300,5.7,2880x1440,21,,1,avb,recovery,fastboot_lg,EDL 900E / 9008 (Sahara + Firehose XML),1,"[""a_only"", ""adb"", ""battery_calibration"", ""battery_health_read"", ""display_pwm_test"", ""dynamic_partitions"", ""edl"", ""evidence_capture"", ""fastboot"", ""fastbootd"", ""frp_owner_assisted"", ""network_reset"", ""official_rom_flash"", ""ota"", ""recovery"", ""sim_reset"", ""storage_health_read"", ""thermal_read"", ""touch_grid_test"", ""verified_boot""]","[""edl_requires_signed_programmer""]","[""lineageos"", ""seed"", ""ift""]",desconocido,,,LG
v400,,lg,G Pad 7.0 WiFi,Qualcomm MSM8226 Snapdragon 400,qualcomm,v4,[],4000,7,1280x800,,,,,recovery,dd,EDL 900E / 9008 (Sahara + Firehose XML),1,"[""a_only"", ""adb"", ""battery_calibration"", ""battery_health_read"", ""display_pwm_test"", ""edl"", ""evidence_capture"", ""fastboot"", ""frp_owner_assisted"", ""network_reset"", ""official_rom_flash"", ""ota"", ""recovery"", ""sim_reset"", ""storage_health_read"", ""thermal_read"", ""touch_grid_test""]","[""edl_requires_signed_programmer""]","[""lineageos"", ""seed"", ""ift""]",desconocido,,,LG
v410,,lg,G Pad 7.0 (LTE),Qualcomm MSM8226 Snapdragon 400,qualcomm,v4,[],4000,7,1280x800,,,,,recovery,dd,EDL 900E / 9008 (Sahara + Firehose XML),1,"[""a_only"", ""adb"", ""battery_calibration"", ""battery_health_read"", ""display_pwm_test"", ""edl"", ""evidence_capture"", ""fastboot"", ""frp_owner_assisted"", ""network_reset"", ""official_rom_flash"", ""ota"", ""recovery"", ""sim_reset"", ""storage_health_read"", ""thermal_read"", ""touch_grid_test""]","[""edl_requires_signed_programmer""]","[""lineageos"", ""seed"", ""ift""]",desconocido,,,LG
v480,,lg,G Pad 8.0 (Wi-Fi),Qualcomm MSM8226 Snapdragon 400,qualcomm,v4,[],4200,8,1280x800,,,,,recovery,dd,EDL 900E / 9008 (Sahara + Firehose XML),1,"[""a_only"", ""adb"", ""battery_calibration"", ""battery_health_read"", ""display_pwm_test"", ""edl"", ""evidence_capture"", ""fastboot"", ""frp_owner_assisted"", ""network_reset"", ""official_rom_flash"", ""ota"", ""recovery"", ""sim_reset"", ""storage_health_read"", ""thermal_read"", ""touch_grid_test""]","[""edl_requires_signed_programmer""]","[""lineageos"", ""seed"", ""ift""]",desconocido,,,LG
v500,,lg,G Pad 8.3,Qualcomm APQ8064T Snapdragon 600,qualcomm,v500,[],4600,8.3,1920x1200,,,,,recovery,dd,EDL 900E / 9008 (Sahara + Firehose XML),1,"[""a_only"", ""adb"", ""battery_calibration"", ""battery_health_read"", ""display_pwm_test"", ""edl"", ""evidence_capture"", ""fastboot"", ""frp_owner_assisted"", ""network_reset"", ""official_rom_flash"", ""ota"", ""recovery"", ""sim_reset"", ""storage_health_read"", ""thermal_read"", ""touch_grid_test""]","[""edl_requires_signed_programmer""]","[""lineageos"", ""seed"", ""play"", ""ift""]",desconocido,,,LG
v521,,lg,G Pad X (T-Mobile),Qualcomm MSM8952 Snapdragon 617,qualcomm,msm8952,[],4650,8,1200x1920,,,,,recovery,fastboot_nexus,EDL 900E / 9008 (Sahara + Firehose XML),1,"[""a_only"", ""adb"", ""battery_calibration"", ""battery_health_read"", ""display_pwm_test"", ""edl"", ""evidence_capture"", ""fastboot"", ""frp_owner_assisted"", ""network_reset"", ""official_rom_flash"", ""ota"", ""recovery"", ""sim_reset"", ""storage_health_read"", ""thermal_read"", ""touch_grid_test"", ""unlock_official""]","[""edl_requires_signed_programmer""]","[""lineageos"", ""seed"", ""ift""]",desconocido,,,LG
vs985,,lg,G3 (Verizon),Qualcomm MSM8974AC Snapdragon 801,qualcomm,g3,[],3000,5.5,2560x1440,17,,1,avb,recovery,dd,EDL 900E / 9008 (Sahara + Firehose XML),1,"[""a_only"", ""adb"", ""battery_calibration"", ""battery_health_read"", ""display_pwm_test"", ""dynamic_partitions"", ""edl"", ""evidence_capture"", ""fastboot"", ""fastbootd"", ""frp_owner_assisted"", ""network_reset"", ""official_rom_flash"", ""ota"", ""recovery"", ""sim_reset"", ""storage_health_read"", ""thermal_read"", ""touch_grid_test"", ""verified_boot""]","[""edl_requires_signed_programmer""]","[""lineageos"", ""seed"", ""ift""]",desconocido,,,LG
vs995,,lg,V20 (Verizon),Qualcomm MSM8996 Snapdragon 820,qualcomm,msm8996,[],3200,5.7,2560x1440,21,,1,avb,recovery,fastboot_custom,EDL 900E / 9008 (Sahara + Firehose XML),1,"[""a_only"", ""adb"", ""battery_calibration"", ""battery_health_read"", ""display_pwm_test"", ""dynamic_partitions"", ""edl"", ""evidence_capture"", ""fastboot"", ""fastbootd"", ""frp_owner_assisted"", ""network_reset"", ""official_rom_flash"", ""ota"", ""recovery"", ""sim_reset"", ""storage_health_read"", ""thermal_read"", ""touch_grid_test"", ""verified_boot""]","[""edl_requires_signed_programmer"", ""pre_install_required:needs_specific_android_fw""]","[""lineageos"", ""seed"", ""ift""]",desconocido,,,LG
w5,,lg,Optimus L70,Qualcomm MSM8210 Snapdragon 200,qualcomm,msm8226,[],2040,4.5,480x800,,,,,recovery,dd,EDL 900E / 9008 (Sahara + Firehose XML),1,"[""a_only"", ""adb"", ""battery_calibration"", ""battery_health_read"", ""display_pwm_test"", ""edl"", ""evidence_capture"", ""fastboot"", ""frp_owner_assisted"", ""network_reset"", ""official_rom_flash"", ""ota"", ""recovery"", ""sim_reset"", ""storage_health_read"", ""thermal_read"", ""touch_grid_test""]","[""edl_requires_signed_programmer""]","[""lineageos"", ""seed"", ""play"", ""ift""]",desconocido,,,LG
w7,,lg,L90,Qualcomm MSM8226 Snapdragon 400,qualcomm,msm8226,"[""D410"", ""D410hn"", ""D405"", ""D405n"", ""D415""]",2540,4.7,540x960,,,,,recovery,dd,EDL 900E / 9008 (Sahara + Firehose XML),1,"[""a_only"", ""adb"", ""battery_calibration"", ""battery_health_read"", ""display_pwm_test"", ""edl"", ""evidence_capture"", ""fastboot"", ""frp_owner_assisted"", ""network_reset"", ""official_rom_flash"", ""ota"", ""recovery"", ""sim_reset"", ""storage_health_read"", ""thermal_read"", ""touch_grid_test""]","[""edl_requires_signed_programmer""]","[""lineageos"", ""seed"", ""play"", ""ift""]",desconocido,,,LG
addison,,motorola,moto z play,Qualcomm MSM8953 Snapdragon 625,qualcomm,msm8953,"[""XT1635-01"", ""XT1635-02"", ""XT1635-03""]",3510,5.5,1080x1920,17,,1,avb,recovery,fastboot_motorola,EDL 900E / 9008 (Sahara + Firehose XML),1,"[""a_only"", ""adb"", ""battery_calibration"", ""battery_health_read"", ""display_pwm_test"", ""dynamic_partitions"", ""edl"", ""evidence_capture"", ""fastboot"", ""fastbootd"", ""frp_owner_assisted"", ""network_reset"", ""official_rom_flash"", ""ota"", ""recovery"", ""sim_reset"", ""storage_health_read"", ""thermal_read"", ""touch_grid_test"", ""verified_boot""]","[""edl_requires_signed_programmer""]","[""lineageos"", ""seed"", ""play"", ""ift""]",sin_verificar,,,Motorola
ahannah,,motorola,moto e5 plus (XT1924-3/9),Qualcomm MSM8937 Snapdragon 430,qualcomm,msm8953,"[""XT1924-3"", ""XT1924-9""]",5000,6,1440x720,17,,1,avb,recovery,fastboot_motorola,EDL 900E / 9008 (Sahara + Firehose XML),1,"[""a_only"", ""adb"", ""battery_calibration"", ""battery_health_read"", ""display_pwm_test"", ""dynamic_partitions"", ""edl"", ""evidence_capture"", ""fastboot"", ""fastbootd"", ""frp_owner_assisted"", ""network_reset"", ""official_rom_flash"", ""ota"", ""recovery"", ""sim_reset"", ""storage_health_read"", ""thermal_read"", ""touch_grid_test"", ""verified_boot""]","[""edl_requires_signed_programmer""]","[""lineageos"", ""seed"", ""play"", ""ift""]",sin_verificar,,,Motorola
albus,,motorola,moto z2 play,Qualcomm MSM8953 Pro Snapdragon 626,qualcomm,msm8953,"[""XT1710-01"", ""XT1710-02"", ""XT1710-07"", ""XT1710-08"", ""XT1710-09"", ""XT1710-10"", ""XT1710-11""]",3000,5.5,1920x1080,17,,1,avb,recovery,fastboot_motorola,EDL 900E / 9008 (Sahara + Firehose XML),1,"[""a_only"", ""adb"", ""battery_calibration"", ""battery_health_read"", ""display_pwm_test"", ""dynamic_partitions"", ""edl"", ""evidence_capture"", ""fastboot"", ""fastbootd"", ""frp_owner_assisted"", ""network_reset"", ""official_rom_flash"", ""ota"", ""recovery"", ""sim_reset"", ""storage_health_read"", ""thermal_read"", ""touch_grid_test"", ""verified_boot""]","[""edl_requires_signed_programmer""]","[""lineageos"", ""seed"", ""play"", ""ift""]",sin_verificar,,,Motorola
athene,,motorola,moto g4,Qualcomm MSM8952 Snapdragon 617,qualcomm,msm8952,"[""XT1622"", ""XT1624"", ""XT1625"", ""XT1626"", ""XT1640"", ""XT1641"", ""XT1642"", ""XT1643"", ""XT1644""]",3000,5.5,1080x1920,,,,,recovery,fastboot_motorola,EDL 900E / 9008 (Sahara + Firehose XML),1,"[""a_only"", ""adb"", ""battery_calibration"", ""battery_health_read"", ""display_pwm_test"", ""edl"", ""evidence_capture"", ""fastboot"", ""frp_owner_assisted"", ""network_reset"", ""official_rom_flash"", ""ota"", ""recovery"", ""sim_reset"", ""storage_health_read"", ""thermal_read"", ""touch_grid_test""]","[""edl_requires_signed_programmer""]","[""lineageos"", ""seed"", ""play"", ""ift""]",sin_verificar,,,Motorola
avatrn,,motorola,edge 2024,Qualcomm SM7435-AB Snapdragon 7s Gen 2,qualcomm,sm7435,"[""XT2405-1"", ""XT2405V""]",5000,6.6,1080x2400,22,1,1,avb,recovery,fastboot_motorola,EDL 900E / 9008 (Sahara + Firehose XML),1,"[""a_b_slots"", ""adb"", ""battery_calibration"", ""battery_health_read"", ""display_pwm_test"", ""dynamic_partitions"", ""edl"", ""evidence_capture"", ""fastboot"", ""fastbootd"", ""frp_owner_assisted"", ""network_reset"", ""official_rom_flash"", ""ota"", ""recovery"", ""sim_reset"", ""storage_health_read"", ""thermal_read"", ""touch_grid_test"", ""verified_boot""]","[""edl_requires_signed_programmer"", ""pre_install_required:needs_specific_android_fw""]","[""lineageos"", ""seed"", ""play"", ""ift""]",sin_verificar,,,Motorola
bangkk,,motorola,moto g84 5G,Qualcomm SM6375 Snapdragon 695,qualcomm,sm6375,"[""XT2347-1"", ""XT2347-2""]",5000,6.5,1080x2400,22,1,1,avb,boot,fastboot_motorola,EDL 900E / 9008 (Sahara + Firehose XML),1,"[""a_b_slots"", ""adb"", ""battery_calibration"", ""battery_health_read"", ""display_pwm_test"", ""dynamic_partitions"", ""edl"", ""evidence_capture"", ""fastboot"", ""fastbootd"", ""frp_owner_assisted"", ""network_reset"", ""official_rom_flash"", ""ota"", ""recovery"", ""sim_reset"", ""storage_health_read"", ""thermal_read"", ""touch_grid_test"", ""verified_boot""]","[""edl_requires_signed_programmer"", ""pre_install_required:needs_specific_android_fw"", ""recovery_flash_target_is:boot""]","[""lineageos"", ""seed"", ""play"", ""ift""]",sin_verificar,,,Motorola
bathena,,motorola,defy 2021,Qualcomm SM6115 Snapdragon 662,qualcomm,sm6225,"[""XT2083-8"", ""XT2083-9""]",5000,6.5,720x1600,22,1,1,avb,recovery,fastboot_motorola,EDL 900E / 9008 (Sahara + Firehose XML),1,"[""a_b_slots"", ""adb"", ""battery_calibration"", ""battery_health_read"", ""display_pwm_test"", ""dynamic_partitions"", ""edl"", ""evidence_capture"", ""fastboot"", ""fastbootd"", ""frp_owner_assisted"", ""network_reset"", ""official_rom_flash"", ""ota"", ""recovery"", ""sim_reset"", ""storage_health_read"", ""thermal_read"", ""touch_grid_test"", ""verified_boot""]","[""edl_requires_signed_programmer"", ""pre_install_required:needs_specific_android_fw""]","[""lineageos"", ""seed"", ""play"", ""ift""]",sin_verificar,,,Motorola
beckham,,motorola,moto z3 play,Qualcomm SDM636 Snapdragon 636,qualcomm,msm8998,"[""XT1929-2"", ""XT1929-3"", ""XT1929-4"", ""XT1929-5"", ""XT1929-6""]",3000,6.2,1080x2160,21,1,1,avb,boot,fastboot_motorola,EDL 900E / 9008 (Sahara + Firehose XML),1,"[""a_b_slots"", ""adb"", ""battery_calibration"", ""battery_health_read"", ""display_pwm_test"", ""dynamic_partitions"", ""edl"", ""evidence_capture"", ""fastboot"", ""fastbootd"", ""frp_owner_assisted"", ""network_reset"", ""official_rom_flash"", ""ota"", ""recovery"", ""sim_reset"", ""storage_health_read"", ""thermal_read"", ""touch_grid_test"", ""verified_boot""]","[""edl_requires_signed_programmer"", ""pre_install_required:needs_specific_android_fw"", ""recovery_flash_target_is:boot""]","[""lineageos"", ""seed"", ""play"", ""ift""]",sin_verificar,,,Motorola
berlin,,motorola,edge 20,Qualcomm SM7325 Snapdragon 778G 5G,qualcomm,sm7325,"[""XT2143-1""]",4000,6.7,1080x2400,22,1,1,avb,boot,fastboot_motorola,EDL 900E / 9008 (Sahara + Firehose XML),1,"[""a_b_slots"", ""adb"", ""battery_calibration"", ""battery_health_read"", ""display_pwm_test"", ""dynamic_partitions"", ""edl"", ""evidence_capture"", ""fastboot"", ""fastbootd"", ""frp_owner_assisted"", ""network_reset"", ""official_rom_flash"", ""ota"", ""recovery"", ""sim_reset"", ""storage_health_read"", ""thermal_read"", ""touch_grid_test"", ""verified_boot""]","[""edl_requires_signed_programmer"", ""pre_install_required:needs_specific_android_fw"", ""recovery_flash_target_is:boot""]","[""lineageos"", ""seed"", ""play"", ""ift""]",homologado,RTIMOXT21-2088,https://www.motorola.com.mx/ift/,Motorola
berlna,,motorola,edge 2021,Qualcomm SM7325 Snapdragon 778G 5G,qualcomm,sm7325,"[""XT2141-2""]",5000,6.8,1080x2460,22,1,1,avb,boot,fastboot_motorola,EDL 900E / 9008 (Sahara + Firehose XML),1,"[""a_b_slots"", ""adb"", ""battery_calibration"", ""battery_health_read"", ""display_pwm_test"", ""dynamic_partitions"", ""edl"", ""evidence_capture"", ""fastboot"", ""fastbootd"", ""frp_owner_assisted"", ""network_reset"", ""official_rom_flash"", ""ota"", ""recovery"", ""sim_reset"", ""storage_health_read"", ""thermal_read"", ""touch_grid_test"", ""verified_boot""]","[""edl_requires_signed_programmer"", ""pre_install_required:needs_specific_android_fw"", ""recovery_flash_target_is:boot""]","[""lineageos"", ""seed"", ""play"", ""ift""]",sin_verificar,,,Motorola
borneo,,motorola,moto g power 2021,Qualcomm SM6115 Snapdragon 662,qualcomm,sm6225,"[""XT2117-1"", ""XT2117-2"", ""XT2117-3"", ""XT2117-4""]",5000,6.6,720x1600,22,1,1,avb,recovery,fastboot_motorola,EDL 900E / 9008 (Sahara + Firehose XML),1,"[""a_b_slots"", ""adb"", ""battery_calibration"", ""battery_health_read"", ""display_pwm_test"", ""dynamic_partitions"", ""edl"", ""evidence_capture"", ""fastboot"", ""fastbootd"", ""frp_owner_assisted"", ""network_reset"", ""official_rom_flash"", ""ota"", ""recovery"", ""sim_reset"", ""storage_health_read"", ""thermal_read"", ""touch_grid_test"", ""verified_boot""]","[""edl_requires_signed_programmer"", ""pre_install_required:needs_specific_android_fw""]","[""lineageos"", ""seed"", ""play"", ""ift""]",sin_verificar,,,Motorola
bronco,,motorola,ThinkPhone by motorola,Qualcomm SM8475 Snapdragon 8+ Gen1,qualcomm,sm8475,"[""XT2309-2"", ""XT2309-3""]",5000,6.6,1080x2400,22,1,1,avb,recovery,fastboot_motorola,EDL 900E / 9008 (Sahara + Firehose XML),1,"[""a_b_slots"", ""adb"", ""battery_calibration"", ""battery_health_read"", ""display_pwm_test"", ""dynamic_partitions"", ""edl"", ""evidence_capture"", ""fastboot"", ""fastbootd"", ""frp_owner_assisted"", ""network_reset"", ""official_rom_flash"", ""ota"", ""recovery"", ""sim_reset"", ""storage_health_read"", ""thermal_read"", ""touch_grid_test"", ""verified_boot""]","[""edl_requires_signed_programmer"", ""pre_install_required:needs_specific_android_fw""]","[""lineageos"", ""seed"", ""play"", ""ift""]",sin_verificar,,,Motorola
capri,1,motorola,moto g10,Qualcomm SM4250 Snapdragon 460,qualcomm,sm6225,"[""XT2127-1"", ""XT2127-2""]",5000,6.5,720x1600,22,1,1,avb,boot,fastboot_motorola,EDL 900E / 9008 (Sahara + Firehose XML),1,"[""a_b_slots"", ""adb"", ""battery_calibration"", ""battery_health_read"", ""display_pwm_test"", ""dynamic_partitions"", ""edl"", ""evidence_capture"", ""fastboot"", ""fastbootd"", ""frp_owner_assisted"", ""network_reset"", ""official_rom_flash"", ""ota"", ""recovery"", ""sim_reset"", ""storage_health_read"", ""thermal_read"", ""touch_grid_test"", ""verified_boot""]","[""edl_requires_signed_programmer"", ""pre_install_required:needs_specific_android_fw"", ""recovery_flash_target_is:boot""]","[""lineageos"", ""seed"", ""ift""]",sin_verificar,,,Motorola
capri,2,motorola,moto g10 power,Qualcomm SM4250 Snapdragon 460,qualcomm,sm6225,"[""XT2127-4""]",6000,6.5,720x1600,22,1,1,avb,boot,fastboot_motorola,EDL 900E / 9008 (Sahara + Firehose XML),1,"[""a_b_slots"", ""adb"", ""battery_calibration"", ""battery_health_read"", ""display_pwm_test"", ""dynamic_partitions"", ""edl"", ""evidence_capture"", ""fastboot"", ""fastbootd"", ""frp_owner_assisted"", ""network_reset"", ""official_rom_flash"", ""ota"", ""recovery"", ""sim_reset"", ""storage_health_read"", ""thermal_read"", ""touch_grid_test"", ""verified_boot""]","[""edl_requires_signed_programmer"", ""pre_install_required:needs_specific_android_fw"", ""recovery_flash_target_is:boot""]","[""lineageos"", ""seed"", ""ift""]",sin_verificar,,,Motorola
caprip,1,motorola,moto g30,Qualcomm SM6115 Snapdragon 662,qualcomm,sm6225,"[""XT2129-1"", ""XT2129-2""]",5000,6.5,720x1600,22,1,1,avb,boot,fastboot_motorola,EDL 900E / 9008 (Sahara + Firehose XML),1,"[""a_b_slots"", ""adb"", ""battery_calibration"", ""battery_health_read"", ""display_pwm_test"", ""dynamic_partitions"", ""edl"", ""evidence_capture"", ""fastboot"", ""fastbootd"", ""frp_owner_assisted"", ""network_reset"", ""official_rom_flash"", ""ota"", ""recovery"", ""sim_reset"", ""storage_health_read"", ""thermal_read"", ""touch_grid_test"", ""verified_boot""]","[""edl_requires_signed_programmer"", ""pre_install_required:needs_specific_android_fw"", ""recovery_flash_target_is:boot""]","[""lineageos"", ""seed"", ""ift""]",sin_verificar,,,Motorola
cebu,1,motorola,moto g9 power,Qualcomm SM6115 Snapdragon 662,qualcomm,sm6225,"[""XT2091-3"", ""XT2091-4""]",6000,6.8,720x1640,22,1,1,avb,recovery,fastboot_motorola,EDL 900E / 9008 (Sahara + Firehose XML),1,"[""a_b_slots"", ""adb"", ""battery_calibration"", ""battery_health_read"", ""display_pwm_test"", ""dynamic_partitions"", ""edl"", ""evidence_capture"", ""fastboot"", ""fastbootd"", ""frp_owner_assisted"", ""network_reset"", ""official_rom_flash"", ""ota"", ""recovery"", ""sim_reset"", ""storage_health_read"", ""thermal_read"", ""touch_grid_test"", ""verified_boot""]","[""edl_requires_signed_programmer"", ""pre_install_required:needs_specific_android_fw""]","[""lineageos"", ""seed"", ""ift""]",sin_verificar,,,Motorola
cedric,,motorola,moto g5,Qualcomm MSM8937 Snapdragon 430,qualcomm,msm8953,"[""XT1670"", ""XT1671"", ""XT1672"", ""XT1675"", ""XT1676"", ""XT1677""]",2800,5,1920x1080,17,,1,avb,recovery,fastboot_motorola,EDL 900E / 9008 (Sahara + Firehose XML),1,"[""a_only"", ""adb"", ""battery_calibration"", ""battery_health_read"", ""display_pwm_test"", ""dynamic_partitions"", ""edl"", ""evidence_capture"", ""fastboot"", ""fastbootd"", ""frp_owner_assisted"", ""network_reset"", ""official_rom_flash"", ""ota"", ""recovery"", ""sim_reset"", ""storage_health_read"", ""thermal_read"", ""touch_grid_test"", ""verified_boot""]","[""edl_requires_signed_programmer"", ""pre_install_required:needs_specific_android_fw""]","[""lineageos"", ""seed"", ""play"", ""ift""]",sin_verificar,,,Motorola
channel,,motorola,moto g7 play,Qualcomm SDM632 Snapdragon 632,qualcomm,sdm632,"[""XT1952-1"", ""XT1952-2"", ""XT1952-3""]",3000,5.7,720x1512,21,1,1,avb,boot,fastboot_motorola,EDL 900E / 9008 (Sahara + Firehose XML),1,"[""a_b_slots"", ""adb"", ""battery_calibration"", ""battery_health_read"", ""display_pwm_test"", ""dynamic_partitions"", ""edl"", ""evidence_capture"", ""fastboot"", ""fastbootd"", ""frp_owner_assisted"", ""network_reset"", ""official_rom_flash"", ""ota"", ""recovery"", ""sim_reset"", ""storage_health_read"", ""thermal_read"", ""touch_grid_test"", ""verified_boot""]","[""edl_requires_signed_programmer"", ""recovery_flash_target_is:boot""]","[""lineageos"", ""seed"", ""play"", ""ift""]",sin_verificar,,,Motorola
chef,,motorola,one power,Qualcomm SDM636 Snapdragon 636,qualcomm,msm8998,"[""XT1942-1"", ""XT1942-2""]",5000,6.14,2246x1080,18,1,1,avb,boot,fastboot_motorola,EDL 900E / 9008 (Sahara + Firehose XML),1,"[""a_b_slots"", ""adb"", ""battery_calibration"", ""battery_health_read"", ""display_pwm_test"", ""dynamic_partitions"", ""edl"", ""evidence_capture"", ""fastboot"", ""fastbootd"", ""frp_owner_assisted"", ""network_reset"", ""official_rom_flash"", ""ota"", ""recovery"", ""sim_reset"", ""storage_health_read"", ""thermal_read"", ""touch_grid_test"", ""verified_boot""]","[""edl_requires_signed_programmer"", ""recovery_flash_target_is:boot""]","[""lineageos"", ""seed"", ""play"", ""ift""]",sin_verificar,,,Motorola
clark,1,motorola,moto x pure edition (2015),Qualcomm MSM8992 Snapdragon 808,qualcomm,msm8992,"[""XT1570"", ""XT1572"", ""XT1575""]",3000,5.7,1440x2560,,,,,recovery,fastboot_motorola,EDL 900E / 9008 (Sahara + Firehose XML),1,"[""a_only"", ""adb"", ""battery_calibration"", ""battery_health_read"", ""display_pwm_test"", ""edl"", ""evidence_capture"", ""fastboot"", ""frp_owner_assisted"", ""network_reset"", ""official_rom_flash"", ""ota"", ""recovery"", ""sim_reset"", ""storage_health_read"", ""thermal_read"", ""touch_grid_test""]","[""edl_requires_signed_programmer""]","[""lineageos"", ""seed"", ""play"", ""ift""]",sin_verificar,,,Motorola
clark,2,motorola,moto x style (2015),Qualcomm MSM8992 Snapdragon 808,qualcomm,msm8992,"[""XT1570"", ""XT1572"", ""XT1575""]",3000,5.7,1440x2560,,,,,recovery,fastboot_motorola,EDL 900E / 9008 (Sahara + Firehose XML),1,"[""a_only"", ""adb"", ""battery_calibration"", ""battery_health_read"", ""display_pwm_test"", ""edl"", ""evidence_capture"", ""fastboot"", ""frp_owner_assisted"", ""network_reset"", ""official_rom_flash"", ""ota"", ""recovery"", ""sim_reset"", ""storage_health_read"", ""thermal_read"", ""touch_grid_test""]","[""edl_requires_signed_programmer""]","[""lineageos"", ""seed"", ""play"", ""ift""]",sin_verificar,,,Motorola
condor,,motorola,moto e,Qualcomm MSM8212 Snapdragon 200,qualcomm,msm8610,"[""XT1021"", ""XT1022"", ""XT1023""]",1980,4.3,540x960,,,,,recovery,fastboot_motorola,EDL 900E / 9008 (Sahara + Firehose XML),1,"[""a_only"", ""adb"", ""battery_calibration"", ""battery_health_read"", ""display_pwm_test"", ""edl"", ""evidence_capture"", ""fastboot"", ""frp_owner_assisted"", ""network_reset"", ""official_rom_flash"", ""ota"", ""recovery"", ""sim_reset"", ""storage_health_read"", ""thermal_read"", ""touch_grid_test""]","[""edl_requires_signed_programmer""]","[""lineageos"", ""seed"", ""play"", ""ift""]",sin_verificar,,,Motorola
denver,,motorola,moto g stylus 5G,Qualcomm SM4350 Snapdragon 480,qualcomm,sm6375,"[""XT2131-1""]",5000,6.8,1080x2400,22,1,1,avb,boot,fastboot_motorola,EDL 900E / 9008 (Sahara + Firehose XML),1,"[""a_b_slots"", ""adb"", ""battery_calibration"", ""battery_health_read"", ""display_pwm_test"", ""dynamic_partitions"", ""edl"", ""evidence_capture"", ""fastboot"", ""fastbootd"", ""frp_owner_assisted"", ""network_reset"", ""official_rom_flash"", ""ota"", ""recovery"", ""sim_reset"", ""storage_health_read"", ""thermal_read"", ""touch_grid_test"", ""verified_boot""]","[""edl_requires_signed_programmer"", ""pre_install_required:needs_specific_android_fw"", ""recovery_flash_target_is:boot""]","[""lineageos"", ""seed"", ""play"", ""ift""]",sin_verificar,,,Motorola
devon,,motorola,moto g32,Qualcomm SM6225 Snapdragon 680 4G,qualcomm,sm6225,"[""XT2235-1"", ""XT2235-2"", ""XT2235-3""]",5000,6.5,1080x2400,22,1,1,avb,boot,fastboot_motorola,EDL 900E / 9008 (Sahara + Firehose XML),1,"[""a_b_slots"", ""adb"", ""battery_calibration"", ""battery_health_read"", ""display_pwm_test"", ""dynamic_partitions"", ""edl"", ""evidence_capture"", ""fastboot"", ""fastbootd"", ""frp_owner_assisted"", ""network_reset"", ""official_rom_flash"", ""ota"", ""recovery"", ""sim_reset"", ""storage_health_read"", ""thermal_read"", ""touch_grid_test"", ""verified_boot""]","[""edl_requires_signed_programmer"", ""pre_install_required:needs_specific_android_fw"", ""recovery_flash_target_is:boot""]","[""lineageos"", ""seed"", ""play"", ""ift""]",homologado,RTIMOXT22-3427,https://www.motorola.com.mx/ift/,Motorola
dubai,,motorola,edge 30,Qualcomm SM7325-AE Snapdragon 778G+ 5G,qualcomm,sm7325,"[""XT2203-1""]",4020,6.5,1080x2400,22,1,1,avb,boot,fastboot_motorola,EDL 900E / 9008 (Sahara + Firehose XML),1,"[""a_b_slots"", ""adb"", ""battery_calibration"", ""battery_health_read"", ""display_pwm_test"", ""dynamic_partitions"", ""edl"", ""evidence_capture"", ""fastboot"", ""fastbootd"", ""frp_owner_assisted"", ""network_reset"", ""official_rom_flash"", ""ota"", ""recovery"", ""sim_reset"", ""storage_health_read"", ""thermal_read"", ""touch_grid_test"", ""verified_boot""]","[""edl_requires_signed_programmer"", ""recovery_flash_target_is:boot""]","[""lineageos"", ""seed"", ""play"", ""ift""]",homologado,RTIMOXT22-1595,https://www.motorola.com.mx/ift/,Motorola
eqs,,motorola,edge 30 ultra,Qualcomm SM8475 Snapdragon 8+ Gen1,qualcomm,sm8475,"[""XT2241-1"", ""XT2241-2""]",4610,6.67,1080x2400,22,1,1,avb,recovery,fastboot_motorola,EDL 900E / 9008 (Sahara + Firehose XML),1,"[""a_b_slots"", ""adb"", ""battery_calibration"", ""battery_health_read"", ""display_pwm_test"", ""dynamic_partitions"", ""edl"", ""evidence_capture"", ""fastboot"", ""fastbootd"", ""frp_owner_assisted"", ""network_reset"", ""official_rom_flash"", ""ota"", ""recovery"", ""sim_reset"", ""storage_health_read"", ""thermal_read"", ""touch_grid_test"", ""verified_boot""]","[""edl_requires_signed_programmer"", ""pre_install_required:needs_specific_android_fw""]","[""lineageos"", ""seed"", ""play"", ""ift""]",homologado,MOMOXT22-13132,https://www.motorola.com.mx/ift/,Motorola
evert,,motorola,moto g6 plus,Qualcomm SDM630 Snapdragon 630,qualcomm,msm8998,"[""XT1926-2"", ""XT1926-3"", ""XT1926-5"", ""XT1926-6"", ""XT1926-7"", ""XT1926-8"", ""XT1926-9""]",3200,5.2,1080x1920,21,1,1,avb,boot,fastboot_motorola,EDL 900E / 9008 (Sahara + Firehose XML),1,"[""a_b_slots"", ""adb"", ""battery_calibration"", ""battery_health_read"", ""display_pwm_test"", ""dynamic_partitions"", ""edl"", ""evidence_capture"", ""fastboot"", ""fastbootd"", ""frp_owner_assisted"", ""network_reset"", ""official_rom_flash"", ""ota"", ""recovery"", ""sim_reset"", ""storage_health_read"", ""thermal_read"", ""touch_grid_test"", ""verified_boot""]","[""edl_requires_signed_programmer"", ""pre_install_required:needs_specific_android_fw"", ""recovery_flash_target_is:boot""]","[""lineageos"", ""seed"", ""play"", ""ift""]",sin_verificar,,,Motorola
falcon,,motorola,moto g,Qualcomm MSM8226 Snapdragon 400,qualcomm,msm8226,"[""XT1031"", ""XT1032"", ""XT1033"", ""XT1034""]",2070,4.5,720x1280,,,,,recovery,fastboot_motorola,EDL 900E / 9008 (Sahara + Firehose XML),1,"[""a_only"", ""adb"", ""battery_calibration"", ""battery_health_read"", ""display_pwm_test"", ""edl"", ""evidence_capture"", ""fastboot"", ""frp_owner_assisted"", ""network_reset"", ""official_rom_flash"", ""ota"", ""recovery"", ""sim_reset"", ""storage_health_read"", ""thermal_read"", ""touch_grid_test""]","[""edl_requires_signed_programmer""]","[""lineageos"", ""seed"", ""play"", ""ift""]",sin_verificar,,,Motorola
fogo,,motorola,moto g 5G - 2024,Qualcomm SM4375 Snapdragon 4 Gen 1,qualcomm,sm6375,"[""XT2417-1""]",5000,6.6,720x1612,22,1,1,avb,boot,fastboot_motorola,EDL 900E / 9008 (Sahara + Firehose XML),1,"[""a_b_slots"", ""adb"", ""battery_calibration"", ""battery_health_read"", ""display_pwm_test"", ""dynamic_partitions"", ""edl"", ""evidence_capture"", ""fastboot"", ""fastbootd"", ""frp_owner_assisted"", ""network_reset"", ""official_rom_flash"", ""ota"", ""recovery"", ""sim_reset"", ""storage_health_read"", ""thermal_read"", ""touch_grid_test"", ""verified_boot""]","[""edl_requires_signed_programmer"", ""pre_install_required:needs_specific_android_fw"", ""recovery_flash_target_is:boot""]","[""lineageos"", ""seed"", ""play"", ""ift""]",sin_verificar,,,Motorola
fogos,1,motorola,moto g34 5G,Qualcomm SM6375 Snapdragon 695,qualcomm,sm6375,"[""XT2363-1"", ""XT2363-2"", ""XT2363-3"", ""XT2363-4"", ""XT2363-5""]",5000,6.5,720x1600,22,1,1,avb,boot,fastboot_motorola,EDL 900E / 9008 (Sahara + Firehose XML),1,"[""a_b_slots"", ""adb"", ""battery_calibration"", ""battery_health_read"", ""display_pwm_test"", ""dynamic_partitions"", ""edl"", ""evidence_capture"", ""fastboot"", ""fastbootd"", ""frp_owner_assisted"", ""network_reset"", ""official_rom_flash"", ""ota"", ""recovery"", ""sim_reset"", ""storage_health_read"", ""thermal_read"", ""touch_grid_test"", ""verified_boot""]","[""edl_requires_signed_programmer"", ""pre_install_required:needs_specific_android_fw"", ""recovery_flash_target_is:boot""]","[""lineageos"", ""seed"", ""ift""]",sin_verificar,,,Motorola
fogos,2,motorola,moto g45 5G,Qualcomm SM6375-AC Snapdragon 6s Gen 3,qualcomm,sm6375,"[""XT2363-8"", ""XT2363-9""]",5000,6.5,720x1600,22,1,1,avb,boot,fastboot_motorola,EDL 900E / 9008 (Sahara + Firehose XML),1,"[""a_b_slots"", ""adb"", ""battery_calibration"", ""battery_health_read"", ""display_pwm_test"", ""dynamic_partitions"", ""edl"", ""evidence_capture"", ""fastboot"", ""fastbootd"", ""frp_owner_assisted"", ""network_reset"", ""official_rom_flash"", ""ota"", ""recovery"", ""sim_reset"", ""storage_health_read"", ""thermal_read"", ""touch_grid_test"", ""verified_boot""]","[""edl_requires_signed_programmer"", ""pre_install_required:needs_specific_android_fw"", ""recovery_flash_target_is:boot""]","[""lineageos"", ""seed"", ""play"", ""ift""]",sin_verificar,,,Motorola
genevn,,motorola,moto g stylus 5G (2023),Qualcomm SM6450 Snapdragon 6 Gen 1,qualcomm,sm7435,"[""XT2315-1"", ""XT2315-4"", ""XT2315-5""]",5000,6.6,1080x2400,22,1,1,avb,recovery,fastboot_motorola,EDL 900E / 9008 (Sahara + Firehose XML),1,"[""a_b_slots"", ""adb"", ""battery_calibration"", ""battery_health_read"", ""display_pwm_test"", ""dynamic_partitions"", ""edl"", ""evidence_capture"", ""fastboot"", ""fastbootd"", ""frp_owner_assisted"", ""network_reset"", ""official_rom_flash"", ""ota"", ""recovery"", ""sim_reset"", ""storage_health_read"", ""thermal_read"", ""touch_grid_test"", ""verified_boot""]","[""edl_requires_signed_programmer"", ""pre_install_required:needs_specific_android_fw""]","[""lineageos"", ""seed"", ""play"", ""ift""]",sin_verificar,,,Motorola
ghost,,motorola,moto x,Qualcomm MSM8960DT Snapdragon S4 Pro,qualcomm,ghost,"[""xt1052"", ""xt1053"", ""xt1055"", ""xt1056"", ""xt1058"", ""xt1060""]",2200,4.7,1280x720,,,,,recovery,fastboot_motorola,EDL 900E / 9008 (Sahara + Firehose XML),1,"[""a_only"", ""adb"", ""battery_calibration"", ""battery_health_read"", ""display_pwm_test"", ""edl"", ""evidence_capture"", ""fastboot"", ""frp_owner_assisted"", ""network_reset"", ""official_rom_flash"", ""ota"", ""recovery"", ""sim_reset"", ""storage_health_read"", ""thermal_read"", ""touch_grid_test""]","[""edl_requires_signed_programmer""]","[""lineageos"", ""seed"", ""play"", ""ift""]",sin_verificar,,,Motorola
griffin,,motorola,moto z,Qualcomm MSM8996 Snapdragon 820,qualcomm,msm8996,"[""XT1650-03"", ""XT1650-05""]",2600,5.5,2560x1440,17,,1,avb,recovery,fastboot_motorola,EDL 900E / 9008 (Sahara + Firehose XML),1,"[""a_only"", ""adb"", ""battery_calibration"", ""battery_health_read"", ""display_pwm_test"", ""dynamic_partitions"", ""edl"", ""evidence_capture"", ""fastboot"", ""fastbootd"", ""frp_owner_assisted"", ""network_reset"", ""official_rom_flash"", ""ota"", ""recovery"", ""sim_reset"", ""storage_health_read"", ""thermal_read"", ""touch_grid_test"", ""verified_boot""]","[""edl_requires_signed_programmer""]","[""lineageos"", ""seed"", ""play"", ""ift""]",sin_verificar,,,Motorola
guam,1,motorola,moto e7 plus,Qualcomm SM4250 Snapdragon 460,qualcomm,sm6225,"[""XT2081-1"", ""XT2081-2"", ""XT2081-3""]",5000,6.5,720x1600,22,1,1,avb,recovery,fastboot_motorola,EDL 900E / 9008 (Sahara + Firehose XML),1,"[""a_b_slots"", ""adb"", ""battery_calibration"", ""battery_health_read"", ""display_pwm_test"", ""dynamic_partitions"", ""edl"", ""evidence_capture"", ""fastboot"", ""fastbootd"", ""frp_owner_assisted"", ""network_reset"", ""official_rom_flash"", ""ota"", ""recovery"", ""sim_reset"", ""storage_health_read"", ""thermal_read"", ""touch_grid_test"", ""verified_boot""]","[""edl_requires_signed_programmer"", ""pre_install_required:needs_specific_android_fw""]","[""lineageos"", ""seed"", ""ift""]",sin_verificar,,,Motorola
guamp,1,motorola,moto g9 play,Qualcomm SM6115 Snapdragon 662,qualcomm,sm6225,"[""XT2083-1"", ""XT2083-3"", ""XT2083-5"", ""XT2083-6"", ""XT2083-7""]",5000,6.5,720x1600,22,1,1,avb,recovery,fastboot_motorola,EDL 900E / 9008 (Sahara + Firehose XML),1,"[""a_b_slots"", ""adb"", ""battery_calibration"", ""battery_health_read"", ""display_pwm_test"", ""dynamic_partitions"", ""edl"", ""evidence_capture"", ""fastboot"", ""fastbootd"", ""frp_owner_assisted"", ""network_reset"", ""official_rom_flash"", ""ota"", ""recovery"", ""sim_reset"", ""storage_health_read"", ""thermal_read"", ""touch_grid_test"", ""verified_boot""]","[""edl_requires_signed_programmer"", ""pre_install_required:needs_specific_android_fw""]","[""lineageos"", ""seed"", ""ift""]",sin_verificar,,,Motorola
guamp,2,motorola,moto g9,Qualcomm SM6115 Snapdragon 662,qualcomm,sm6225,"[""XT2083-3""]",5000,6.5,720x1600,22,1,1,avb,recovery,fastboot_motorola,EDL 900E / 9008 (Sahara + Firehose XML),1,"[""a_b_slots"", ""adb"", ""battery_calibration"", ""battery_health_read"", ""display_pwm_test"", ""dynamic_partitions"", ""edl"", ""evidence_capture"", ""fastboot"", ""fastbootd"", ""frp_owner_assisted"", ""network_reset"", ""official_rom_flash"", ""ota"", ""recovery"", ""sim_reset"", ""storage_health_read"", ""thermal_read"", ""touch_grid_test"", ""verified_boot""]","[""edl_requires_signed_programmer"", ""pre_install_required:needs_specific_android_fw""]","[""lineageos"", ""seed"", ""ift""]",sin_verificar,,,Motorola
hannah,,motorola,moto e5 plus (XT1924-6/7/8),Qualcomm MSM8940 Snapdragon 435,qualcomm,msm8953,"[""XT1924-6"", ""XT1924-7"", ""XT1924-8""]",5000,6,1440x720,17,,1,avb,recovery,fastboot_motorola,EDL 900E / 9008 (Sahara + Firehose XML),1,"[""a_only"", ""adb"", ""battery_calibration"", ""battery_health_read"", ""display_pwm_test"", ""dynamic_partitions"", ""edl"", ""evidence_capture"", ""fastboot"", ""fastbootd"", ""frp_owner_assisted"", ""network_reset"", ""official_rom_flash"", ""ota"", ""recovery"", ""sim_reset"", ""storage_health_read"", ""thermal_read"", ""touch_grid_test"", ""verified_boot""]","[""edl_requires_signed_programmer""]","[""lineageos"", ""seed"", ""play"", ""ift""]",sin_verificar,,,Motorola
harpia,,motorola,moto g4 play,Qualcomm MSM8916 Snapdragon 410,qualcomm,msm8916,"[""XT1600"", ""XT1601"", ""XT1602"", ""XT1603"", ""XT1604"", ""XT1607""]",2800,5,720x1280,16,,1,avb,recovery,fastboot_motorola,EDL 900E / 9008 (Sahara + Firehose XML),1,"[""a_only"", ""adb"", ""battery_calibration"", ""battery_health_read"", ""display_pwm_test"", ""dynamic_partitions"", ""edl"", ""evidence_capture"", ""fastboot"", ""fastbootd"", ""frp_owner_assisted"", ""network_reset"", ""official_rom_flash"", ""ota"", ""recovery"", ""sim_reset"", ""storage_health_read"", ""thermal_read"", ""touch_grid_test"", ""verified_boot""]","[""edl_requires_signed_programmer"", ""pre_install_required:needs_specific_android_fw""]","[""lineageos"", ""seed"", ""play"", ""ift""]",sin_verificar,,,Motorola
hawao,,motorola,moto g42,Qualcomm SM6225 Snapdragon 680 4G,qualcomm,sm6225,"[""XT2233-1"", ""XT2233-2""]",5000,6.4,1080x2400,22,1,1,avb,boot,fastboot_motorola,EDL 900E / 9008 (Sahara + Firehose XML),1,"[""a_b_slots"", ""adb"", ""battery_calibration"", ""battery_health_read"", ""display_pwm_test"", ""dynamic_partitions"", ""edl"", ""evidence_capture"", ""fastboot"", ""fastbootd"", ""frp_owner_assisted"", ""network_reset"", ""official_rom_flash"", ""ota"", ""recovery"", ""sim_reset"", ""storage_health_read"", ""thermal_read"", ""touch_grid_test"", ""verified_boot""]","[""edl_requires_signed_programmer"", ""pre_install_required:needs_specific_android_fw"", ""recovery_flash_target_is:boot""]","[""lineageos"", ""seed"", ""play"", ""ift""]",homologado,RCPMOXT22-2870,https://www.motorola.com.mx/ift/,Motorola
ibiza,,motorola,moto g50,Qualcomm SM4350 Snapdragon 480,qualcomm,sm6375,"[""XT2137-1""]",5000,6.5,720x1600,22,1,1,avb,boot,fastboot_motorola,EDL 900E / 9008 (Sahara + Firehose XML),1,"[""a_b_slots"", ""adb"", ""battery_calibration"", ""battery_health_read"", ""display_pwm_test"", ""dynamic_partitions"", ""edl"", ""evidence_capture"", ""fastboot"", ""fastbootd"", ""frp_owner_assisted"", ""network_reset"", ""official_rom_flash"", ""ota"", ""recovery"", ""sim_reset"", ""storage_health_read"", ""thermal_read"", ""touch_grid_test"", ""verified_boot""]","[""edl_requires_signed_programmer"", ""recovery_flash_target_is:boot""]","[""lineageos"", ""seed"", ""play"", ""ift""]",sin_verificar,,,Motorola
kane,1,motorola,one vision,Samsung Exynos 9609,exynos,exynos9610,"[""XT1970-1"", ""XT1970-2"", ""XT1970-3""]",3500,6.3,1080x2520,22,1,1,avb,boot,fastboot_motorola,Samsung Download mode 04E8:6600 / 685D (Odin-style protocol),1,"[""a_b_slots"", ""adb"", ""battery_calibration"", ""battery_health_read"", ""display_pwm_test"", ""dynamic_partitions"", ""evidence_capture"", ""fastboot"", ""fastbootd"", ""frp_owner_assisted"", ""network_reset"", ""odin_download"", ""official_rom_flash"", ""ota"", ""recovery"", ""sim_reset"", ""storage_health_read"", ""thermal_read"", ""touch_grid_test"", ""verified_boot""]","[""odin_requires_signed_secure_package"", ""recovery_flash_target_is:boot""]","[""lineageos"", ""seed"", ""ift""]",sin_verificar,,,Motorola
kane,2,motorola,p50,Samsung Exynos 9609,exynos,exynos9610,"[""XT1970-5""]",3500,6.3,1080x2520,22,1,1,avb,boot,fastboot_motorola,Samsung Download mode 04E8:6600 / 685D (Odin-style protocol),1,"[""a_b_slots"", ""adb"", ""battery_calibration"", ""battery_health_read"", ""display_pwm_test"", ""dynamic_partitions"", ""evidence_capture"", ""fastboot"", ""fastbootd"", ""frp_owner_assisted"", ""network_reset"", ""odin_download"", ""official_rom_flash"", ""ota"", ""recovery"", ""sim_reset"", ""storage_health_read"", ""thermal_read"", ""touch_grid_test"", ""verified_boot""]","[""odin_requires_signed_secure_package"", ""recovery_flash_target_is:boot""]","[""lineageos"", ""seed"", ""play"", ""ift""]",sin_verificar,,,Motorola
kiev,1,motorola,moto g 5G,Qualcomm SM7225 Snapdragon 750G,qualcomm,sm8250,"[""XT2113-3""]",5000,6.7,1080x2400,22,1,1,avb,recovery,fastboot_motorola,EDL 900E / 9008 (Sahara + Firehose XML),1,"[""a_b_slots"", ""adb"", ""battery_calibration"", ""battery_health_read"", ""display_pwm_test"", ""dynamic_partitions"", ""edl"", ""evidence_capture"", ""fastboot"", ""fastbootd"", ""frp_owner_assisted"", ""network_reset"", ""official_rom_flash"", ""ota"", ""recovery"", ""sim_reset"", ""storage_health_read"", ""thermal_read"", ""touch_grid_test"", ""verified_boot""]","[""edl_requires_signed_programmer"", ""pre_install_required:needs_specific_android_fw""]","[""lineageos"", ""seed"", ""ift""]",sin_verificar,,,Motorola
kiev,2,motorola,moto one 5G ace,Qualcomm SM7225 Snapdragon 750G,qualcomm,sm8250,"[""XT2113-2""]",5000,6.7,1080x2400,22,1,1,avb,recovery,fastboot_motorola,EDL 900E / 9008 (Sahara + Firehose XML),1,"[""a_b_slots"", ""adb"", ""battery_calibration"", ""battery_health_read"", ""display_pwm_test"", ""dynamic_partitions"", ""edl"", ""evidence_capture"", ""fastboot"", ""fastbootd"", ""frp_owner_assisted"", ""network_reset"", ""official_rom_flash"", ""ota"", ""recovery"", ""sim_reset"", ""storage_health_read"", ""thermal_read"", ""touch_grid_test"", ""verified_boot""]","[""edl_requires_signed_programmer"", ""pre_install_required:needs_specific_android_fw""]","[""lineageos"", ""seed"", ""play"", ""ift""]",sin_verificar,,,Motorola
lake,,motorola,moto g7 plus,Qualcomm SDM636 Snapdragon 636,qualcomm,msm8998,"[""XT1965-2"", ""XT1965-3"", ""XT1965-6"", ""XT1965-T""]",3000,6.2,1080x2270,21,1,1,avb,boot,fastboot_motorola,EDL 900E / 9008 (Sahara + Firehose XML),1,"[""a_b_slots"", ""adb"", ""battery_calibration"", ""battery_health_read"", ""display_pwm_test"", ""dynamic_partitions"", ""edl"", ""evidence_capture"", ""fastboot"", ""fastbootd"", ""frp_owner_assisted"", ""network_reset"", ""official_rom_flash"", ""ota"", ""recovery"", ""sim_reset"", ""storage_health_read"", ""thermal_read"", ""touch_grid_test"", ""verified_boot""]","[""edl_requires_signed_programmer"", ""recovery_flash_target_is:boot""]","[""lineageos"", ""seed"", ""play"", ""ift""]",sin_verificar,,,Motorola
lamu,1,motorola,moto g15,Mediatek Helio G81 Extreme,mediatek,lamu,"[""XT2521-2"", ""XT2521-3"", ""XT2521-4""]",5200,6.72,1080x2400,22,1,1,avb,vendor_boot,fastboot_custom,BROM 0E8D:0000 / Preloader 0E8D:0001 (BROM + DA agent),1,"[""a_b_slots"", ""adb"", ""battery_calibration"", ""battery_health_read"", ""brom"", ""display_pwm_test"", ""dynamic_partitions"", ""evidence_capture"", ""fastboot"", ""fastbootd"", ""frp_owner_assisted"", ""network_reset"", ""official_rom_flash"", ""ota"", ""recovery"", ""sim_reset"", ""storage_health_read"", ""thermal_read"", ""touch_grid_test"", ""verified_boot""]","[""brom_requires_da_agent"", ""pre_install_required:needs_specific_android_fw"", ""recovery_flash_target_is:vendor_boot""]","[""lineageos"", ""seed"", ""ift""]",sin_verificar,,,Motorola
lamu,2,motorola,moto g15 power,Mediatek Helio G81 Extreme,mediatek,lamu,"[""XT2521-5"", ""XT2521-6""]",6000,6.72,1080x2400,22,1,1,avb,vendor_boot,fastboot_custom,BROM 0E8D:0000 / Preloader 0E8D:0001 (BROM + DA agent),1,"[""a_b_slots"", ""adb"", ""battery_calibration"", ""battery_health_read"", ""brom"", ""display_pwm_test"", ""dynamic_partitions"", ""evidence_capture"", ""fastboot"", ""fastbootd"", ""frp_owner_assisted"", ""network_reset"", ""official_rom_flash"", ""ota"", ""recovery"", ""sim_reset"", ""storage_health_read"", ""thermal_read"", ""touch_grid_test"", ""verified_boot""]","[""brom_requires_da_agent"", ""pre_install_required:needs_specific_android_fw"", ""recovery_flash_target_is:vendor_boot""]","[""lineageos"", ""seed"", ""ift""]",sin_verificar,,,Motorola
lamu,3,motorola,moto g05,Mediatek Helio G81 Extreme,mediatek,lamu,"[""XT2523-2"", ""XT2523-3"", ""XT2523-4"", ""XT2523-5"", ""XT2523-9"", ""XT2523-10"", ""XT2523-11""]",5200,6.67,720x1604,22,1,1,avb,vendor_boot,fastboot_custom,BROM 0E8D:0000 / Preloader 0E8D:0001 (BROM + DA agent),1,"[""a_b_slots"", ""adb"", ""battery_calibration"", ""battery_health_read"", ""brom"", ""display_pwm_test"", ""dynamic_partitions"", ""evidence_capture"", ""fastboot"", ""fastbootd"", ""frp_owner_assisted"", ""network_reset"", ""official_rom_flash"", ""ota"", ""recovery"", ""sim_reset"", ""storage_health_read"", ""thermal_read"", ""touch_grid_test"", ""verified_boot""]","[""brom_requires_da_agent"", ""pre_install_required:needs_specific_android_fw"", ""recovery_flash_target_is:vendor_boot""]","[""lineageos"", ""seed"", ""play"", ""ift""]",sin_verificar,,,Motorola
liber,1,motorola,one fusion+,Qualcomm SM7150-AA Snapdragon 730,qualcomm,sm6150,"[""XT2067-2""]",5000,6.5,1080x2340,19,1,1,avb,recovery,fastboot_motorola,EDL 900E / 9008 (Sahara + Firehose XML),1,"[""a_b_slots"", ""adb"", ""battery_calibration"", ""battery_health_read"", ""display_pwm_test"", ""dynamic_partitions"", ""edl"", ""evidence_capture"", ""fastboot"", ""fastbootd"", ""frp_owner_assisted"", ""network_reset"", ""official_rom_flash"", ""ota"", ""recovery"", ""sim_reset"", ""storage_health_read"", ""thermal_read"", ""touch_grid_test"", ""verified_boot""]","[""edl_requires_signed_programmer"", ""pre_install_required:needs_specific_android_fw""]","[""lineageos"", ""seed"", ""ift""]",sin_verificar,,,Motorola
liber,2,motorola,one fusion+ (India),Qualcomm SM7150-AB Snapdragon 730G,qualcomm,sm6150,"[""XT2067-2""]",5000,6.5,1080x2340,19,1,1,avb,recovery,fastboot_motorola,EDL 900E / 9008 (Sahara + Firehose XML),1,"[""a_b_slots"", ""adb"", ""battery_calibration"", ""battery_health_read"", ""display_pwm_test"", ""dynamic_partitions"", ""edl"", ""evidence_capture"", ""fastboot"", ""fastbootd"", ""frp_owner_assisted"", ""network_reset"", ""official_rom_flash"", ""ota"", ""recovery"", ""sim_reset"", ""storage_health_read"", ""thermal_read"", ""touch_grid_test"", ""verified_boot""]","[""edl_requires_signed_programmer"", ""pre_install_required:needs_specific_android_fw""]","[""lineageos"", ""seed"", ""play"", ""ift""]",sin_verificar,,,Motorola
lux,,motorola,moto x play,Qualcomm MSM8939 Snapdragon 615,qualcomm,msm8916,"[""XT1562"", ""XT1563""]",3630,5.5,1080x1920,16,,1,avb,recovery,fastboot_motorola,EDL 900E / 9008 (Sahara + Firehose XML),1,"[""a_only"", ""adb"", ""battery_calibration"", ""battery_health_read"", ""display_pwm_test"", ""dynamic_partitions"", ""edl"", ""evidence_capture"", ""fastboot"", ""fastbootd"", ""frp_owner_assisted"", ""network_reset"", ""official_rom_flash"", ""ota"", ""recovery"", ""sim_reset"", ""storage_health_read"", ""thermal_read"", ""touch_grid_test"", ""verified_boot""]","[""edl_requires_signed_programmer"", ""pre_install_required:needs_specific_android_fw""]","[""lineageos"", ""seed"", ""play"", ""ift""]",sin_verificar,,,Motorola
manaus,,motorola,edge 40 neo,Mediatek Dimensity 7030,mediatek,mt6879,"[""XT2307-1"", ""XT2307-2"", ""XT2307-3""]",5000,6.55,1080x2400,22,1,1,avb,vendor_boot,fastboot_motorola,BROM 0E8D:0000 / Preloader 0E8D:0001 (BROM + DA agent),1,"[""a_b_slots"", ""adb"", ""battery_calibration"", ""battery_health_read"", ""brom"", ""display_pwm_test"", ""dynamic_partitions"", ""evidence_capture"", ""fastboot"", ""fastbootd"", ""frp_owner_assisted"", ""network_reset"", ""official_rom_flash"", ""ota"", ""recovery"", ""sim_reset"", ""storage_health_read"", ""thermal_read"", ""touch_grid_test"", ""verified_boot""]","[""brom_requires_da_agent"", ""pre_install_required:needs_specific_android_fw"", ""recovery_flash_target_is:vendor_boot""]","[""lineageos"", ""seed"", ""play"", ""ift""]",sin_verificar,,,Motorola
maserati,,motorola,DROID 4,TI OMAP4430,ti,omap4,"[""XT894""]",1785,4,540x960,,,,,recovery,fastboot_motorola,,,"[""a_only"", ""adb"", ""battery_calibration"", ""battery_health_read"", ""display_pwm_test"", ""evidence_capture"", ""fastboot"", ""frp_owner_assisted"", ""network_reset"", ""official_rom_flash"", ""ota"", ""recovery"", ""sim_reset"", ""storage_health_read"", ""thermal_read"", ""touch_grid_test""]",[],"[""lineageos"", ""ift""]",sin_verificar,,,Motorola
merlin,,motorola,moto g3 turbo,Qualcomm MSM8939 Snapdragon 615,qualcomm,msm8916,"[""XT1556"", ""XT1557""]",2470,5,720x1280,16,,1,avb,recovery,fastboot_motorola,EDL 900E / 9008 (Sahara + Firehose XML),1,"[""a_only"", ""adb"", ""battery_calibration"", ""battery_health_read"", ""display_pwm_test"", ""dynamic_partitions"", ""edl"", ""evidence_capture"", ""fastboot"", ""fastbootd"", ""frp_owner_assisted"", ""network_reset"", ""official_rom_flash"", ""ota"", ""recovery"", ""sim_reset"", ""storage_health_read"", ""thermal_read"", ""touch_grid_test"", ""verified_boot""]","[""edl_requires_signed_programmer"", ""pre_install_required:needs_specific_android_fw""]","[""lineageos"", ""seed"", ""play"", ""ift""]",sin_verificar,,,Motorola
messi,,motorola,moto z3,Qualcomm MSM8998 Snapdragon 835,qualcomm,msm8998,"[""XT1929-15"", ""XT1929-17""]",3000,6.01,1080x2160,21,1,1,avb,boot,fastboot_motorola,EDL 900E / 9008 (Sahara + Firehose XML),1,"[""a_b_slots"", ""adb"", ""battery_calibration"", ""battery_health_read"", ""display_pwm_test"", ""dynamic_partitions"", ""edl"", ""evidence_capture"", ""fastboot"", ""fastbootd"", ""frp_owner_assisted"", ""network_reset"", ""official_rom_flash"", ""ota"", ""recovery"", ""sim_reset"", ""storage_health_read"", ""thermal_read"", ""touch_grid_test"", ""verified_boot""]","[""edl_requires_signed_programmer"", ""pre_install_required:needs_specific_android_fw"", ""recovery_flash_target_is:boot""]","[""lineageos"", ""seed"", ""play"", ""ift""]",sin_verificar,,,Motorola
miami,,motorola,edge 30 neo,Qualcomm SM6375 Snapdragon 695,qualcomm,sm6375,"[""XT2245-1""]",4020,6.28,1080x2400,22,1,1,avb,boot,fastboot_motorola,EDL 900E / 9008 (Sahara + Firehose XML),1,"[""a_b_slots"", ""adb"", ""battery_calibration"", ""battery_health_read"", ""display_pwm_test"", ""dynamic_partitions"", ""edl"", ""evidence_capture"", ""fastboot"", ""fastbootd"", ""frp_owner_assisted"", ""network_reset"", ""official_rom_flash"", ""ota"", ""recovery"", ""sim_reset"", ""storage_health_read"", ""thermal_read"", ""touch_grid_test"", ""verified_boot""]","[""edl_requires_signed_programmer"", ""pre_install_required:needs_specific_android_fw"", ""recovery_flash_target_is:boot""]","[""lineageos"", ""seed"", ""play"", ""ift""]",homologado,MOMOXT22-15983,https://www.motorola.com.mx/ift/,Motorola
milanf,,motorola,moto g stylus 5G (2022),Qualcomm SM6375 Snapdragon 695,qualcomm,sm6375,"[""XT2215-1"", ""XT2215-3"", ""XT2215-4""]",5000,6.8,1080x2460,22,1,1,avb,boot,fastboot_motorola,EDL 900E / 9008 (Sahara + Firehose XML),1,"[""a_b_slots"", ""adb"", ""battery_calibration"", ""battery_health_read"", ""display_pwm_test"", ""dynamic_partitions"", ""edl"", ""evidence_capture"", ""fastboot"", ""fastbootd"", ""frp_owner_assisted"", ""network_reset"", ""official_rom_flash"", ""ota"", ""recovery"", ""sim_reset"", ""storage_health_read"", ""thermal_read"", ""touch_grid_test"", ""verified_boot""]","[""edl_requires_signed_programmer"", ""pre_install_required:needs_specific_android_fw"", ""recovery_flash_target_is:boot""]","[""lineageos"", ""seed"", ""play"", ""ift""]",sin_verificar,,,Motorola
montana,,motorola,moto g5s,Qualcomm MSM8937 Snapdragon 430,qualcomm,msm8953,"[""XT1790"", ""XT1791"", ""XT1792"", ""XT1793"", ""XT1794"", ""XT1795"", ""XT1797"", ""XT1799-2""]",3000,5.2,1920x1080,17,,1,avb,recovery,fastboot_motorola,EDL 900E / 9008 (Sahara + Firehose XML),1,"[""a_only"", ""adb"", ""battery_calibration"", ""battery_health_read"", ""display_pwm_test"", ""dynamic_partitions"", ""edl"", ""evidence_capture"", ""fastboot"", ""fastbootd"", ""frp_owner_assisted"", ""network_reset"", ""official_rom_flash"", ""ota"", ""recovery"", ""sim_reset"", ""storage_health_read"", ""thermal_read"", ""touch_grid_test"", ""verified_boot""]","[""edl_requires_signed_programmer"", ""pre_install_required:needs_specific_android_fw""]","[""lineageos"", ""seed"", ""play"", ""ift""]",sin_verificar,,,Motorola
nairo,1,motorola,moto g 5G plus,Qualcomm SM7250 Snapdragon 765G,qualcomm,sm8250,"[""XT2075-3""]",5000,6.7,1080x2520,22,1,1,avb,recovery,fastboot_motorola,EDL 900E / 9008 (Sahara + Firehose XML),1,"[""a_b_slots"", ""adb"", ""battery_calibration"", ""battery_health_read"", ""display_pwm_test"", ""dynamic_partitions"", ""edl"", ""evidence_capture"", ""fastboot"", ""fastbootd"", ""frp_owner_assisted"", ""network_reset"", ""official_rom_flash"", ""ota"", ""recovery"", ""sim_reset"", ""storage_health_read"", ""thermal_read"", ""touch_grid_test"", ""verified_boot""]","[""edl_requires_signed_programmer"", ""pre_install_required:needs_specific_android_fw""]","[""lineageos"", ""seed"", ""ift""]",sin_verificar,,,Motorola
nairo,2,motorola,moto one 5G,Qualcomm SM7250 Snapdragon 765G,qualcomm,sm8250,"[""XT2075-5""]",5000,6.7,1080x2520,22,1,1,avb,recovery,fastboot_motorola,EDL 900E / 9008 (Sahara + Firehose XML),1,"[""a_b_slots"", ""adb"", ""battery_calibration"", ""battery_health_read"", ""display_pwm_test"", ""dynamic_partitions"", ""edl"", ""evidence_capture"", ""fastboot"", ""fastbootd"", ""frp_owner_assisted"", ""network_reset"", ""official_rom_flash"", ""ota"", ""recovery"", ""sim_reset"", ""storage_health_read"", ""thermal_read"", ""touch_grid_test"", ""verified_boot""]","[""edl_requires_signed_programmer"", ""pre_install_required:needs_specific_android_fw""]","[""lineageos"", ""seed"", ""play"", ""ift""]",sin_verificar,,,Motorola
nash,1,motorola,moto z2 force,Qualcomm MSM8998 Snapdragon 835,qualcomm,msm8998,"[""XT1789-02"", ""XT1789-03"", ""XT1789-04"", ""XT1789-05"", ""XT1789-06"", ""XT1789-07""]",2730,5.5,1440x2560,21,1,1,avb,boot,fastboot_motorola,EDL 900E / 9008 (Sahara + Firehose XML),1,"[""a_b_slots"", ""adb"", ""battery_calibration"", ""battery_health_read"", ""display_pwm_test"", ""dynamic_partitions"", ""edl"", ""evidence_capture"", ""fastboot"", ""fastbootd"", ""frp_owner_assisted"", ""network_reset"", ""official_rom_flash"", ""ota"", ""recovery"", ""sim_reset"", ""storage_health_read"", ""thermal_read"", ""touch_grid_test"", ""verified_boot""]","[""edl_requires_signed_programmer"", ""pre_install_required:nash"", ""recovery_flash_target_is:boot""]","[""lineageos"", ""seed"", ""ift""]",sin_verificar,,,Motorola
nash,2,motorola,moto z (2018),Qualcomm MSM8998 Snapdragon 835,qualcomm,msm8998,"[""XT1789-02"", ""XT1789-03"", ""XT1789-04"", ""XT1789-05"", ""XT1789-06"", ""XT1789-07""]",2730,5.5,1440x2560,21,1,1,avb,boot,fastboot_motorola,EDL 900E / 9008 (Sahara + Firehose XML),1,"[""a_b_slots"", ""adb"", ""battery_calibration"", ""battery_health_read"", ""display_pwm_test"", ""dynamic_partitions"", ""edl"", ""evidence_capture"", ""fastboot"", ""fastbootd"", ""frp_owner_assisted"", ""network_reset"", ""official_rom_flash"", ""ota"", ""recovery"", ""sim_reset"", ""storage_health_read"", ""thermal_read"", ""touch_grid_test"", ""verified_boot""]","[""edl_requires_signed_programmer"", ""pre_install_required:nash"", ""recovery_flash_target_is:boot""]","[""lineageos"", ""seed"", ""play"", ""ift""]",sin_verificar,,,Motorola
nio,1,motorola,edge s,Qualcomm SM8250-AC Snapdragon 870,qualcomm,sm8250,"[""XT2125-4""]",5000,6.7,1080x2520,22,1,1,avb,boot,fastboot_motorola,EDL 900E / 9008 (Sahara + Firehose XML),1,"[""a_b_slots"", ""adb"", ""battery_calibration"", ""battery_health_read"", ""display_pwm_test"", ""dynamic_partitions"", ""edl"", ""evidence_capture"", ""fastboot"", ""fastbootd"", ""frp_owner_assisted"", ""network_reset"", ""official_rom_flash"", ""ota"", ""recovery"", ""sim_reset"", ""storage_health_read"", ""thermal_read"", ""touch_grid_test"", ""verified_boot""]","[""edl_requires_signed_programmer"", ""pre_install_required:needs_specific_android_fw"", ""recovery_flash_target_is:boot""]","[""lineageos"", ""seed"", ""ift""]",sin_verificar,,,Motorola
nio,2,motorola,moto g100,Qualcomm SM8250-AC Snapdragon 870,qualcomm,sm8250,"[""XT2125-4""]",5000,6.7,1080x2520,22,1,1,avb,boot,fastboot_motorola,EDL 900E / 9008 (Sahara + Firehose XML),1,"[""a_b_slots"", ""adb"", ""battery_calibration"", ""battery_health_read"", ""display_pwm_test"", ""dynamic_partitions"", ""edl"", ""evidence_capture"", ""fastboot"", ""fastbootd"", ""frp_owner_assisted"", ""network_reset"", ""official_rom_flash"", ""ota"", ""recovery"", ""sim_reset"", ""storage_health_read"", ""thermal_read"", ""touch_grid_test"", ""verified_boot""]","[""edl_requires_signed_programmer"", ""pre_install_required:needs_specific_android_fw"", ""recovery_flash_target_is:boot""]","[""lineageos"", ""seed"", ""play"", ""ift""]",sin_verificar,,,Motorola
ocean,,motorola,moto g7 power,Qualcomm SDM632 Snapdragon 632,qualcomm,sdm632,"[""XT1955-1"", ""XT1955-2"", ""XT1955-4"", ""XT1955-5"", ""XT1955-7""]",5000,6.2,720x1570,21,1,1,avb,boot,fastboot_motorola,EDL 900E / 9008 (Sahara + Firehose XML),1,"[""a_b_slots"", ""adb"", ""battery_calibration"", ""battery_health_read"", ""display_pwm_test"", ""dynamic_partitions"", ""edl"", ""evidence_capture"", ""fastboot"", ""fastbootd"", ""frp_owner_assisted"", ""network_reset"", ""official_rom_flash"", ""ota"", ""recovery"", ""sim_reset"", ""storage_health_read"", ""thermal_read"", ""touch_grid_test"", ""verified_boot""]","[""edl_requires_signed_programmer"", ""recovery_flash_target_is:boot""]","[""lineageos"", ""seed"", ""play"", ""ift""]",sin_verificar,,,Motorola
osprey,,motorola,moto g (2015),Qualcomm MSM8916 Snapdragon 410,qualcomm,msm8916,"[""XT1540"", ""XT1541"", ""XT1542"", ""XT1543"", ""XT1544"", ""XT1548"", ""XT1550""]",2470,5,720x1280,16,,1,avb,recovery,fastboot_motorola,EDL 900E / 9008 (Sahara + Firehose XML),1,"[""a_only"", ""adb"", ""battery_calibration"", ""battery_health_read"", ""display_pwm_test"", ""dynamic_partitions"", ""edl"", ""evidence_capture"", ""fastboot"", ""fastbootd"", ""frp_owner_assisted"", ""network_reset"", ""official_rom_flash"", ""ota"", ""recovery"", ""sim_reset"", ""storage_health_read"", ""thermal_read"", ""touch_grid_test"", ""verified_boot""]","[""edl_requires_signed_programmer"", ""pre_install_required:needs_specific_android_fw""]","[""lineageos"", ""seed"", ""ift""]",sin_verificar,,,Motorola
otus,,motorola,moto e (2015),Qualcomm MSM8212 Snapdragon 200,qualcomm,msm8610,"[""XT1505"", ""XT1506"", ""XT1511""]",2390,4.5,540x960,,,,,recovery,fastboot_motorola,EDL 900E / 9008 (Sahara + Firehose XML),1,"[""a_only"", ""adb"", ""battery_calibration"", ""battery_health_read"", ""display_pwm_test"", ""edl"", ""evidence_capture"", ""fastboot"", ""frp_owner_assisted"", ""network_reset"", ""official_rom_flash"", ""ota"", ""recovery"", ""sim_reset"", ""storage_health_read"", ""thermal_read"", ""touch_grid_test""]","[""edl_requires_signed_programmer""]","[""lineageos"", ""seed"", ""play"", ""ift""]",sin_verificar,,,Motorola
parker,,motorola,one zoom,Qualcomm SM6150 Snapdragon 675,qualcomm,sm6150,"[""XT2010-1""]",4000,6.39,1080x2340,19,1,1,avb,boot,fastboot_motorola,EDL 900E / 9008 (Sahara + Firehose XML),1,"[""a_b_slots"", ""adb"", ""battery_calibration"", ""battery_health_read"", ""display_pwm_test"", ""dynamic_partitions"", ""edl"", ""evidence_capture"", ""fastboot"", ""fastbootd"", ""frp_owner_assisted"", ""network_reset"", ""official_rom_flash"", ""ota"", ""recovery"", ""sim_reset"", ""storage_health_read"", ""thermal_read"", ""touch_grid_test"", ""verified_boot""]","[""edl_requires_signed_programmer"", ""pre_install_required:needs_specific_android_fw"", ""recovery_flash_target_is:boot""]","[""lineageos"", ""seed"", ""play"", ""ift""]",sin_verificar,,,Motorola
payton,,motorola,moto x4,Qualcomm SDM630 Snapdragon 630,qualcomm,msm8998,"[""XT1900-1"", ""XT1900-2"", ""XT1900-3"", ""XT1900-4"", ""XT1900-5"", ""XT1900-6"", ""XT1900-7""]",3000,5.2,1080x1920,21,1,1,avb,boot,fastboot_motorola,EDL 900E / 9008 (Sahara + Firehose XML),1,"[""a_b_slots"", ""adb"", ""battery_calibration"", ""battery_health_read"", ""display_pwm_test"", ""dynamic_partitions"", ""edl"", ""evidence_capture"", ""fastboot"", ""fastbootd"", ""frp_owner_assisted"", ""network_reset"", ""official_rom_flash"", ""ota"", ""recovery"", ""sim_reset"", ""storage_health_read"", ""thermal_read"", ""touch_grid_test"", ""verified_boot""]","[""edl_requires_signed_programmer"", ""pre_install_required:needs_specific_android_fw"", ""recovery_flash_target_is:boot""]","[""lineageos"", ""seed"", ""play"", ""ift""]",sin_verificar,,,Motorola
peregrine,,motorola,moto g 4G,Qualcomm MSM8926 Snapdragon 400,qualcomm,msm8226,"[""XT1039"", ""XT1040"", ""XT1042"", ""XT1045""]",2070,4.5,720x1280,,,,,recovery,fastboot_motorola,EDL 900E / 9008 (Sahara + Firehose XML),1,"[""a_only"", ""adb"", ""battery_calibration"", ""battery_health_read"", ""display_pwm_test"", ""edl"", ""evidence_capture"", ""fastboot"", ""frp_owner_assisted"", ""network_reset"", ""official_rom_flash"", ""ota"", ""recovery"", ""sim_reset"", ""storage_health_read"", ""thermal_read"", ""touch_grid_test""]","[""edl_requires_signed_programmer""]","[""lineageos"", ""seed"", ""play"", ""ift""]",sin_verificar,,,Motorola
pstar,,motorola,edge 20 pro,Qualcomm SM8250-AC Snapdragon 870,qualcomm,sm8250,"[""XT2153-1""]",4500,6.7,1080x2400,22,1,1,avb,boot,fastboot_motorola,EDL 900E / 9008 (Sahara + Firehose XML),1,"[""a_b_slots"", ""adb"", ""battery_calibration"", ""battery_health_read"", ""display_pwm_test"", ""dynamic_partitions"", ""edl"", ""evidence_capture"", ""fastboot"", ""fastbootd"", ""frp_owner_assisted"", ""network_reset"", ""official_rom_flash"", ""ota"", ""recovery"", ""sim_reset"", ""storage_health_read"", ""thermal_read"", ""touch_grid_test"", ""verified_boot""]","[""edl_requires_signed_programmer"", ""pre_install_required:needs_specific_android_fw"", ""recovery_flash_target_is:boot""]","[""lineageos"", ""seed"", ""play"", ""ift""]",homologado,RTIMOXT21-2087,https://www.motorola.com.mx/ift/,Motorola
racer,,motorola,edge,Qualcomm SM7250 Snapdragon 765G,qualcomm,sm8250,"[""XT2063-2"", ""XT2063-3""]",4500,6.7,1080x2340,22,1,1,avb,recovery,fastboot_motorola,EDL 900E / 9008 (Sahara + Firehose XML),1,"[""a_b_slots"", ""adb"", ""battery_calibration"", ""battery_health_read"", ""display_pwm_test"", ""dynamic_partitions"", ""edl"", ""evidence_capture"", ""fastboot"", ""fastbootd"", ""frp_owner_assisted"", ""network_reset"", ""official_rom_flash"", ""ota"", ""recovery"", ""sim_reset"", ""storage_health_read"", ""thermal_read"", ""touch_grid_test"", ""verified_boot""]","[""edl_requires_signed_programmer"", ""pre_install_required:needs_specific_android_fw""]","[""lineageos"", ""seed"", ""play"", ""ift""]",sin_verificar,,,Motorola
rhannah,,motorola,moto e5 plus (XT1924-1/2/4/5),Qualcomm MSM8917 Snapdragon 425,qualcomm,msm8953,"[""XT1924-1"", ""XT1924-2"", ""XT1924-4"", ""XT1924-5""]",5000,6,1440x720,17,,1,avb,recovery,fastboot_motorola,EDL 900E / 9008 (Sahara + Firehose XML),1,"[""a_only"", ""adb"", ""battery_calibration"", ""battery_health_read"", ""display_pwm_test"", ""dynamic_partitions"", ""edl"", ""evidence_capture"", ""fastboot"", ""fastbootd"", ""frp_owner_assisted"", ""network_reset"", ""official_rom_flash"", ""ota"", ""recovery"", ""sim_reset"", ""storage_health_read"", ""thermal_read"", ""touch_grid_test"", ""verified_boot""]","[""edl_requires_signed_programmer""]","[""lineageos"", ""seed"", ""play"", ""ift""]",sin_verificar,,,Motorola
rhode,,motorola,moto g52,Qualcomm SM6225 Snapdragon 680 4G,qualcomm,sm6225,"[""XT2221-1"", ""XT2221-2""]",5000,6.6,1080x2400,22,1,1,avb,boot,fastboot_motorola,EDL 900E / 9008 (Sahara + Firehose XML),1,"[""a_b_slots"", ""adb"", ""battery_calibration"", ""battery_health_read"", ""display_pwm_test"", ""dynamic_partitions"", ""edl"", ""evidence_capture"", ""fastboot"", ""fastbootd"", ""frp_owner_assisted"", ""network_reset"", ""official_rom_flash"", ""ota"", ""recovery"", ""sim_reset"", ""storage_health_read"", ""thermal_read"", ""touch_grid_test"", ""verified_boot""]","[""edl_requires_signed_programmer"", ""pre_install_required:needs_specific_android_fw"", ""recovery_flash_target_is:boot""]","[""lineageos"", ""seed"", ""play"", ""ift""]",homologado,RTIMOXT22-2121,https://www.motorola.com.mx/ift/,Motorola
rhodep,,motorola,moto g82 5G,Qualcomm SM6375 Snapdragon 695,qualcomm,sm6375,"[""XT2225-1""]",5000,6.6,1080x2400,22,1,1,avb,boot,fastboot_motorola,EDL 900E / 9008 (Sahara + Firehose XML),1,"[""a_b_slots"", ""adb"", ""battery_calibration"", ""battery_health_read"", ""display_pwm_test"", ""dynamic_partitions"", ""edl"", ""evidence_capture"", ""fastboot"", ""fastbootd"", ""frp_owner_assisted"", ""network_reset"", ""official_rom_flash"", ""ota"", ""recovery"", ""sim_reset"", ""storage_health_read"", ""thermal_read"", ""touch_grid_test"", ""verified_boot""]","[""edl_requires_signed_programmer"", ""recovery_flash_target_is:boot""]","[""lineageos"", ""seed"", ""play"", ""ift""]",homologado,RTIMOXT22-2655,https://www.motorola.com.mx/ift/,Motorola
river,,motorola,moto g7,Qualcomm SDM632 Snapdragon 632,qualcomm,sdm632,"[""XT1962-01"", ""XT1962-04"", ""XT1962-05"", ""XT1962-06""]",3000,6.2,1080x2270,21,1,1,avb,boot,fastboot_motorola,EDL 900E / 9008 (Sahara + Firehose XML),1,"[""a_b_slots"", ""adb"", ""battery_calibration"", ""battery_health_read"", ""display_pwm_test"", ""dynamic_partitions"", ""edl"", ""evidence_capture"", ""fastboot"", ""fastbootd"", ""frp_owner_assisted"", ""network_reset"", ""official_rom_flash"", ""ota"", ""recovery"", ""sim_reset"", ""storage_health_read"", ""thermal_read"", ""touch_grid_test"", ""verified_boot""]","[""edl_requires_signed_programmer"", ""recovery_flash_target_is:boot""]","[""lineageos"", ""seed"", ""play"", ""ift""]",sin_verificar,,,Motorola
rtwo,1,motorola,edge 40 pro,Qualcomm SM8550 Snapdragon 8 Gen2,qualcomm,sm8550,"[""XT2301-4""]",4600,6.67,1080x2400,22,1,1,avb,recovery,fastboot_motorola,EDL 900E / 9008 (Sahara + Firehose XML),1,"[""a_b_slots"", ""adb"", ""battery_calibration"", ""battery_health_read"", ""display_pwm_test"", ""dynamic_partitions"", ""edl"", ""evidence_capture"", ""fastboot"", ""fastbootd"", ""frp_owner_assisted"", ""network_reset"", ""official_rom_flash"", ""ota"", ""recovery"", ""sim_reset"", ""storage_health_read"", ""thermal_read"", ""touch_grid_test"", ""verified_boot""]","[""edl_requires_signed_programmer"", ""pre_install_required:needs_specific_android_fw""]","[""lineageos"", ""seed"", ""ift""]",sin_verificar,,,Motorola
rtwo,2,motorola,moto X40,Qualcomm SM8550 Snapdragon 8 Gen2,qualcomm,sm8550,"[""XT2301-5""]",4600,6.67,1080x2400,22,1,1,avb,recovery,fastboot_motorola,EDL 900E / 9008 (Sahara + Firehose XML),1,"[""a_b_slots"", ""adb"", ""battery_calibration"", ""battery_health_read"", ""display_pwm_test"", ""dynamic_partitions"", ""edl"", ""evidence_capture"", ""fastboot"", ""fastbootd"", ""frp_owner_assisted"", ""network_reset"", ""official_rom_flash"", ""ota"", ""recovery"", ""sim_reset"", ""storage_health_read"", ""thermal_read"", ""touch_grid_test"", ""verified_boot""]","[""edl_requires_signed_programmer"", ""pre_install_required:needs_specific_android_fw""]","[""lineageos"", ""seed"", ""ift""]",sin_verificar,,,Motorola
rtwo,3,motorola,edge+ (2023),Qualcomm SM8550 Snapdragon 8 Gen2,qualcomm,sm8550,"[""XT2301-1""]",5100,6.67,1080x2400,22,1,1,avb,recovery,fastboot_motorola,EDL 900E / 9008 (Sahara + Firehose XML),1,"[""a_b_slots"", ""adb"", ""battery_calibration"", ""battery_health_read"", ""display_pwm_test"", ""dynamic_partitions"", ""edl"", ""evidence_capture"", ""fastboot"", ""fastbootd"", ""frp_owner_assisted"", ""network_reset"", ""official_rom_flash"", ""ota"", ""recovery"", ""sim_reset"", ""storage_health_read"", ""thermal_read"", ""touch_grid_test"", ""verified_boot""]","[""edl_requires_signed_programmer"", ""pre_install_required:needs_specific_android_fw""]","[""lineageos"", ""seed"", ""play"", ""ift""]",sin_verificar,,,Motorola
spyder,1,motorola,DROID RAZR (CDMA),TI OMAP4430,ti,omap4,"[""XT912""]",1780,4.3,540x960,,,,,recovery,fastboot_motorola,,,"[""a_only"", ""adb"", ""battery_calibration"", ""battery_health_read"", ""display_pwm_test"", ""evidence_capture"", ""fastboot"", ""frp_owner_assisted"", ""network_reset"", ""official_rom_flash"", ""ota"", ""recovery"", ""sim_reset"", ""storage_health_read"", ""thermal_read"", ""touch_grid_test""]",[],"[""lineageos"", ""ift""]",sin_verificar,,,Motorola
spyder,2,motorola,DROID RAZR MAXX (CDMA),TI OMAP4430,ti,omap4,"[""XT912""]",1780,4.3,540x960,,,,,recovery,fastboot_motorola,,,"[""a_only"", ""adb"", ""battery_calibration"", ""battery_health_read"", ""display_pwm_test"", ""evidence_capture"", ""fastboot"", ""frp_owner_assisted"", ""network_reset"", ""official_rom_flash"", ""ota"", ""recovery"", ""sim_reset"", ""storage_health_read"", ""thermal_read"", ""touch_grid_test""]",[],"[""lineageos"", ""ift""]",sin_verificar,,,Motorola
surnia,,motorola,moto e LTE (2015),Qualcomm MSM8916 Snapdragon 410,qualcomm,msm8916,"[""XT1514"", ""XT1521"", ""XT1523"", ""XT1524"", ""XT1526"", ""XT1527""]",2390,4.5,540x960,16,,1,avb,recovery,fastboot_motorola,EDL 900E / 9008 (Sahara + Firehose XML),1,"[""a_only"", ""adb"", ""battery_calibration"", ""battery_health_read"", ""display_pwm_test"", ""dynamic_partitions"", ""edl"", ""evidence_capture"", ""fastboot"", ""fastbootd"", ""frp_owner_assisted"", ""network_reset"", ""official_rom_flash"", ""ota"", ""recovery"", ""sim_reset"", ""storage_health_read"", ""thermal_read"", ""touch_grid_test"", ""verified_boot""]","[""edl_requires_signed_programmer"", ""pre_install_required:needs_specific_android_fw""]","[""lineageos"", ""seed"", ""play"", ""ift""]",sin_verificar,,,Motorola
targa,,motorola,DROID BIONIC,TI OMAP4430,ti,omap4,"[""XT875""]",1735,4.3,540x960,,,,,recovery,fastboot_motorola,,,"[""a_only"", ""adb"", ""battery_calibration"", ""battery_health_read"", ""display_pwm_test"", ""evidence_capture"", ""fastboot"", ""frp_owner_assisted"", ""network_reset"", ""official_rom_flash"", ""ota"", ""recovery"", ""sim_reset"", ""storage_health_read"", ""thermal_read"", ""touch_grid_test""]",[],"[""lineageos"", ""ift""]",sin_verificar,,,Motorola
thea,,motorola,moto g LTE (2014),Qualcomm MSM8926 Snapdragon 400,qualcomm,msm8226,"[""XT1072"", ""XT1077"", ""XT1078"", ""XT1079""]",2390,5,720x1280,,,,,recovery,fastboot_motorola,EDL 900E / 9008 (Sahara + Firehose XML),1,"[""a_only"", ""adb"", ""battery_calibration"", ""battery_health_read"", ""display_pwm_test"", ""edl"", ""evidence_capture"", ""fastboot"", ""frp_owner_assisted"", ""network_reset"", ""official_rom_flash"", ""ota"", ""recovery"", ""sim_reset"", ""storage_health_read"", ""thermal_read"", ""touch_grid_test""]","[""edl_requires_signed_programmer""]","[""lineageos"", ""seed"", ""play"", ""ift""]",sin_verificar,,,Motorola
titan,,motorola,moto g (2014),Qualcomm MSM8226 Snapdragon 400,qualcomm,msm8226,"[""XT1063"", ""XT1064"", ""XT1068"", ""XT1069""]",2070,5,720x1280,,,,,recovery,fastboot_motorola,EDL 900E / 9008 (Sahara + Firehose XML),1,"[""a_only"", ""adb"", ""battery_calibration"", ""battery_health_read"", ""display_pwm_test"", ""edl"", ""evidence_capture"", ""fastboot"", ""frp_owner_assisted"", ""network_reset"", ""official_rom_flash"", ""ota"", ""recovery"", ""sim_reset"", ""storage_health_read"", ""thermal_read"", ""touch_grid_test""]","[""edl_requires_signed_programmer""]","[""lineageos"", ""seed"", ""play"", ""ift""]",sin_verificar,,,Motorola
troika,,motorola,one action,Samsung Exynos 9609,exynos,exynos9610,"[""XT2013-1"", ""XT2013-2"", ""XT2013-3"", ""XT2013-4""]",3500,6.3,1080x2520,22,1,1,avb,boot,fastboot_motorola,Samsung Download mode 04E8:6600 / 685D (Odin-style protocol),1,"[""a_b_slots"", ""adb"", ""battery_calibration"", ""battery_health_read"", ""display_pwm_test"", ""dynamic_partitions"", ""evidence_capture"", ""fastboot"", ""fastbootd"", ""frp_owner_assisted"", ""network_reset"", ""odin_download"", ""official_rom_flash"", ""ota"", ""recovery"", ""sim_reset"", ""storage_health_read"", ""thermal_read"", ""touch_grid_test"", ""verified_boot""]","[""odin_requires_signed_secure_package"", ""recovery_flash_target_is:boot""]","[""lineageos"", ""seed"", ""play"", ""ift""]",sin_verificar,,,Motorola
tundra,1,motorola,edge 30 fusion,Qualcomm SM8350-AC Snapdragon 888+,qualcomm,sm7325,"[""XT2243-1""]",4400,6.55,1080x2400,22,1,1,avb,boot,fastboot_motorola,EDL 900E / 9008 (Sahara + Firehose XML),1,"[""a_b_slots"", ""adb"", ""battery_calibration"", ""battery_health_read"", ""display_pwm_test"", ""dynamic_partitions"", ""edl"", ""evidence_capture"", ""fastboot"", ""fastbootd"", ""frp_owner_assisted"", ""network_reset"", ""official_rom_flash"", ""ota"", ""recovery"", ""sim_reset"", ""storage_health_read"", ""thermal_read"", ""touch_grid_test"", ""verified_boot""]","[""edl_requires_signed_programmer"", ""recovery_flash_target_is:boot""]","[""lineageos"", ""seed"", ""ift""]",homologado,MOMOXT22-13111,https://www.motorola.com.mx/ift/,Motorola
tundra,2,motorola,moto S30 Pro,Qualcomm SM8350-AC Snapdragon 888+,qualcomm,sm7325,"[""XT2243-2""]",4400,6.55,1080x2400,22,1,1,avb,boot,fastboot_motorola,EDL 900E / 9008 (Sahara + Firehose XML),1,"[""a_b_slots"", ""adb"", ""battery_calibration"", ""battery_health_read"", ""display_pwm_test"", ""dynamic_partitions"", ""edl"", ""evidence_capture"", ""fastboot"", ""fastbootd"", ""frp_owner_assisted"", ""network_reset"", ""official_rom_flash"", ""ota"", ""recovery"", ""sim_reset"", ""storage_health_read"", ""thermal_read"", ""touch_grid_test"", ""verified_boot""]","[""edl_requires_signed_programmer"", ""recovery_flash_target_is:boot""]","[""lineageos"", ""seed"", ""play"", ""ift""]",sin_verificar,,,Motorola
umts_spyder,1,motorola,DROID RAZR (GSM),TI OMAP4430,ti,omap4,"[""XT910""]",3300,4.3,540x960,,,,,recovery,fastboot_motorola,,,"[""a_only"", ""adb"", ""battery_calibration"", ""battery_health_read"", ""display_pwm_test"", ""evidence_capture"", ""fastboot"", ""frp_owner_assisted"", ""network_reset"", ""official_rom_flash"", ""ota"", ""recovery"", ""sim_reset"", ""storage_health_read"", ""thermal_read"", ""touch_grid_test""]",[],"[""lineageos"", ""ift""]",sin_verificar,,,Motorola
umts_spyder,2,motorola,DROID RAZR MAXX (GSM),TI OMAP4430,ti,omap4,"[""XT910""]",3300,4.3,540x960,,,,,recovery,fastboot_motorola,,,"[""a_only"", ""adb"", ""battery_calibration"", ""battery_health_read"", ""display_pwm_test"", ""evidence_capture"", ""fastboot"", ""frp_owner_assisted"", ""network_reset"", ""official_rom_flash"", ""ota"", ""recovery"", ""sim_reset"", ""storage_health_read"", ""thermal_read"", ""touch_grid_test""]",[],"[""lineageos"", ""play"", ""ift""]",sin_verificar,,,Motorola
victara,,motorola,moto x (2014),Qualcomm MSM8974AC Snapdragon 801,qualcomm,msm8974,"[""XT1092"", ""XT1093"", ""XT1094"", ""XT1095"", ""XT1096"", ""XT1097"", ""XT1098""]",2300,5.2,1080x1920,17,,1,avb,recovery,fastboot_motorola,EDL 900E / 9008 (Sahara + Firehose XML),1,"[""a_only"", ""adb"", ""battery_calibration"", ""battery_health_read"", ""display_pwm_test"", ""dynamic_partitions"", ""edl"", ""evidence_capture"", ""fastboot"", ""fastbootd"", ""frp_owner_assisted"", ""network_reset"", ""official_rom_flash"", ""ota"", ""recovery"", ""sim_reset"", ""storage_health_read"", ""thermal_read"", ""touch_grid_test"", ""verified_boot""]","[""edl_requires_signed_programmer""]","[""lineageos"", ""seed"", ""play"", ""ift""]",sin_verificar,,,Motorola
xpeng,1,motorola,moto g200 5G,Qualcomm SM8350-AC Snapdragon 888+,qualcomm,sm7325,"[""XT2175-1""]",5000,6.8,1080x2460,22,1,1,avb,boot,fastboot_motorola,EDL 900E / 9008 (Sahara + Firehose XML),1,"[""a_b_slots"", ""adb"", ""battery_calibration"", ""battery_health_read"", ""display_pwm_test"", ""dynamic_partitions"", ""edl"", ""evidence_capture"", ""fastboot"", ""fastbootd"", ""frp_owner_assisted"", ""network_reset"", ""official_rom_flash"", ""ota"", ""recovery"", ""sim_reset"", ""storage_health_read"", ""thermal_read"", ""touch_grid_test"", ""verified_boot""]","[""edl_requires_signed_programmer"", ""pre_install_required:needs_specific_android_fw"", ""recovery_flash_target_is:boot""]","[""lineageos"", ""seed"", ""ift""]",homologado,RTIMOXT22-0205,https://www.motorola.com.mx/ift/,Motorola
xpeng,2,motorola,Edge S30,Qualcomm SM8350-AC Snapdragon 888+,qualcomm,sm7325,"[""XT2175-2""]",5000,6.8,1080x2460,22,1,1,avb,boot,fastboot_motorola,EDL 900E / 9008 (Sahara + Firehose XML),1,"[""a_b_slots"", ""adb"", ""battery_calibration"", ""battery_health_read"", ""display_pwm_test"", ""dynamic_partitions"", ""edl"", ""evidence_capture"", ""fastboot"", ""fastbootd"", ""frp_owner_assisted"", ""network_reset"", ""official_rom_flash"", ""ota"", ""recovery"", ""sim_reset"", ""storage_health_read"", ""thermal_read"", ""touch_grid_test"", ""verified_boot""]","[""edl_requires_signed_programmer"", ""pre_install_required:needs_specific_android_fw"", ""recovery_flash_target_is:boot""]","[""lineageos"", ""seed"", ""play"", ""ift""]",sin_verificar,,,Motorola
xt897,,motorola,PHOTON Q 4G LTE,Qualcomm MSM8960 Snapdragon S4 Plus,qualcomm,msm8960,"[""XT897""]",1785,4.3,540x960,,,,,recovery,fastboot_motorola,EDL 900E / 9008 (Sahara + Firehose XML),1,"[""a_only"", ""adb"", ""battery_calibration"", ""battery_health_read"", ""display_pwm_test"", ""edl"", ""evidence_capture"", ""fastboot"", ""frp_owner_assisted"", ""network_reset"", ""official_rom_flash"", ""ota"", ""recovery"", ""sim_reset"", ""storage_health_read"", ""thermal_read"", ""touch_grid_test""]","[""edl_requires_signed_programmer""]","[""lineageos"", ""seed"", ""play"", ""ift""]",sin_verificar,,,Motorola
ether,,nextbit,Robin,Qualcomm MSM8992 Snapdragon 808,qualcomm,msm8992,[],2680,5.2,1080x1920,17,,1,avb,recovery,fastboot_nexus,EDL 900E / 9008 (Sahara + Firehose XML),1,"[""a_only"", ""adb"", ""battery_calibration"", ""battery_health_read"", ""display_pwm_test"", ""dynamic_partitions"", ""edl"", ""evidence_capture"", ""fastboot"", ""fastbootd"", ""frp_owner_assisted"", ""network_reset"", ""official_rom_flash"", ""ota"", ""recovery"", ""sim_reset"", ""storage_health_read"", ""thermal_read"", ""touch_grid_test"", ""unlock_official"", ""verified_boot""]","[""edl_requires_signed_programmer""]","[""lineageos"", ""seed"", ""play"", ""ift""]",desconocido,,,Nextbit
nx,1,nintendo,Switch v1 [Android TV],NVIDIA Tegra X1 (T210),nvidia,,"[""v1 (odin)""]",4310,6.2,1280x720,21,,1,avb,recovery,nintendo,,,"[""a_only"", ""adb"", ""battery_calibration"", ""battery_health_read"", ""display_pwm_test"", ""dynamic_partitions"", ""evidence_capture"", ""fastboot"", ""fastbootd"", ""frp_owner_assisted"", ""network_reset"", ""official_rom_flash"", ""ota"", ""recovery"", ""sim_reset"", ""storage_health_read"", ""thermal_read"", ""touch_grid_test"", ""verified_boot""]",[],"[""lineageos"", ""ift""]",desconocido,,,Nintendo
nx,2,nintendo,Switch v2 [Android TV],NVIDIA Tegra X1+ (T210b01),nvidia,,"[""v2 (modin)""]",4310,6.2,1280x720,21,,1,avb,recovery,nintendo,,,"[""a_only"", ""adb"", ""battery_calibration"", ""battery_health_read"", ""display_pwm_test"", ""dynamic_partitions"", ""evidence_capture"", ""fastboot"", ""fastbootd"", ""frp_owner_assisted"", ""network_reset"", ""official_rom_flash"", ""ota"", ""recovery"", ""sim_reset"", ""storage_health_read"", ""thermal_read"", ""touch_grid_test"", ""verified_boot""]",[],"[""lineageos"", ""ift""]",desconocido,,,Nintendo
nx,3,nintendo,Switch Lite [Android TV],NVIDIA Tegra X1+ (T210b01),nvidia,,"[""Lite (vali)""]",3570,5.5,1280x720,21,,1,avb,recovery,nintendo,,,"[""a_only"", ""adb"", ""battery_calibration"", ""battery_health_read"", ""display_pwm_test"", ""dynamic_partitions"", ""evidence_capture"", ""fastboot"", ""fastbootd"", ""frp_owner_assisted"", ""network_reset"", ""official_rom_flash"", ""ota"", ""recovery"", ""sim_reset"", ""storage_health_read"", ""thermal_read"", ""touch_grid_test"", ""verified_boot""]",[],"[""lineageos"", ""ift""]",desconocido,,,Nintendo
nx,4,nintendo,Switch OLED [Android TV],NVIDIA Tegra X1+ (T210b01),nvidia,,"[""OLED (fric)""]",4310,7,1280x720,21,,1,avb,recovery,nintendo,,,"[""a_only"", ""adb"", ""battery_calibration"", ""battery_health_read"", ""display_pwm_test"", ""dynamic_partitions"", ""evidence_capture"", ""fastboot"", ""fastbootd"", ""frp_owner_assisted"", ""network_reset"", ""official_rom_flash"", ""ota"", ""recovery"", ""sim_reset"", ""storage_health_read"", ""thermal_read"", ""touch_grid_test"", ""verified_boot""]",[],"[""lineageos"", ""ift""]",desconocido,,,Nintendo
nx_tab,1,nintendo,Switch v1 [Tablet],NVIDIA Tegra X1 (T210),nvidia,,"[""v1 (odin)""]",4310,6.2,1280x720,21,,1,avb,recovery,nintendo,,,"[""a_only"", ""adb"", ""battery_calibration"", ""battery_health_read"", ""display_pwm_test"", ""dynamic_partitions"", ""evidence_capture"", ""fastboot"", ""fastbootd"", ""frp_owner_assisted"", ""network_reset"", ""official_rom_flash"", ""ota"", ""recovery"", ""sim_reset"", ""storage_health_read"", ""thermal_read"", ""touch_grid_test"", ""verified_boot""]",[],"[""lineageos"", ""ift""]",desconocido,,,Nintendo
nx_tab,2,nintendo,Switch v2 [Tablet],NVIDIA Tegra X1+ (T210b01),nvidia,,"[""v2 (modin)""]",4310,6.2,1280x720,21,,1,avb,recovery,nintendo,,,"[""a_only"", ""adb"", ""battery_calibration"", ""battery_health_read"", ""display_pwm_test"", ""dynamic_partitions"", ""evidence_capture"", ""fastboot"", ""fastbootd"", ""frp_owner_assisted"", ""network_reset"", ""official_rom_flash"", ""ota"", ""recovery"", ""sim_reset"", ""storage_health_read"", ""thermal_read"", ""touch_grid_test"", ""verified_boot""]",[],"[""lineageos"", ""ift""]",desconocido,,,Nintendo
nx_tab,3,nintendo,Switch Lite [Tablet],NVIDIA Tegra X1+ (T210b01),nvidia,,"[""Lite (vali)""]",3570,5.5,1280x720,21,,1,avb,recovery,nintendo,,,"[""a_only"", ""adb"", ""battery_calibration"", ""battery_health_read"", ""display_pwm_test"", ""dynamic_partitions"", ""evidence_capture"", ""fastboot"", ""fastbootd"", ""frp_owner_assisted"", ""network_reset"", ""official_rom_flash"", ""ota"", ""recovery"", ""sim_reset"", ""storage_health_read"", ""thermal_read"", ""touch_grid_test"", ""verified_boot""]",[],"[""lineageos"", ""ift""]",desconocido,,,Nintendo
nx_tab,4,nintendo,Switch OLED [Tablet],NVIDIA Tegra X1+ (T210b01),nvidia,,"[""OLED (fric)""]",4310,7,1280x720,21,,1,avb,recovery,nintendo,,,"[""a_only"", ""adb"", ""battery_calibration"", ""battery_health_read"", ""display_pwm_test"", ""dynamic_partitions"", ""evidence_capture"", ""fastboot"", ""fastbootd"", ""frp_owner_assisted"", ""network_reset"", ""official_rom_flash"", ""ota"", ""recovery"", ""sim_reset"", ""storage_health_read"", ""thermal_read"", ""touch_grid_test"", ""verified_boot""]",[],"[""lineageos"", ""ift""]",desconocido,,,Nintendo
B2N,,nokia,7 plus,Qualcomm SDM660 Snapdragon 660,qualcomm,sdm660,"[""TA-1041"", ""TA-1062"", ""TA-1046""]",3800,6.0,2160x1080,21,1,1,avb,boot,fastboot_nokia,EDL 900E / 9008 (Sahara + Firehose XML),1,"[""a_b_slots"", ""adb"", ""battery_calibration"", ""battery_health_read"", ""display_pwm_test"", ""dynamic_partitions"", ""edl"", ""evidence_capture"", ""fastboot"", ""fastbootd"", ""frp_owner_assisted"", ""network_reset"", ""official_rom_flash"", ""ota"", ""recovery"", ""sim_reset"", ""storage_health_read"", ""thermal_read"", ""touch_grid_test"", ""verified_boot""]","[""edl_requires_signed_programmer"", ""pre_install_required:needs_specific_android_fw"", ""recovery_flash_target_is:boot""]","[""lineageos"", ""seed"", ""play"", ""ift""]",desconocido,,,Nokia
DRG,,nokia,6.1 Plus,Qualcomm SDM636 Snapdragon 636,qualcomm,sdm660,"[""TA-1083""]",3060,5.8,1080x2280,21,1,1,avb,boot,fastboot_nokia,EDL 900E / 9008 (Sahara + Firehose XML),1,"[""a_b_slots"", ""adb"", ""battery_calibration"", ""battery_health_read"", ""display_pwm_test"", ""dynamic_partitions"", ""edl"", ""evidence_capture"", ""fastboot"", ""fastbootd"", ""frp_owner_assisted"", ""network_reset"", ""official_rom_flash"", ""ota"", ""recovery"", ""sim_reset"", ""storage_health_read"", ""thermal_read"", ""touch_grid_test"", ""verified_boot""]","[""edl_requires_signed_programmer"", ""pre_install_required:needs_specific_android_fw"", ""recovery_flash_target_is:boot""]","[""lineageos"", ""seed"", ""play"", ""ift""]",desconocido,,,Nokia
NB1,,nokia,8,Qualcomm MSM8998 Snapdragon 835,qualcomm,msm8998,"[""TA-1004"", ""TA-1012"", ""TA-1052""]",3090,5.3,1440x2560,21,1,1,avb,boot,fastboot_nokia,EDL 900E / 9008 (Sahara + Firehose XML),1,"[""a_b_slots"", ""adb"", ""battery_calibration"", ""battery_health_read"", ""display_pwm_test"", ""dynamic_partitions"", ""edl"", ""evidence_capture"", ""fastboot"", ""fastbootd"", ""frp_owner_assisted"", ""network_reset"", ""official_rom_flash"", ""ota"", ""recovery"", ""sim_reset"", ""storage_health_read"", ""thermal_read"", ""touch_grid_test"", ""verified_boot""]","[""edl_requires_signed_programmer"", ""pre_install_required:needs_specific_android_fw"", ""recovery_flash_target_is:boot""]","[""lineageos"", ""seed"", ""play"", ""ift""]",desconocido,,,Nokia
PL2,,nokia,6.1 (2018),Qualcomm SDM630 Snapdragon 630,qualcomm,sdm660,"[""TA-1043"", ""TA-1089""]",3000,5.46,1080x1920,21,1,1,avb,boot,fastboot_nokia,EDL 900E / 9008 (Sahara + Firehose XML),1,"[""a_b_slots"", ""adb"", ""battery_calibration"", ""battery_health_read"", ""display_pwm_test"", ""dynamic_partitions"", ""edl"", ""evidence_capture"", ""fastboot"", ""fastbootd"", ""frp_owner_assisted"", ""network_reset"", ""official_rom_flash"", ""ota"", ""recovery"", ""sim_reset"", ""storage_health_read"", ""thermal_read"", ""touch_grid_test"", ""verified_boot""]","[""edl_requires_signed_programmer"", ""pre_install_required:needs_specific_android_fw"", ""recovery_flash_target_is:boot""]","[""lineageos"", ""seed"", ""play"", ""ift""]",desconocido,,,Nokia
Pong,,nothing,Phone (2),Qualcomm SM8475 Snapdragon 8+ Gen1,qualcomm,sm8475,"[""A065"", ""AIN065""]",4700,6.7,1080x2412,22,1,1,avb,recovery,fastboot_nexus,EDL 900E / 9008 (Sahara + Firehose XML),1,"[""a_b_slots"", ""adb"", ""battery_calibration"", ""battery_health_read"", ""display_pwm_test"", ""dynamic_partitions"", ""edl"", ""evidence_capture"", ""fastboot"", ""fastbootd"", ""frp_owner_assisted"", ""network_reset"", ""official_rom_flash"", ""ota"", ""recovery"", ""sim_reset"", ""storage_health_read"", ""thermal_read"", ""touch_grid_test"", ""unlock_official"", ""verified_boot""]","[""edl_requires_signed_programmer"", ""pre_install_required:needs_specific_android_fw""]","[""lineageos"", ""seed"", ""play"", ""ift""]",desconocido,,,Nothing
Spacewar,,nothing,Phone (1),Qualcomm SM7325-AE Snapdragon 778G+ 5G,qualcomm,sm7325,"[""A063""]",4500,6.55,1080x2400,22,1,1,avb,boot,fastboot_nexus,EDL 900E / 9008 (Sahara + Firehose XML),1,"[""a_b_slots"", ""adb"", ""battery_calibration"", ""battery_health_read"", ""display_pwm_test"", ""dynamic_partitions"", ""edl"", ""evidence_capture"", ""fastboot"", ""fastbootd"", ""frp_owner_assisted"", ""network_reset"", ""official_rom_flash"", ""ota"", ""recovery"", ""sim_reset"", ""storage_health_read"", ""thermal_read"", ""touch_grid_test"", ""unlock_official"", ""verified_boot""]","[""edl_requires_signed_programmer"", ""pre_install_required:needs_specific_android_fw"", ""recovery_flash_target_is:boot""]","[""lineageos"", ""seed"", ""play"", ""ift""]",desconocido,,,Nothing
TP1803,,nubia,Mini 5G,Qualcomm SM8150 Snapdragon 855,qualcomm,sm8150,[],3450,5.7,2160x1080,22,,1,avb,recovery,fastboot_unlocked,EDL 900E / 9008 (Sahara + Firehose XML),1,"[""a_only"", ""adb"", ""battery_calibration"", ""battery_health_read"", ""display_pwm_test"", ""dynamic_partitions"", ""edl"", ""evidence_capture"", ""fastboot"", ""fastbootd"", ""frp_owner_assisted"", ""network_reset"", ""official_rom_flash"", ""ota"", ""recovery"", ""sim_reset"", ""storage_health_read"", ""thermal_read"", ""touch_grid_test"", ""unlock_official"", ""verified_boot""]","[""edl_requires_signed_programmer""]","[""lineageos"", ""seed"", ""ift""]",desconocido,,,Nubia
nx512j,,nubia,Z9 Max,Qualcomm MSM8939 Snapdragon 615,qualcomm,msm8939,[],2900,5.5,1920x1080,,,,,recovery,fastboot_nexus,EDL 900E / 9008 (Sahara + Firehose XML),1,"[""a_only"", ""adb"", ""battery_calibration"", ""battery_health_read"", ""display_pwm_test"", ""edl"", ""evidence_capture"", ""fastboot"", ""frp_owner_assisted"", ""network_reset"", ""official_rom_flash"", ""ota"", ""recovery"", ""sim_reset"", ""storage_health_read"", ""thermal_read"", ""touch_grid_test"", ""unlock_official""]","[""edl_requires_signed_programmer""]","[""lineageos"", ""seed"", ""play"", ""ift""]",desconocido,,,Nubia
nx563j,,nubia,Z17,Qualcomm MSM8998 Snapdragon 835,qualcomm,msm8998,[],3200,5.5,1080x1920,21,,1,avb,recovery,fastboot_nexus,EDL 900E / 9008 (Sahara + Firehose XML),1,"[""a_only"", ""adb"", ""battery_calibration"", ""battery_health_read"", ""display_pwm_test"", ""dynamic_partitions"", ""edl"", ""evidence_capture"", ""fastboot"", ""fastbootd"", ""frp_owner_assisted"", ""network_reset"", ""official_rom_flash"", ""ota"", ""recovery"", ""sim_reset"", ""storage_health_read"", ""thermal_read"", ""touch_grid_test"", ""unlock_official"", ""verified_boot""]","[""edl_requires_signed_programmer""]","[""lineageos"", ""seed"", ""play"", ""ift""]",desconocido,,,Nubia
nx606j,,nubia,Z18,Qualcomm SDM845 Snapdragon 845,qualcomm,sdm845,"[""NX606J""]",3450,5.99,1080x2160,21,,1,avb,recovery,fastboot_nexus,EDL 900E / 9008 (Sahara + Firehose XML),1,"[""a_only"", ""adb"", ""battery_calibration"", ""battery_health_read"", ""display_pwm_test"", ""dynamic_partitions"", ""edl"", ""evidence_capture"", ""fastboot"", ""fastbootd"", ""frp_owner_assisted"", ""network_reset"", ""official_rom_flash"", ""ota"", ""recovery"", ""sim_reset"", ""storage_health_read"", ""thermal_read"", ""touch_grid_test"", ""unlock_official"", ""verified_boot""]","[""edl_requires_signed_programmer"", ""pre_install_required:nx606j""]","[""lineageos"", ""seed"", ""play"", ""ift""]",desconocido,,,Nubia
nx609j,,nubia,Red Magic,Qualcomm MSM8998 Snapdragon 835,qualcomm,msm8998,"[""NX609J""]",3800,6,1080x2160,20,,1,avb,recovery,fastboot_nexus,EDL 900E / 9008 (Sahara + Firehose XML),1,"[""a_only"", ""adb"", ""battery_calibration"", ""battery_health_read"", ""display_pwm_test"", ""dynamic_partitions"", ""edl"", ""evidence_capture"", ""fastboot"", ""fastbootd"", ""frp_owner_assisted"", ""network_reset"", ""official_rom_flash"", ""ota"", ""recovery"", ""sim_reset"", ""storage_health_read"", ""thermal_read"", ""touch_grid_test"", ""unlock_official"", ""verified_boot""]","[""edl_requires_signed_programmer""]","[""lineageos"", ""seed"", ""play"", ""ift""]",desconocido,,,Nubia
nx611j,,nubia,Z18 Mini,Qualcomm SDM660 Snapdragon 660,qualcomm,sdm660,"[""NX611J"", ""M3""]",3450,5.7,1080x2160,20,,1,avb,recovery,fastboot_nexus,EDL 900E / 9008 (Sahara + Firehose XML),1,"[""a_only"", ""adb"", ""battery_calibration"", ""battery_health_read"", ""display_pwm_test"", ""dynamic_partitions"", ""edl"", ""evidence_capture"", ""fastboot"", ""fastbootd"", ""frp_owner_assisted"", ""network_reset"", ""official_rom_flash"", ""ota"", ""recovery"", ""sim_reset"", ""storage_health_read"", ""thermal_read"", ""touch_grid_test"", ""unlock_official"", ""verified_boot""]","[""edl_requires_signed_programmer""]","[""lineageos"", ""seed"", ""play"", ""ift""]",desconocido,,,Nubia
nx616j,,nubia,X,Qualcomm SDM845 Snapdragon 845,qualcomm,sdm845,"[""NX616J""]",3800,6.26,1080x2280,21,,1,avb,recovery,fastboot_nexus,EDL 900E / 9008 (Sahara + Firehose XML),1,"[""a_only"", ""adb"", ""battery_calibration"", ""battery_health_read"", ""display_pwm_test"", ""dynamic_partitions"", ""edl"", ""evidence_capture"", ""fastboot"", ""fastbootd"", ""frp_owner_assisted"", ""network_reset"", ""official_rom_flash"", ""ota"", ""recovery"", ""sim_reset"", ""storage_health_read"", ""thermal_read"", ""touch_grid_test"", ""unlock_official"", ""verified_boot""]","[""edl_requires_signed_programmer""]","[""lineageos"", ""seed"", ""ift""]",desconocido,,,Nubia
nx619j,,nubia,Red Magic Mars,Qualcomm SDM845 Snapdragon 845,qualcomm,sdm845,"[""NX619J""]",3800,6,1080x2160,21,,1,avb,recovery,fastboot_nexus,EDL 900E / 9008 (Sahara + Firehose XML),1,"[""a_only"", ""adb"", ""battery_calibration"", ""battery_health_read"", ""display_pwm_test"", ""dynamic_partitions"", ""edl"", ""evidence_capture"", ""fastboot"", ""fastbootd"", ""frp_owner_assisted"", ""network_reset"", ""official_rom_flash"", ""ota"", ""recovery"", ""sim_reset"", ""storage_health_read"", ""thermal_read"", ""touch_grid_test"", ""unlock_official"", ""verified_boot""]","[""edl_requires_signed_programmer""]","[""lineageos"", ""seed"", ""play"", ""ift""]",desconocido,,,Nubia
nx651j,1,nubia,Play 5G,Qualcomm SM7250 Snapdragon 765G,qualcomm,sm7250,"[""NX651J""]",5100,6.65,1080x2340,20,,1,avb,recovery,fastboot_nubia,EDL 900E / 9008 (Sahara + Firehose XML),1,"[""a_only"", ""adb"", ""battery_calibration"", ""battery_health_read"", ""display_pwm_test"", ""dynamic_partitions"", ""edl"", ""evidence_capture"", ""fastboot"", ""fastbootd"", ""frp_owner_assisted"", ""network_reset"", ""official_rom_flash"", ""ota"", ""recovery"", ""sim_reset"", ""storage_health_read"", ""thermal_read"", ""touch_grid_test"", ""unlock_official"", ""verified_boot""]","[""edl_requires_signed_programmer"", ""pre_install_required:needs_specific_android_fw""]","[""lineageos"", ""seed"", ""play"", ""ift""]",desconocido,,,Nubia
nx651j,2,nubia,Red Magic 5G Lite,Qualcomm SM7250 Snapdragon 765G,qualcomm,sm7250,"[""NX651J-EEA""]",5100,6.65,1080x2340,20,,1,avb,recovery,fastboot_nubia,EDL 900E / 9008 (Sahara + Firehose XML),1,"[""a_only"", ""adb"", ""battery_calibration"", ""battery_health_read"", ""display_pwm_test"", ""dynamic_partitions"", ""edl"", ""evidence_capture"", ""fastboot"", ""fastbootd"", ""frp_owner_assisted"", ""network_reset"", ""official_rom_flash"", ""ota"", ""recovery"", ""sim_reset"", ""storage_health_read"", ""thermal_read"", ""touch_grid_test"", ""unlock_official"", ""verified_boot""]","[""edl_requires_signed_programmer""]","[""lineageos"", ""seed"", ""play"", ""ift""]",desconocido,,,Nubia
nx659j,1,nubia,Red Magic 5G (Global),Qualcomm SM8250 Snapdragon 865,qualcomm,sm8250,"[""NX659J"", ""NX659J-EEA"", ""NX659J-UN""]",4500,6.65,1080x2340,22,,1,avb,recovery,fastboot_nubia,EDL 900E / 9008 (Sahara + Firehose XML),1,"[""a_only"", ""adb"", ""battery_calibration"", ""battery_health_read"", ""display_pwm_test"", ""dynamic_partitions"", ""edl"", ""evidence_capture"", ""fastboot"", ""fastbootd"", ""frp_owner_assisted"", ""network_reset"", ""official_rom_flash"", ""ota"", ""recovery"", ""sim_reset"", ""storage_health_read"", ""thermal_read"", ""touch_grid_test"", ""unlock_official"", ""verified_boot""]","[""edl_requires_signed_programmer"", ""pre_install_required:needs_specific_android_fw""]","[""lineageos"", ""seed"", ""play"", ""ift""]",desconocido,,,Nubia
nx659j,2,nubia,Red Magic 5G (China),Qualcomm SM8250 Snapdragon 865,qualcomm,sm8250,"[""NX659J"", ""NX659J-EEA"", ""NX659J-UN""]",4500,6.65,1080x2340,22,,1,avb,recovery,fastboot_nubia,EDL 900E / 9008 (Sahara + Firehose XML),1,"[""a_only"", ""adb"", ""battery_calibration"", ""battery_health_read"", ""display_pwm_test"", ""dynamic_partitions"", ""edl"", ""evidence_capture"", ""fastboot"", ""fastbootd"", ""frp_owner_assisted"", ""network_reset"", ""official_rom_flash"", ""ota"", ""recovery"", ""sim_reset"", ""storage_health_read"", ""thermal_read"", ""touch_grid_test"", ""unlock_official"", ""verified_boot""]","[""edl_requires_signed_programmer"", ""pre_install_required:needs_specific_android_fw""]","[""lineageos"", ""seed"", ""ift""]",desconocido,,,Nubia
nx659j,3,nubia,Red Magic 5S (Global),Qualcomm SM8250 Snapdragon 865,qualcomm,sm8250,"[""NX659J"", ""NX659J-EEA"", ""NX659J-UN""]",4500,6.65,1080x2340,22,,1,avb,recovery,fastboot_nubia,EDL 900E / 9008 (Sahara + Firehose XML),1,"[""a_only"", ""adb"", ""battery_calibration"", ""battery_health_read"", ""display_pwm_test"", ""dynamic_partitions"", ""edl"", ""evidence_capture"", ""fastboot"", ""fastbootd"", ""frp_owner_assisted"", ""network_reset"", ""official_rom_flash"", ""ota"", ""recovery"", ""sim_reset"", ""storage_health_read"", ""thermal_read"", ""touch_grid_test"", ""unlock_official"", ""verified_boot""]","[""edl_requires_signed_programmer"", ""pre_install_required:needs_specific_android_fw""]","[""lineageos"", ""seed"", ""ift""]",desconocido,,,Nubia
nx659j,4,nubia,Red Magic 5S (China),Qualcomm SM8250 Snapdragon 865,qualcomm,sm8250,"[""NX659J"", ""NX659J-EEA"", ""NX659J-UN""]",4500,6.65,1080x2340,22,,1,avb,recovery,fastboot_nubia,EDL 900E / 9008 (Sahara + Firehose XML),1,"[""a_only"", ""adb"", ""battery_calibration"", ""battery_health_read"", ""display_pwm_test"", ""dynamic_partitions"", ""edl"", ""evidence_capture"", ""fastboot"", ""fastbootd"", ""frp_owner_assisted"", ""network_reset"", ""official_rom_flash"", ""ota"", ""recovery"", ""sim_reset"", ""storage_health_read"", ""thermal_read"", ""touch_grid_test"", ""unlock_official"", ""verified_boot""]","[""edl_requires_signed_programmer"", ""pre_install_required:needs_specific_android_fw""]","[""lineageos"", ""seed"", ""play"", ""ift""]",desconocido,,,Nubia
porg,1,nvidia,Jetson Nano [Android TV],NVIDIA Tegra X1 (T210),nvidia,kernel,"[""porg""]",,,,21,,1,avb,recovery,apx,,,"[""a_only"", ""adb"", ""battery_calibration"", ""battery_health_read"", ""display_pwm_test"", ""dynamic_partitions"", ""evidence_capture"", ""fastboot"", ""fastbootd"", ""frp_owner_assisted"", ""network_reset"", ""official_rom_flash"", ""ota"", ""recovery"", ""sim_reset"", ""storage_health_read"", ""thermal_read"", ""touch_grid_test"", ""verified_boot""]",[],"[""lineageos"", ""ift""]",desconocido,,,NVIDIA
porg,2,nvidia,Jetson Nano 2GB [Android TV],NVIDIA Tegra X1 (T210),nvidia,kernel,"[""batuu""]",,,,21,,1,avb,recovery,apx,,,"[""a_only"", ""adb"", ""battery_calibration"", ""battery_health_read"", ""display_pwm_test"", ""dynamic_partitions"", ""evidence_capture"", ""fastboot"", ""fastbootd"", ""frp_owner_assisted"", ""network_reset"", ""official_rom_flash"", ""ota"", ""recovery"", ""sim_reset"", ""storage_health_read"", ""thermal_read"", ""touch_grid_test"", ""verified_boot""]",[],"[""lineageos"", ""ift""]",desconocido,,,NVIDIA
porg_tab,1,nvidia,Jetson Nano [Tablet],NVIDIA Tegra X1 (T210),nvidia,kernel,"[""porg""]",,,,21,,1,avb,recovery,apx,,,"[""a_only"", ""adb"", ""battery_calibration"", ""battery_health_read"", ""display_pwm_test"", ""dynamic_partitions"", ""evidence_capture"", ""fastboot"", ""fastbootd"", ""frp_owner_assisted"", ""network_reset"", ""official_rom_flash"", ""ota"", ""recovery"", ""sim_reset"", ""storage_health_read"", ""thermal_read"", ""touch_grid_test"", ""verified_boot""]",[],"[""lineageos"", ""ift""]",desconocido,,,NVIDIA
porg_tab,2,nvidia,Jetson Nano 2GB [Tablet],NVIDIA Tegra X1 (T210),nvidia,kernel,"[""batuu""]",,,,21,,1,avb,recovery,apx,,,"[""a_only"", ""adb"", ""battery_calibration"", ""battery_health_read"", ""display_pwm_test"", ""dynamic_partitions"", ""evidence_capture"", ""fastboot"", ""fastbootd"", ""frp_owner_assisted"", ""network_reset"", ""official_rom_flash"", ""ota"", ""recovery"", ""sim_reset"", ""storage_health_read"", ""thermal_read"", ""touch_grid_test"", ""verified_boot""]",[],"[""lineageos"", ""ift""]",desconocido,,,NVIDIA
quill,1,nvidia,Jetson TX2 [Android TV],NVIDIA Tegra X2 (T186),nvidia,kernel,"[""quill""]",,,,21,1,1,avb,recovery,apx,,,"[""a_b_slots"", ""adb"", ""battery_calibration"", ""battery_health_read"", ""display_pwm_test"", ""dynamic_partitions"", ""evidence_capture"", ""fastboot"", ""fastbootd"", ""frp_owner_assisted"", ""network_reset"", ""official_rom_flash"", ""ota"", ""recovery"", ""sim_reset"", ""storage_health_read"", ""thermal_read"", ""touch_grid_test"", ""verified_boot""]",[],"[""lineageos"", ""ift""]",desconocido,,,NVIDIA
quill,2,nvidia,Jetson TX2 NX [Android TV],NVIDIA Tegra X2 (T186),nvidia,kernel,"[""lanai""]",,,,21,1,1,avb,recovery,apx,,,"[""a_b_slots"", ""adb"", ""battery_calibration"", ""battery_health_read"", ""display_pwm_test"", ""dynamic_partitions"", ""evidence_capture"", ""fastboot"", ""fastbootd"", ""frp_owner_assisted"", ""network_reset"", ""official_rom_flash"", ""ota"", ""recovery"", ""sim_reset"", ""storage_health_read"", ""thermal_read"", ""touch_grid_test"", ""verified_boot""]",[],"[""lineageos"", ""ift""]",desconocido,,,NVIDIA
quill_tab,1,nvidia,Jetson TX2 [Tablet],NVIDIA Tegra X2 (T186),nvidia,kernel,"[""quill""]",,,,21,1,1,avb,recovery,apx,,,"[""a_b_slots"", ""adb"", ""battery_calibration"", ""battery_health_read"", ""display_pwm_test"", ""dynamic_partitions"", ""evidence_capture"", ""fastboot"", ""fastbootd"", ""frp_owner_assisted"", ""network_reset"", ""official_rom_flash"", ""ota"", ""recovery"", ""sim_reset"", ""storage_health_read"", ""thermal_read"", ""touch_grid_test"", ""verified_boot""]",[],"[""lineageos"", ""ift""]",desconocido,,,NVIDIA
quill_tab,2,nvidia,Jetson TX2 NX [Tablet],NVIDIA Tegra X2 (T186),nvidia,kernel,"[""lanai""]",,,,21,1,1,avb,recovery,apx,,,"[""a_b_slots"", ""adb"", ""battery_calibration"", ""battery_health_read"", ""display_pwm_test"", ""dynamic_partitions"", ""evidence_capture"", ""fastboot"", ""fastbootd"", ""frp_owner_assisted"", ""network_reset"", ""official_rom_flash"", ""ota"", ""recovery"", ""sim_reset"", ""storage_health_read"", ""thermal_read"", ""touch_grid_test"", ""verified_boot""]",[],"[""lineageos"", ""ift""]",desconocido,,,NVIDIA
roth,,nvidia,Shield Portable,NVIDIA Tegra 4 (T114),nvidia,roth,[],7350,5,1280x720,,,,,recovery,fastboot_nexus,,,"[""a_only"", ""adb"", ""battery_calibration"", ""battery_health_read"", ""display_pwm_test"", ""evidence_capture"", ""fastboot"", ""frp_owner_assisted"", ""network_reset"", ""official_rom_flash"", ""ota"", ""recovery"", ""sim_reset"", ""storage_health_read"", ""thermal_read"", ""touch_grid_test"", ""unlock_official""]",[],"[""lineageos"", ""play"", ""ift""]",desconocido,,,NVIDIA
shieldtablet,,nvidia,Shield Tablet,NVIDIA Tegra K1 (T124),nvidia,shield,[],5197,8,1920x1200,,,,,recovery,fastboot_nexus,,,"[""a_only"", ""adb"", ""battery_calibration"", ""battery_health_read"", ""display_pwm_test"", ""evidence_capture"", ""fastboot"", ""frp_owner_assisted"", ""network_reset"", ""official_rom_flash"", ""ota"", ""recovery"", ""sim_reset"", ""storage_health_read"", ""thermal_read"", ""touch_grid_test"", ""unlock_official""]",[],"[""lineageos"", ""play"", ""ift""]",desconocido,,,NVIDIA
aston,,oneplus,12R,Qualcomm SM8550 Snapdragon 8 Gen2,qualcomm,sm8550,"[""CPH2585"", ""CPH2609"", ""CPH2611""]",5500,6.78,1264x2780,22,1,1,avb,recovery,fastboot_nexus,EDL 900E / 9008 (Sahara + Firehose XML),1,"[""a_b_slots"", ""adb"", ""battery_calibration"", ""battery_health_read"", ""display_pwm_test"", ""dynamic_partitions"", ""edl"", ""evidence_capture"", ""fastboot"", ""fastbootd"", ""frp_owner_assisted"", ""network_reset"", ""official_rom_flash"", ""ota"", ""recovery"", ""sim_reset"", ""storage_health_read"", ""thermal_read"", ""touch_grid_test"", ""unlock_official"", ""verified_boot""]","[""edl_requires_signed_programmer"", ""pre_install_required:needs_specific_android_fw""]","[""lineageos"", ""seed"", ""play"", ""ift""]",desconocido,,,OnePlus
astonc,,oneplus,Ace 3,Qualcomm SM8550 Snapdragon 8 Gen2,qualcomm,sm8550,"[""PJE110""]",5500,6.78,1264x2780,22,1,1,avb,recovery,fastboot_nexus,EDL 900E / 9008 (Sahara + Firehose XML),1,"[""a_b_slots"", ""adb"", ""battery_calibration"", ""battery_health_read"", ""display_pwm_test"", ""dynamic_partitions"", ""edl"", ""evidence_capture"", ""fastboot"", ""fastbootd"", ""frp_owner_assisted"", ""network_reset"", ""official_rom_flash"", ""ota"", ""recovery"", ""sim_reset"", ""storage_health_read"", ""thermal_read"", ""touch_grid_test"", ""unlock_official"", ""verified_boot""]","[""edl_requires_signed_programmer"", ""pre_install_required:needs_specific_android_fw""]","[""lineageos"", ""seed"", ""play"", ""ift""]",desconocido,,,OnePlus
audi,,oneplus,Ace 3V,Qualcomm SM7675-AB Snapdragon 7+ Gen 3,qualcomm,sm8650,"[""PJF110""]",5500,6.74,1240x2772,22,1,1,avb,recovery,fastboot_nexus,EDL 900E / 9008 (Sahara + Firehose XML),1,"[""a_b_slots"", ""adb"", ""battery_calibration"", ""battery_health_read"", ""display_pwm_test"", ""dynamic_partitions"", ""edl"", ""evidence_capture"", ""fastboot"", ""fastbootd"", ""frp_owner_assisted"", ""network_reset"", ""official_rom_flash"", ""ota"", ""recovery"", ""sim_reset"", ""storage_health_read"", ""thermal_read"", ""touch_grid_test"", ""unlock_official"", ""verified_boot""]","[""edl_requires_signed_programmer"", ""pre_install_required:needs_specific_android_fw""]","[""lineageos"", ""seed"", ""play"", ""ift""]",desconocido,,,OnePlus
avalon,,oneplus,Nord 4,Qualcomm SM7675-AB Snapdragon 7+ Gen 3,qualcomm,sm8650,"[""CPH2661"", ""CPH2663""]",5500,6.74,1240x2772,22,1,1,avb,recovery,fastboot_nexus,EDL 900E / 9008 (Sahara + Firehose XML),1,"[""a_b_slots"", ""adb"", ""battery_calibration"", ""battery_health_read"", ""display_pwm_test"", ""dynamic_partitions"", ""edl"", ""evidence_capture"", ""fastboot"", ""fastbootd"", ""frp_owner_assisted"", ""network_reset"", ""official_rom_flash"", ""ota"", ""recovery"", ""sim_reset"", ""storage_health_read"", ""thermal_read"", ""touch_grid_test"", ""unlock_official"", ""verified_boot""]","[""edl_requires_signed_programmer"", ""pre_install_required:needs_specific_android_fw""]","[""lineageos"", ""seed"", ""play"", ""ift""]",desconocido,,,OnePlus
avicii,,oneplus,Nord,Qualcomm SM7250 Snapdragon 765G,qualcomm,sm7250,"[""AC2001"", ""AC2003""]",4115,6.67,2400x1080,20,1,1,avb,recovery,fastboot_nexus,EDL 900E / 9008 (Sahara + Firehose XML),1,"[""a_b_slots"", ""adb"", ""battery_calibration"", ""battery_health_read"", ""display_pwm_test"", ""dynamic_partitions"", ""edl"", ""evidence_capture"", ""fastboot"", ""fastbootd"", ""frp_owner_assisted"", ""network_reset"", ""official_rom_flash"", ""ota"", ""recovery"", ""sim_reset"", ""storage_health_read"", ""thermal_read"", ""touch_grid_test"", ""unlock_official"", ""verified_boot""]","[""edl_requires_signed_programmer"", ""pre_install_required:needs_specific_android_fw""]","[""lineageos"", ""seed"", ""play"", ""ift""]",desconocido,,,OnePlus
bacon,,oneplus,One,Qualcomm MSM8974AC Snapdragon 801,qualcomm,,[],3100,5.5,1920x1080,17,,1,avb,recovery,fastboot_nexus,EDL 900E / 9008 (Sahara + Firehose XML),1,"[""a_only"", ""adb"", ""battery_calibration"", ""battery_health_read"", ""display_pwm_test"", ""dynamic_partitions"", ""edl"", ""evidence_capture"", ""fastboot"", ""fastbootd"", ""frp_owner_assisted"", ""network_reset"", ""official_rom_flash"", ""ota"", ""recovery"", ""sim_reset"", ""storage_health_read"", ""thermal_read"", ""touch_grid_test"", ""unlock_official"", ""verified_boot""]","[""edl_requires_signed_programmer""]","[""lineageos"", ""seed"", ""ift""]",desconocido,,,OnePlus
benz,,oneplus,Nord CE4,Qualcomm SM7550-AB Snapdragon 7 Gen 3,qualcomm,sm8550,"[""CPH2613""]",5500,6.7,1080x2412,22,1,1,avb,recovery,fastboot_nexus,EDL 900E / 9008 (Sahara + Firehose XML),1,"[""a_b_slots"", ""adb"", ""battery_calibration"", ""battery_health_read"", ""display_pwm_test"", ""dynamic_partitions"", ""edl"", ""evidence_capture"", ""fastboot"", ""fastbootd"", ""frp_owner_assisted"", ""network_reset"", ""official_rom_flash"", ""ota"", ""recovery"", ""sim_reset"", ""storage_health_read"", ""thermal_read"", ""touch_grid_test"", ""unlock_official"", ""verified_boot""]","[""edl_requires_signed_programmer"", ""pre_install_required:needs_specific_android_fw""]","[""lineageos"", ""seed"", ""play"", ""ift""]",desconocido,,,OnePlus
billie,,oneplus,Nord N10,Qualcomm SM6350 Snapdragon 690 5G,qualcomm,sm6350,"[""BE2029"", ""BE2025"", ""BE2026"", ""BE2028""]",4300,6.49,2400x1080,20,1,1,avb,recovery,fastboot_nexus,EDL 900E / 9008 (Sahara + Firehose XML),1,"[""a_b_slots"", ""adb"", ""battery_calibration"", ""battery_health_read"", ""display_pwm_test"", ""dynamic_partitions"", ""edl"", ""evidence_capture"", ""fastboot"", ""fastbootd"", ""frp_owner_assisted"", ""network_reset"", ""official_rom_flash"", ""ota"", ""recovery"", ""sim_reset"", ""storage_health_read"", ""thermal_read"", ""touch_grid_test"", ""unlock_official"", ""verified_boot""]","[""edl_requires_signed_programmer"", ""pre_install_required:needs_specific_android_fw""]","[""lineageos"", ""seed"", ""play"", ""ift""]",desconocido,,,OnePlus
caihong,1,oneplus,Pad Pro,Qualcomm SM8650 Snapdragon 8 Gen3,qualcomm,sm8650,"[""OPD2404""]",9510,12.1,2120x3000,22,1,1,avb,recovery,fastboot_nexus,EDL 900E / 9008 (Sahara + Firehose XML),1,"[""a_b_slots"", ""adb"", ""battery_calibration"", ""battery_health_read"", ""display_pwm_test"", ""dynamic_partitions"", ""edl"", ""evidence_capture"", ""fastboot"", ""fastbootd"", ""frp_owner_assisted"", ""network_reset"", ""official_rom_flash"", ""ota"", ""recovery"", ""sim_reset"", ""storage_health_read"", ""thermal_read"", ""touch_grid_test"", ""unlock_official"", ""verified_boot""]","[""edl_requires_signed_programmer"", ""pre_install_required:needs_specific_android_fw""]","[""lineageos"", ""seed"", ""play"", ""ift""]",desconocido,,,OnePlus
caihong,2,oneplus,Pad 2,Qualcomm SM8650 Snapdragon 8 Gen3,qualcomm,sm8650,"[""OPD2403""]",9510,12.1,2120x3000,22,1,1,avb,recovery,fastboot_nexus,EDL 900E / 9008 (Sahara + Firehose XML),1,"[""a_b_slots"", ""adb"", ""battery_calibration"", ""battery_health_read"", ""display_pwm_test"", ""dynamic_partitions"", ""edl"", ""evidence_capture"", ""fastboot"", ""fastbootd"", ""frp_owner_assisted"", ""network_reset"", ""official_rom_flash"", ""ota"", ""recovery"", ""sim_reset"", ""storage_health_read"", ""thermal_read"", ""touch_grid_test"", ""unlock_official"", ""verified_boot""]","[""edl_requires_signed_programmer"", ""pre_install_required:needs_specific_android_fw""]","[""lineageos"", ""seed"", ""play"", ""ift""]",desconocido,,,OnePlus
cheeseburger,,oneplus,5,Qualcomm MSM8998 Snapdragon 835,qualcomm,msm8998,[],3300,5.5,1080x1920,21,,1,avb,recovery,fastboot_nexus,EDL 900E / 9008 (Sahara + Firehose XML),1,"[""a_only"", ""adb"", ""battery_calibration"", ""battery_health_read"", ""display_pwm_test"", ""dynamic_partitions"", ""edl"", ""evidence_capture"", ""fastboot"", ""fastbootd"", ""frp_owner_assisted"", ""network_reset"", ""official_rom_flash"", ""ota"", ""recovery"", ""sim_reset"", ""storage_health_read"", ""thermal_read"", ""touch_grid_test"", ""unlock_official"", ""verified_boot""]","[""edl_requires_signed_programmer"", ""pre_install_required:needs_specific_android_fw""]","[""lineageos"", ""seed"", ""ift""]",desconocido,,,OnePlus
corvette,,oneplus,Ace 3 Pro,Qualcomm SM8650 Snapdragon 8 Gen3,qualcomm,sm8650,"[""PJX110""]",6100,6.78,1264x2780,22,1,1,avb,recovery,fastboot_nexus,EDL 900E / 9008 (Sahara + Firehose XML),1,"[""a_b_slots"", ""adb"", ""battery_calibration"", ""battery_health_read"", ""display_pwm_test"", ""dynamic_partitions"", ""edl"", ""evidence_capture"", ""fastboot"", ""fastbootd"", ""frp_owner_assisted"", ""network_reset"", ""official_rom_flash"", ""ota"", ""recovery"", ""sim_reset"", ""storage_health_read"", ""thermal_read"", ""touch_grid_test"", ""unlock_official"", ""verified_boot""]","[""edl_requires_signed_programmer"", ""pre_install_required:needs_specific_android_fw""]","[""lineageos"", ""seed"", ""play"", ""ift""]",desconocido,,,OnePlus
dodge,,oneplus,13,Qualcomm SM8750 Snapdragon 8 Elite,qualcomm,sm8750,"[""CPH2649"", ""CPH2653"", ""CPH2655"", ""PJZ110""]",6000,6.82,1440x3168,22,1,1,avb,recovery,fastboot_nexus,EDL 900E / 9008 (Sahara + Firehose XML),1,"[""a_b_slots"", ""adb"", ""battery_calibration"", ""battery_health_read"", ""display_pwm_test"", ""dynamic_partitions"", ""edl"", ""evidence_capture"", ""fastboot"", ""fastbootd"", ""frp_owner_assisted"", ""network_reset"", ""official_rom_flash"", ""ota"", ""recovery"", ""sim_reset"", ""storage_health_read"", ""thermal_read"", ""touch_grid_test"", ""unlock_official"", ""verified_boot""]","[""edl_requires_signed_programmer"", ""pre_install_required:needs_specific_android_fw""]","[""lineageos"", ""seed"", ""play"", ""ift""]",desconocido,,,OnePlus
dre,,oneplus,Nord N200,Qualcomm SM4350 Snapdragon 480,qualcomm,sm4350,"[""DE2117""]",5000,6.49,1080x2400,22,1,1,avb,boot,fastboot_nexus,EDL 900E / 9008 (Sahara + Firehose XML),1,"[""a_b_slots"", ""adb"", ""battery_calibration"", ""battery_health_read"", ""display_pwm_test"", ""dynamic_partitions"", ""edl"", ""evidence_capture"", ""fastboot"", ""fastbootd"", ""frp_owner_assisted"", ""network_reset"", ""official_rom_flash"", ""ota"", ""recovery"", ""sim_reset"", ""storage_health_read"", ""thermal_read"", ""touch_grid_test"", ""unlock_official"", ""verified_boot""]","[""edl_requires_signed_programmer"", ""pre_install_required:needs_specific_android_fw"", ""recovery_flash_target_is:boot""]","[""lineageos"", ""seed"", ""play"", ""ift""]",desconocido,,,OnePlus
dumpling,,oneplus,5T,Qualcomm MSM8998 Snapdragon 835,qualcomm,msm8998,[],3300,6.01,1080x2160,21,,1,avb,recovery,fastboot_nexus,EDL 900E / 9008 (Sahara + Firehose XML),1,"[""a_only"", ""adb"", ""battery_calibration"", ""battery_health_read"", ""display_pwm_test"", ""dynamic_partitions"", ""edl"", ""evidence_capture"", ""fastboot"", ""fastbootd"", ""frp_owner_assisted"", ""network_reset"", ""official_rom_flash"", ""ota"", ""recovery"", ""sim_reset"", ""storage_health_read"", ""thermal_read"", ""touch_grid_test"", ""unlock_official"", ""verified_boot""]","[""edl_requires_signed_programmer"", ""pre_install_required:needs_specific_android_fw""]","[""lineageos"", ""seed"", ""ift""]",desconocido,,,OnePlus
enchilada,,oneplus,6,Qualcomm SDM845 Snapdragon 845,qualcomm,sdm845,[],3300,6.28,1080x2280,21,1,1,avb,boot,fastboot_nexus,EDL 900E / 9008 (Sahara + Firehose XML),1,"[""a_b_slots"", ""adb"", ""battery_calibration"", ""battery_health_read"", ""display_pwm_test"", ""dynamic_partitions"", ""edl"", ""evidence_capture"", ""fastboot"", ""fastbootd"", ""frp_owner_assisted"", ""network_reset"", ""official_rom_flash"", ""ota"", ""recovery"", ""sim_reset"", ""storage_health_read"", ""thermal_read"", ""touch_grid_test"", ""unlock_official"", ""verified_boot""]","[""edl_requires_signed_programmer"", ""pre_install_required:needs_specific_android_fw"", ""recovery_flash_target_is:boot""]","[""lineageos"", ""seed"", ""ift""]",desconocido,,,OnePlus
erhai,1,oneplus,Pad 2 Pro,Qualcomm SM8750 Snapdragon 8 Elite,qualcomm,sm8750,"[""OPD2413""]",12140,13.2,2400x3392,22,1,1,avb,recovery,fastboot_nexus,EDL 900E / 9008 (Sahara + Firehose XML),1,"[""a_b_slots"", ""adb"", ""battery_calibration"", ""battery_health_read"", ""display_pwm_test"", ""dynamic_partitions"", ""edl"", ""evidence_capture"", ""fastboot"", ""fastbootd"", ""frp_owner_assisted"", ""network_reset"", ""official_rom_flash"", ""ota"", ""recovery"", ""sim_reset"", ""storage_health_read"", ""thermal_read"", ""touch_grid_test"", ""unlock_official"", ""verified_boot""]","[""edl_requires_signed_programmer"", ""pre_install_required:needs_specific_android_fw""]","[""lineageos"", ""seed"", ""play"", ""ift""]",desconocido,,,OnePlus
erhai,2,oneplus,Pad 3,Qualcomm SM8750 Snapdragon 8 Elite,qualcomm,sm8750,"[""OPD2415""]",12140,13.2,2400x3392,22,1,1,avb,recovery,fastboot_nexus,EDL 900E / 9008 (Sahara + Firehose XML),1,"[""a_b_slots"", ""adb"", ""battery_calibration"", ""battery_health_read"", ""display_pwm_test"", ""dynamic_partitions"", ""edl"", ""evidence_capture"", ""fastboot"", ""fastbootd"", ""frp_owner_assisted"", ""network_reset"", ""official_rom_flash"", ""ota"", ""recovery"", ""sim_reset"", ""storage_health_read"", ""thermal_read"", ""touch_grid_test"", ""unlock_official"", ""verified_boot""]","[""edl_requires_signed_programmer"", ""pre_install_required:needs_specific_android_fw""]","[""lineageos"", ""seed"", ""play"", ""ift""]",desconocido,,,OnePlus
fajita,1,oneplus,6T,Qualcomm SDM845 Snapdragon 845,qualcomm,sdm845,[],3700,6.41,1080x2340,21,1,1,avb,boot,fastboot_nexus,EDL 900E / 9008 (Sahara + Firehose XML),1,"[""a_b_slots"", ""adb"", ""battery_calibration"", ""battery_health_read"", ""display_pwm_test"", ""dynamic_partitions"", ""edl"", ""evidence_capture"", ""fastboot"", ""fastbootd"", ""frp_owner_assisted"", ""network_reset"", ""official_rom_flash"", ""ota"", ""recovery"", ""sim_reset"", ""storage_health_read"", ""thermal_read"", ""touch_grid_test"", ""unlock_official"", ""verified_boot""]","[""edl_requires_signed_programmer"", ""pre_install_required:needs_specific_android_fw"", ""recovery_flash_target_is:boot""]","[""lineageos"", ""seed"", ""ift""]",desconocido,,,OnePlus
fajita,2,oneplus,6T (T-Mobile),Qualcomm SDM845 Snapdragon 845,qualcomm,sdm845,[],3700,6.41,1080x2340,21,1,1,avb,boot,fastboot_oneplus_tmo,EDL 900E / 9008 (Sahara + Firehose XML),1,"[""a_b_slots"", ""adb"", ""battery_calibration"", ""battery_health_read"", ""display_pwm_test"", ""dynamic_partitions"", ""edl"", ""evidence_capture"", ""fastboot"", ""fastbootd"", ""frp_owner_assisted"", ""network_reset"", ""official_rom_flash"", ""ota"", ""recovery"", ""sim_reset"", ""storage_health_read"", ""thermal_read"", ""touch_grid_test"", ""verified_boot""]","[""edl_requires_signed_programmer"", ""pre_install_required:needs_specific_android_fw"", ""recovery_flash_target_is:boot""]","[""lineageos"", ""seed"", ""ift""]",desconocido,,,OnePlus
giulia,,oneplus,13R,Qualcomm SM8650 Snapdragon 8 Gen3,qualcomm,sm8650,"[""CPH2691"", ""CPH2647"", ""CPH2645""]",6000,6.78,1264x2780,22,1,1,avb,recovery,fastboot_nexus,EDL 900E / 9008 (Sahara + Firehose XML),1,"[""a_b_slots"", ""adb"", ""battery_calibration"", ""battery_health_read"", ""display_pwm_test"", ""dynamic_partitions"", ""edl"", ""evidence_capture"", ""fastboot"", ""fastbootd"", ""frp_owner_assisted"", ""network_reset"", ""official_rom_flash"", ""ota"", ""recovery"", ""sim_reset"", ""storage_health_read"", ""thermal_read"", ""touch_grid_test"", ""unlock_official"", ""verified_boot""]","[""edl_requires_signed_programmer"", ""pre_install_required:needs_specific_android_fw""]","[""lineageos"", ""seed"", ""play"", ""ift""]",desconocido,,,OnePlus
giuliac,,oneplus,Ace 5,Qualcomm SM8650 Snapdragon 8 Gen3,qualcomm,sm8650,"[""PKG110""]",6415,6.78,1264x2780,22,1,1,avb,recovery,fastboot_nexus,EDL 900E / 9008 (Sahara + Firehose XML),1,"[""a_b_slots"", ""adb"", ""battery_calibration"", ""battery_health_read"", ""display_pwm_test"", ""dynamic_partitions"", ""edl"", ""evidence_capture"", ""fastboot"", ""fastbootd"", ""frp_owner_assisted"", ""network_reset"", ""official_rom_flash"", ""ota"", ""recovery"", ""sim_reset"", ""storage_health_read"", ""thermal_read"", ""touch_grid_test"", ""unlock_official"", ""verified_boot""]","[""edl_requires_signed_programmer"", ""pre_install_required:needs_specific_android_fw""]","[""lineageos"", ""seed"", ""play"", ""ift""]",desconocido,,,OnePlus
guacamole,1,oneplus,7 Pro,Qualcomm SM8150 Snapdragon 855,qualcomm,sm8150,"[""GM1910"", ""GM1911"", ""GM1913"", ""GM1917""]",4000,6.67,1440x3120,22,1,1,avb,boot,fastboot_nexus,EDL 900E / 9008 (Sahara + Firehose XML),1,"[""a_b_slots"", ""adb"", ""battery_calibration"", ""battery_health_read"", ""display_pwm_test"", ""dynamic_partitions"", ""edl"", ""evidence_capture"", ""fastboot"", ""fastbootd"", ""frp_owner_assisted"", ""network_reset"", ""official_rom_flash"", ""ota"", ""recovery"", ""sim_reset"", ""storage_health_read"", ""thermal_read"", ""touch_grid_test"", ""unlock_official"", ""verified_boot""]","[""edl_requires_signed_programmer"", ""pre_install_required:needs_specific_android_fw"", ""recovery_flash_target_is:boot""]","[""lineageos"", ""seed"", ""play"", ""ift""]",desconocido,,,OnePlus
guacamole,2,oneplus,7 Pro (T-Mobile),Qualcomm SM8150 Snapdragon 855,qualcomm,sm8150,"[""GM1915""]",4000,6.67,1440x3120,22,1,1,avb,boot,fastboot_oneplus_tmo,EDL 900E / 9008 (Sahara + Firehose XML),1,"[""a_b_slots"", ""adb"", ""battery_calibration"", ""battery_health_read"", ""display_pwm_test"", ""dynamic_partitions"", ""edl"", ""evidence_capture"", ""fastboot"", ""fastbootd"", ""frp_owner_assisted"", ""network_reset"", ""official_rom_flash"", ""ota"", ""recovery"", ""sim_reset"", ""storage_health_read"", ""thermal_read"", ""touch_grid_test"", ""verified_boot""]","[""edl_requires_signed_programmer"", ""pre_install_required:needs_specific_android_fw"", ""recovery_flash_target_is:boot""]","[""lineageos"", ""seed"", ""play"", ""ift""]",desconocido,,,OnePlus
guacamoleb,,oneplus,7,Qualcomm SM8150 Snapdragon 855,qualcomm,sm8150,"[""GM1900"", ""GM1901"", ""GM1903"", ""GM1905""]",3700,6.41,1080x2340,22,1,1,avb,boot,fastboot_nexus,EDL 900E / 9008 (Sahara + Firehose XML),1,"[""a_b_slots"", ""adb"", ""battery_calibration"", ""battery_health_read"", ""display_pwm_test"", ""dynamic_partitions"", ""edl"", ""evidence_capture"", ""fastboot"", ""fastbootd"", ""frp_owner_assisted"", ""network_reset"", ""official_rom_flash"", ""ota"", ""recovery"", ""sim_reset"", ""storage_health_read"", ""thermal_read"", ""touch_grid_test"", ""unlock_official"", ""verified_boot""]","[""edl_requires_signed_programmer"", ""pre_install_required:needs_specific_android_fw"", ""recovery_flash_target_is:boot""]","[""lineageos"", ""seed"", ""play"", ""ift""]",desconocido,,,OnePlus
gunnar,,oneplus,Nord N20,Qualcomm SM6375 Snapdragon 695,qualcomm,sm6375,"[""CPH2459""]",4500,6.43,1080x2400,22,1,1,avb,boot,fastboot_nexus,EDL 900E / 9008 (Sahara + Firehose XML),1,"[""a_b_slots"", ""adb"", ""battery_calibration"", ""battery_health_read"", ""display_pwm_test"", ""dynamic_partitions"", ""edl"", ""evidence_capture"", ""fastboot"", ""fastbootd"", ""frp_owner_assisted"", ""network_reset"", ""official_rom_flash"", ""ota"", ""recovery"", ""sim_reset"", ""storage_health_read"", ""thermal_read"", ""touch_grid_test"", ""unlock_official"", ""verified_boot""]","[""edl_requires_signed_programmer"", ""pre_install_required:needs_specific_android_fw"", ""recovery_flash_target_is:boot""]","[""lineageos"", ""seed"", ""play"", ""ift""]",desconocido,,,OnePlus
hotdog,,oneplus,7T Pro,Qualcomm SM8150-AC Snapdragon 855+,qualcomm,sm8150,"[""HD1910"", ""HD1911"", ""HD1913"", ""HD1917""]",4085,6.67,1440x3120,22,1,1,avb,recovery,fastboot_nexus,EDL 900E / 9008 (Sahara + Firehose XML),1,"[""a_b_slots"", ""adb"", ""battery_calibration"", ""battery_health_read"", ""display_pwm_test"", ""dynamic_partitions"", ""edl"", ""evidence_capture"", ""fastboot"", ""fastbootd"", ""frp_owner_assisted"", ""network_reset"", ""official_rom_flash"", ""ota"", ""recovery"", ""sim_reset"", ""storage_health_read"", ""thermal_read"", ""touch_grid_test"", ""unlock_official"", ""verified_boot""]","[""edl_requires_signed_programmer"", ""pre_install_required:needs_specific_android_fw""]","[""lineageos"", ""seed"", ""play"", ""ift""]",desconocido,,,OnePlus
hotdogb,1,oneplus,7T,Qualcomm SM8150-AC Snapdragon 855+,qualcomm,sm8150,"[""HD1900"", ""HD1901"", ""HD1903"", ""HD1905""]",3800,6.55,1080x2400,22,1,1,avb,recovery,fastboot_nexus,EDL 900E / 9008 (Sahara + Firehose XML),1,"[""a_b_slots"", ""adb"", ""battery_calibration"", ""battery_health_read"", ""display_pwm_test"", ""dynamic_partitions"", ""edl"", ""evidence_capture"", ""fastboot"", ""fastbootd"", ""frp_owner_assisted"", ""network_reset"", ""official_rom_flash"", ""ota"", ""recovery"", ""sim_reset"", ""storage_health_read"", ""thermal_read"", ""touch_grid_test"", ""unlock_official"", ""verified_boot""]","[""edl_requires_signed_programmer"", ""pre_install_required:needs_specific_android_fw""]","[""lineageos"", ""seed"", ""play"", ""ift""]",desconocido,,,OnePlus
hotdogb,2,oneplus,7T (T-Mobile),Qualcomm SM8150-AC Snapdragon 855+,qualcomm,sm8150,"[""HD1907""]",3800,6.55,1080x2400,22,1,1,avb,recovery,fastboot_oneplus_tmo,EDL 900E / 9008 (Sahara + Firehose XML),1,"[""a_b_slots"", ""adb"", ""battery_calibration"", ""battery_health_read"", ""display_pwm_test"", ""dynamic_partitions"", ""edl"", ""evidence_capture"", ""fastboot"", ""fastbootd"", ""frp_owner_assisted"", ""network_reset"", ""official_rom_flash"", ""ota"", ""recovery"", ""sim_reset"", ""storage_health_read"", ""thermal_read"", ""touch_grid_test"", ""verified_boot""]","[""edl_requires_signed_programmer"", ""pre_install_required:needs_specific_android_fw""]","[""lineageos"", ""seed"", ""play"", ""ift""]",desconocido,,,OnePlus
hummer,,oneplus,Ace 5 Pro,Qualcomm SM8750 Snapdragon 8 Elite,qualcomm,sm8750,"[""PKR110""]",6100,6.78,1264x2780,22,1,1,avb,recovery,fastboot_nexus,EDL 900E / 9008 (Sahara + Firehose XML),1,"[""a_b_slots"", ""adb"", ""battery_calibration"", ""battery_health_read"", ""display_pwm_test"", ""dynamic_partitions"", ""edl"", ""evidence_capture"", ""fastboot"", ""fastbootd"", ""frp_owner_assisted"", ""network_reset"", ""official_rom_flash"", ""ota"", ""recovery"", ""sim_reset"", ""storage_health_read"", ""thermal_read"", ""touch_grid_test"", ""unlock_official"", ""verified_boot""]","[""edl_requires_signed_programmer"", ""pre_install_required:needs_specific_android_fw""]","[""lineageos"", ""seed"", ""play"", ""ift""]",desconocido,,,OnePlus
instantnoodle,1,oneplus,8,Qualcomm SM8250 Snapdragon 865,qualcomm,sm8250,"[""IN2010"", ""IN2011"", ""IN2013"", ""IN2015""]",4300,6.55,1080x2400,22,1,1,avb,recovery,fastboot_nexus,EDL 900E / 9008 (Sahara + Firehose XML),1,"[""a_b_slots"", ""adb"", ""battery_calibration"", ""battery_health_read"", ""display_pwm_test"", ""dynamic_partitions"", ""edl"", ""evidence_capture"", ""fastboot"", ""fastbootd"", ""frp_owner_assisted"", ""network_reset"", ""official_rom_flash"", ""ota"", ""recovery"", ""sim_reset"", ""storage_health_read"", ""thermal_read"", ""touch_grid_test"", ""unlock_official"", ""verified_boot""]","[""edl_requires_signed_programmer"", ""pre_install_required:needs_specific_android_fw""]","[""lineageos"", ""seed"", ""play"", ""ift""]",desconocido,,,OnePlus
instantnoodle,2,oneplus,8 (T-Mobile),Qualcomm SM8250 Snapdragon 865,qualcomm,sm8250,"[""IN2017""]",4300,6.55,1080x2400,22,1,1,avb,recovery,fastboot_oneplus_tmo,EDL 900E / 9008 (Sahara + Firehose XML),1,"[""a_b_slots"", ""adb"", ""battery_calibration"", ""battery_health_read"", ""display_pwm_test"", ""dynamic_partitions"", ""edl"", ""evidence_capture"", ""fastboot"", ""fastbootd"", ""frp_owner_assisted"", ""network_reset"", ""official_rom_flash"", ""ota"", ""recovery"", ""sim_reset"", ""storage_health_read"", ""thermal_read"", ""touch_grid_test"", ""verified_boot""]","[""edl_requires_signed_programmer"", ""pre_install_required:needs_specific_android_fw""]","[""lineageos"", ""seed"", ""play"", ""ift""]",desconocido,,,OnePlus
instantnoodlep,,oneplus,8 Pro,Qualcomm SM8250 Snapdragon 865,qualcomm,sm8250,"[""IN2020"", ""IN2021"", ""IN2023"", ""IN2025""]",4510,6.78,1440x3168,22,1,1,avb,recovery,fastboot_nexus,EDL 900E / 9008 (Sahara + Firehose XML),1,"[""a_b_slots"", ""adb"", ""battery_calibration"", ""battery_health_read"", ""display_pwm_test"", ""dynamic_partitions"", ""edl"", ""evidence_capture"", ""fastboot"", ""fastbootd"", ""frp_owner_assisted"", ""network_reset"", ""official_rom_flash"", ""ota"", ""recovery"", ""sim_reset"", ""storage_health_read"", ""thermal_read"", ""touch_grid_test"", ""unlock_official"", ""verified_boot""]","[""edl_requires_signed_programmer"", ""pre_install_required:needs_specific_android_fw""]","[""lineageos"", ""seed"", ""play"", ""ift""]",desconocido,,,OnePlus
kebab,1,oneplus,8T,Qualcomm SM8250 Snapdragon 865,qualcomm,sm8250,"[""KB2000"", ""KB2001"", ""KB2003"", ""KB2005""]",4500,6.55,1080x2400,22,1,1,avb,recovery,fastboot_nexus,EDL 900E / 9008 (Sahara + Firehose XML),1,"[""a_b_slots"", ""adb"", ""battery_calibration"", ""battery_health_read"", ""display_pwm_test"", ""dynamic_partitions"", ""edl"", ""evidence_capture"", ""fastboot"", ""fastbootd"", ""frp_owner_assisted"", ""network_reset"", ""official_rom_flash"", ""ota"", ""recovery"", ""sim_reset"", ""storage_health_read"", ""thermal_read"", ""touch_grid_test"", ""unlock_official"", ""verified_boot""]","[""edl_requires_signed_programmer"", ""pre_install_required:needs_specific_android_fw""]","[""lineageos"", ""seed"", ""play"", ""ift""]",desconocido,,,OnePlus
kebab,2,oneplus,8T (T-Mobile),Qualcomm SM8250 Snapdragon 865,qualcomm,sm8250,"[""KB2007""]",4500,6.55,1080x2400,22,1,1,avb,recovery,fastboot_oneplus_tmo,EDL 900E / 9008 (Sahara + Firehose XML),1,"[""a_b_slots"", ""adb"", ""battery_calibration"", ""battery_health_read"", ""display_pwm_test"", ""dynamic_partitions"", ""edl"", ""evidence_capture"", ""fastboot"", ""fastbootd"", ""frp_owner_assisted"", ""network_reset"", ""official_rom_flash"", ""ota"", ""recovery"", ""sim_reset"", ""storage_health_read"", ""thermal_read"", ""touch_grid_test"", ""verified_boot""]","[""edl_requires_signed_programmer"", ""pre_install_required:needs_specific_android_fw""]","[""lineageos"", ""seed"", ""play"", ""ift""]",desconocido,,,OnePlus
larry,1,oneplus,Nord CE 3 Lite 5G,Qualcomm SM6375 Snapdragon 695,qualcomm,sm6375,"[""CPH2467"", ""CPH2465""]",5000,6.72,1080x2400,22,1,1,avb,vendor_boot,fastboot_nexus,EDL 900E / 9008 (Sahara + Firehose XML),1,"[""a_b_slots"", ""adb"", ""battery_calibration"", ""battery_health_read"", ""display_pwm_test"", ""dynamic_partitions"", ""edl"", ""evidence_capture"", ""fastboot"", ""fastbootd"", ""frp_owner_assisted"", ""network_reset"", ""official_rom_flash"", ""ota"", ""recovery"", ""sim_reset"", ""storage_health_read"", ""thermal_read"", ""touch_grid_test"", ""unlock_official"", ""verified_boot""]","[""edl_requires_signed_programmer"", ""pre_install_required:needs_specific_android_fw"", ""recovery_flash_target_is:vendor_boot""]","[""lineageos"", ""seed"", ""play"", ""ift""]",desconocido,,,OnePlus
larry,2,oneplus,Nord N30 5G,Qualcomm SM6375 Snapdragon 695,qualcomm,sm6375,"[""CPH2513""]",5000,6.72,1080x2400,22,1,1,avb,vendor_boot,fastboot_nexus,EDL 900E / 9008 (Sahara + Firehose XML),1,"[""a_b_slots"", ""adb"", ""battery_calibration"", ""battery_health_read"", ""display_pwm_test"", ""dynamic_partitions"", ""edl"", ""evidence_capture"", ""fastboot"", ""fastbootd"", ""frp_owner_assisted"", ""network_reset"", ""official_rom_flash"", ""ota"", ""recovery"", ""sim_reset"", ""storage_health_read"", ""thermal_read"", ""touch_grid_test"", ""unlock_official"", ""verified_boot""]","[""edl_requires_signed_programmer"", ""pre_install_required:needs_specific_android_fw"", ""recovery_flash_target_is:vendor_boot""]","[""lineageos"", ""seed"", ""play"", ""ift""]",desconocido,,,OnePlus
lemonade,1,oneplus,9,Qualcomm SM8350 Snapdragon 888,qualcomm,sm8350,"[""LE2110"", ""LE2111"", ""LE2113"", ""LE2115""]",4500,6.55,1080x2400,22,1,1,avb,boot,fastboot_nexus,EDL 900E / 9008 (Sahara + Firehose XML),1,"[""a_b_slots"", ""adb"", ""battery_calibration"", ""battery_health_read"", ""display_pwm_test"", ""dynamic_partitions"", ""edl"", ""evidence_capture"", ""fastboot"", ""fastbootd"", ""frp_owner_assisted"", ""network_reset"", ""official_rom_flash"", ""ota"", ""recovery"", ""sim_reset"", ""storage_health_read"", ""thermal_read"", ""touch_grid_test"", ""unlock_official"", ""verified_boot""]","[""edl_requires_signed_programmer"", ""pre_install_required:needs_specific_android_fw"", ""recovery_flash_target_is:boot""]","[""lineageos"", ""seed"", ""play"", ""ift""]",desconocido,,,OnePlus
lemonade,2,oneplus,9 (T-Mobile),Qualcomm SM8350 Snapdragon 888,qualcomm,sm8350,"[""LE2117""]",4500,6.55,1080x2400,22,1,1,avb,boot,fastboot_oneplus_tmo,EDL 900E / 9008 (Sahara + Firehose XML),1,"[""a_b_slots"", ""adb"", ""battery_calibration"", ""battery_health_read"", ""display_pwm_test"", ""dynamic_partitions"", ""edl"", ""evidence_capture"", ""fastboot"", ""fastbootd"", ""frp_owner_assisted"", ""network_reset"", ""official_rom_flash"", ""ota"", ""recovery"", ""sim_reset"", ""storage_health_read"", ""thermal_read"", ""touch_grid_test"", ""verified_boot""]","[""edl_requires_signed_programmer"", ""pre_install_required:needs_specific_android_fw"", ""recovery_flash_target_is:boot""]","[""lineageos"", ""seed"", ""play"", ""ift""]",desconocido,,,OnePlus
lemonadep,1,oneplus,9 Pro,Qualcomm SM8350 Snapdragon 888,qualcomm,sm8350,"[""LE2120"", ""LE2121"", ""LE2123"", ""LE2125""]",4500,6.7,1440x3216,22,1,1,avb,boot,fastboot_nexus,EDL 900E / 9008 (Sahara + Firehose XML),1,"[""a_b_slots"", ""adb"", ""battery_calibration"", ""battery_health_read"", ""display_pwm_test"", ""dynamic_partitions"", ""edl"", ""evidence_capture"", ""fastboot"", ""fastbootd"", ""frp_owner_assisted"", ""network_reset"", ""official_rom_flash"", ""ota"", ""recovery"", ""sim_reset"", ""storage_health_read"", ""thermal_read"", ""touch_grid_test"", ""unlock_official"", ""verified_boot""]","[""edl_requires_signed_programmer"", ""pre_install_required:needs_specific_android_fw"", ""recovery_flash_target_is:boot""]","[""lineageos"", ""seed"", ""play"", ""ift""]",desconocido,,,OnePlus
lemonadep,2,oneplus,9 Pro (T-Mobile),Qualcomm SM8350 Snapdragon 888,qualcomm,sm8350,"[""LE2127""]",4500,6.7,1440x3216,22,1,1,avb,boot,fastboot_oneplus_tmo,EDL 900E / 9008 (Sahara + Firehose XML),1,"[""a_b_slots"", ""adb"", ""battery_calibration"", ""battery_health_read"", ""display_pwm_test"", ""dynamic_partitions"", ""edl"", ""evidence_capture"", ""fastboot"", ""fastbootd"", ""frp_owner_assisted"", ""network_reset"", ""official_rom_flash"", ""ota"", ""recovery"", ""sim_reset"", ""storage_health_read"", ""thermal_read"", ""touch_grid_test"", ""verified_boot""]","[""edl_requires_signed_programmer"", ""pre_install_required:needs_specific_android_fw"", ""recovery_flash_target_is:boot""]","[""lineageos"", ""seed"", ""play"", ""ift""]",desconocido,,,OnePlus
lemonades,,oneplus,9R,Qualcomm SM8250-AC Snapdragon 870,qualcomm,sm8250,"[""LE2100"", ""LE2101""]",4500,6.55,1080x2400,22,1,1,avb,recovery,fastboot_nexus,EDL 900E / 9008 (Sahara + Firehose XML),1,"[""a_b_slots"", ""adb"", ""battery_calibration"", ""battery_health_read"", ""display_pwm_test"", ""dynamic_partitions"", ""edl"", ""evidence_capture"", ""fastboot"", ""fastbootd"", ""frp_owner_assisted"", ""network_reset"", ""official_rom_flash"", ""ota"", ""recovery"", ""sim_reset"", ""storage_health_read"", ""thermal_read"", ""touch_grid_test"", ""unlock_official"", ""verified_boot""]","[""edl_requires_signed_programmer"", ""pre_install_required:needs_specific_android_fw""]","[""lineageos"", ""seed"", ""play"", ""ift""]",desconocido,,,OnePlus
lexus,,oneplus,Nord 5,Qualcomm SM8635 Snapdragon 8s Gen3,qualcomm,sm8650,"[""CPH2707"", ""CPH2709""]",,6.83,1272x2800,22,1,1,avb,recovery,fastboot_nexus,EDL 900E / 9008 (Sahara + Firehose XML),1,"[""a_b_slots"", ""adb"", ""battery_calibration"", ""battery_health_read"", ""display_pwm_test"", ""dynamic_partitions"", ""edl"", ""evidence_capture"", ""fastboot"", ""fastbootd"", ""frp_owner_assisted"", ""network_reset"", ""official_rom_flash"", ""ota"", ""recovery"", ""sim_reset"", ""storage_health_read"", ""thermal_read"", ""touch_grid_test"", ""unlock_official"", ""verified_boot""]","[""edl_requires_signed_programmer"", ""pre_install_required:needs_specific_android_fw""]","[""lineageos"", ""seed"", ""play"", ""ift""]",desconocido,,,OnePlus
martini,,oneplus,9RT,Qualcomm SM8350 Snapdragon 888,qualcomm,sm8350,"[""MT2110"", ""MT2111""]",4500,6.62,1080x2400,22,1,1,avb,boot,fastboot_nexus,EDL 900E / 9008 (Sahara + Firehose XML),1,"[""a_b_slots"", ""adb"", ""battery_calibration"", ""battery_health_read"", ""display_pwm_test"", ""dynamic_partitions"", ""edl"", ""evidence_capture"", ""fastboot"", ""fastbootd"", ""frp_owner_assisted"", ""network_reset"", ""official_rom_flash"", ""ota"", ""recovery"", ""sim_reset"", ""storage_health_read"", ""thermal_read"", ""touch_grid_test"", ""unlock_official"", ""verified_boot""]","[""edl_requires_signed_programmer"", ""pre_install_required:needs_specific_android_fw"", ""recovery_flash_target_is:boot""]","[""lineageos"", ""seed"", ""play"", ""ift""]",desconocido,,,OnePlus
oneplus2,,oneplus,2,Qualcomm MSM8994 Snapdragon 810,qualcomm,msm8994,[],3300,5.5,1920x1080,16,,1,avb,recovery,fastboot_nexus,EDL 900E / 9008 (Sahara + Firehose XML),1,"[""a_only"", ""adb"", ""battery_calibration"", ""battery_health_read"", ""display_pwm_test"", ""dynamic_partitions"", ""edl"", ""evidence_capture"", ""fastboot"", ""fastbootd"", ""frp_owner_assisted"", ""network_reset"", ""official_rom_flash"", ""ota"", ""recovery"", ""sim_reset"", ""storage_health_read"", ""thermal_read"", ""touch_grid_test"", ""unlock_official"", ""verified_boot""]","[""edl_requires_signed_programmer""]","[""lineageos"", ""seed"", ""play"", ""ift""]",desconocido,,,OnePlus
oneplus3,1,oneplus,3,Qualcomm MSM8996 Snapdragon 820,qualcomm,msm8996,"[""A3000"", ""A3003""]",3000,5.5,1080x1920,17,,1,avb,recovery,fastboot_nexus,EDL 900E / 9008 (Sahara + Firehose XML),1,"[""a_only"", ""adb"", ""battery_calibration"", ""battery_health_read"", ""display_pwm_test"", ""dynamic_partitions"", ""edl"", ""evidence_capture"", ""fastboot"", ""fastbootd"", ""frp_owner_assisted"", ""network_reset"", ""official_rom_flash"", ""ota"", ""recovery"", ""sim_reset"", ""storage_health_read"", ""thermal_read"", ""touch_grid_test"", ""unlock_official"", ""verified_boot""]","[""edl_requires_signed_programmer""]","[""lineageos"", ""seed"", ""ift""]",desconocido,,,OnePlus
oneplus3,2,oneplus,3T,Qualcomm MSM8996 Pro Snapdragon 821,qualcomm,msm8996,"[""A3000"", ""A3003""]",3400,5.5,1080x1920,17,,1,avb,recovery,fastboot_nexus,EDL 900E / 9008 (Sahara + Firehose XML),1,"[""a_only"", ""adb"", ""battery_calibration"", ""battery_health_read"", ""display_pwm_test"", ""dynamic_partitions"", ""edl"", ""evidence_capture"", ""fastboot"", ""fastbootd"", ""frp_owner_assisted"", ""network_reset"", ""official_rom_flash"", ""ota"", ""recovery"", ""sim_reset"", ""storage_health_read"", ""thermal_read"", ""touch_grid_test"", ""unlock_official"", ""verified_boot""]","[""edl_requires_signed_programmer""]","[""lineageos"", ""seed"", ""play"", ""ift""]",desconocido,,,OnePlus
onyx,,oneplus,X,Qualcomm MSM8974AC Snapdragon 801,qualcomm,onyx,[],2525,5,1080x1920,,,,,recovery,fastboot_nexus,EDL 900E / 9008 (Sahara + Firehose XML),1,"[""a_only"", ""adb"", ""battery_calibration"", ""battery_health_read"", ""display_pwm_test"", ""edl"", ""evidence_capture"", ""fastboot"", ""frp_owner_assisted"", ""network_reset"", ""official_rom_flash"", ""ota"", ""recovery"", ""sim_reset"", ""storage_health_read"", ""thermal_read"", ""touch_grid_test"", ""unlock_official""]","[""edl_requires_signed_programmer""]","[""lineageos"", ""seed"", ""play"", ""ift""]",desconocido,,,OnePlus
oscaro,,oneplus,Nord CE 2 Lite 5G,Qualcomm SM6375 Snapdragon 695,qualcomm,sm6375,"[""CPH2381"", ""CPH2409""]",5000,6.59,1080x2412,22,1,1,avb,vendor_boot,fastboot_nexus,EDL 900E / 9008 (Sahara + Firehose XML),1,"[""a_b_slots"", ""adb"", ""battery_calibration"", ""battery_health_read"", ""display_pwm_test"", ""dynamic_partitions"", ""edl"", ""evidence_capture"", ""fastboot"", ""fastbootd"", ""frp_owner_assisted"", ""network_reset"", ""official_rom_flash"", ""ota"", ""recovery"", ""sim_reset"", ""storage_health_read"", ""thermal_read"", ""touch_grid_test"", ""unlock_official"", ""verified_boot""]","[""edl_requires_signed_programmer"", ""pre_install_required:needs_specific_android_fw"", ""recovery_flash_target_is:vendor_boot""]","[""lineageos"", ""seed"", ""play"", ""ift""]",desconocido,,,OnePlus
salami,,oneplus,11 5G,Qualcomm SM8550 Snapdragon 8 Gen2,qualcomm,sm8550,"[""CPH2447"", ""CPH2449"", ""CPH2451"", ""PHB110""]",5000,6.7,1440x3216,22,1,1,avb,recovery,fastboot_nexus,EDL 900E / 9008 (Sahara + Firehose XML),1,"[""a_b_slots"", ""adb"", ""battery_calibration"", ""battery_health_read"", ""display_pwm_test"", ""dynamic_partitions"", ""edl"", ""evidence_capture"", ""fastboot"", ""fastbootd"", ""frp_owner_assisted"", ""network_reset"", ""official_rom_flash"", ""ota"", ""recovery"", ""sim_reset"", ""storage_health_read"", ""thermal_read"", ""touch_grid_test"", ""unlock_official"", ""verified_boot""]","[""edl_requires_signed_programmer"", ""pre_install_required:needs_specific_android_fw""]","[""lineageos"", ""seed"", ""play"", ""ift""]",desconocido,,,OnePlus
waffle,,oneplus,12,Qualcomm SM8650 Snapdragon 8 Gen3,qualcomm,sm8650,"[""CPH2573"", ""CPH2581"", ""CPH2583"", ""PJD110""]",5400,6.82,1440x3216,22,1,1,avb,recovery,fastboot_nexus,EDL 900E / 9008 (Sahara + Firehose XML),1,"[""a_b_slots"", ""adb"", ""battery_calibration"", ""battery_health_read"", ""display_pwm_test"", ""dynamic_partitions"", ""edl"", ""evidence_capture"", ""fastboot"", ""fastbootd"", ""frp_owner_assisted"", ""network_reset"", ""official_rom_flash"", ""ota"", ""recovery"", ""sim_reset"", ""storage_health_read"", ""thermal_read"", ""touch_grid_test"", ""unlock_official"", ""verified_boot""]","[""edl_requires_signed_programmer"", ""pre_install_required:needs_specific_android_fw""]","[""lineageos"", ""seed"", ""play"", ""ift""]",desconocido,,,OnePlus
f1f,,oppo,F1 (International),Qualcomm MSM8939 Snapdragon 615,qualcomm,msm8939,"[""F1f""]",2500,5,720x1080,,,,,recovery,fastboot_oppo,EDL 900E / 9008 (Sahara + Firehose XML),1,"[""a_only"", ""adb"", ""battery_calibration"", ""battery_health_read"", ""display_pwm_test"", ""edl"", ""evidence_capture"", ""fastboot"", ""frp_owner_assisted"", ""network_reset"", ""official_rom_flash"", ""ota"", ""recovery"", ""sim_reset"", ""storage_health_read"", ""thermal_read"", ""touch_grid_test""]","[""edl_requires_signed_programmer""]","[""lineageos"", ""seed"", ""play"", ""ift""]",sin_verificar,,,OPPO
find7,1,oppo,Find 7a,Qualcomm MSM8974AB Snapdragon 801 / Qualcomm MSM8974AC Snapdragon 801,qualcomm,msm8974,[],2800,5.5,1920x1080,,,,,recovery,fastboot_nexus,EDL 900E / 9008 (Sahara + Firehose XML),1,"[""a_only"", ""adb"", ""battery_calibration"", ""battery_health_read"", ""display_pwm_test"", ""edl"", ""evidence_capture"", ""fastboot"", ""frp_owner_assisted"", ""network_reset"", ""official_rom_flash"", ""ota"", ""recovery"", ""sim_reset"", ""storage_health_read"", ""thermal_read"", ""touch_grid_test"", ""unlock_official""]","[""edl_requires_signed_programmer""]","[""lineageos"", ""seed"", ""ift""]",sin_verificar,,,OPPO
find7,2,oppo,Find 7s,Qualcomm MSM8974AB Snapdragon 801 / Qualcomm MSM8974AC Snapdragon 801,qualcomm,msm8974,[],3000,5.5,1440x2560,,,,,recovery,fastboot_nexus,EDL 900E / 9008 (Sahara + Firehose XML),1,"[""a_only"", ""adb"", ""battery_calibration"", ""battery_health_read"", ""display_pwm_test"", ""edl"", ""evidence_capture"", ""fastboot"", ""frp_owner_assisted"", ""network_reset"", ""official_rom_flash"", ""ota"", ""recovery"", ""sim_reset"", ""storage_health_read"", ""thermal_read"", ""touch_grid_test"", ""unlock_official""]","[""edl_requires_signed_programmer""]","[""lineageos"", ""seed"", ""play"", ""ift""]",sin_verificar,,,OPPO
n3,,oppo,N3,Qualcomm MSM8974AC Snapdragon 801,qualcomm,msm8974,[],3000,5.5,1920x1080,,,,,recovery,fastboot_nexus,EDL 900E / 9008 (Sahara + Firehose XML),1,"[""a_only"", ""adb"", ""battery_calibration"", ""battery_health_read"", ""display_pwm_test"", ""edl"", ""evidence_capture"", ""fastboot"", ""frp_owner_assisted"", ""network_reset"", ""official_rom_flash"", ""ota"", ""recovery"", ""sim_reset"", ""storage_health_read"", ""thermal_read"", ""touch_grid_test"", ""unlock_official""]","[""edl_requires_signed_programmer""]","[""lineageos"", ""seed"", ""play"", ""ift""]",sin_verificar,,,OPPO
r5,1,oppo,R5 (International),Qualcomm MSM8939 Snapdragon 615,qualcomm,msm8939,"[""R8106"", ""R8106s""]",2000,5.2,1080x1920,,,,,recovery,fastboot_oppo,EDL 900E / 9008 (Sahara + Firehose XML),1,"[""a_only"", ""adb"", ""battery_calibration"", ""battery_health_read"", ""display_pwm_test"", ""edl"", ""evidence_capture"", ""fastboot"", ""frp_owner_assisted"", ""network_reset"", ""official_rom_flash"", ""ota"", ""recovery"", ""sim_reset"", ""storage_health_read"", ""thermal_read"", ""touch_grid_test""]","[""edl_requires_signed_programmer""]","[""lineageos"", ""seed"", ""ift""]",sin_verificar,,,OPPO
r5,2,oppo,R5s (International),Qualcomm MSM8939 Snapdragon 615,qualcomm,msm8939,"[""R8106"", ""R8106s""]",2000,5.2,1080x1920,,,,,recovery,fastboot_oppo,EDL 900E / 9008 (Sahara + Firehose XML),1,"[""a_only"", ""adb"", ""battery_calibration"", ""battery_health_read"", ""display_pwm_test"", ""edl"", ""evidence_capture"", ""fastboot"", ""frp_owner_assisted"", ""network_reset"", ""official_rom_flash"", ""ota"", ""recovery"", ""sim_reset"", ""storage_health_read"", ""thermal_read"", ""touch_grid_test""]","[""edl_requires_signed_programmer""]","[""lineageos"", ""seed"", ""play"", ""ift""]",sin_verificar,,,OPPO
r7plus,,oppo,R7 Plus (International),Qualcomm MSM8939 Snapdragon 615,qualcomm,msm8939,"[""R7plusf""]",4100,6,1080x1920,,,,,recovery,fastboot_nexus,EDL 900E / 9008 (Sahara + Firehose XML),1,"[""a_only"", ""adb"", ""battery_calibration"", ""battery_health_read"", ""display_pwm_test"", ""edl"", ""evidence_capture"", ""fastboot"", ""frp_owner_assisted"", ""network_reset"", ""official_rom_flash"", ""ota"", ""recovery"", ""sim_reset"", ""storage_health_read"", ""thermal_read"", ""touch_grid_test"", ""unlock_official""]","[""edl_requires_signed_programmer""]","[""lineageos"", ""seed"", ""play"", ""ift""]",sin_verificar,,,OPPO
r7sf,,oppo,R7s (International),Qualcomm MSM8939 Snapdragon 615,qualcomm,msm8939,"[""R7sf""]",3070,5.5,1080x1920,,,,,recovery,fastboot_oppo,EDL 900E / 9008 (Sahara + Firehose XML),1,"[""a_only"", ""adb"", ""battery_calibration"", ""battery_health_read"", ""display_pwm_test"", ""edl"", ""evidence_capture"", ""fastboot"", ""frp_owner_assisted"", ""network_reset"", ""official_rom_flash"", ""ota"", ""recovery"", ""sim_reset"", ""storage_health_read"", ""thermal_read"", ""touch_grid_test""]","[""edl_requires_signed_programmer""]","[""lineageos"", ""seed"", ""play"", ""ift""]",sin_verificar,,,OPPO
pyrite,,osom,OV1,Qualcomm SM8350-AC Snapdragon 888+,qualcomm,sm8350,[],3550,6.55,1080x2400,22,1,1,avb,recovery,fastboot_nexus,EDL 900E / 9008 (Sahara + Firehose XML),1,"[""a_b_slots"", ""adb"", ""battery_calibration"", ""battery_health_read"", ""display_pwm_test"", ""dynamic_partitions"", ""edl"", ""evidence_capture"", ""fastboot"", ""fastbootd"", ""frp_owner_assisted"", ""network_reset"", ""official_rom_flash"", ""ota"", ""recovery"", ""sim_reset"", ""storage_health_read"", ""thermal_read"", ""touch_grid_test"", ""unlock_official"", ""verified_boot""]","[""edl_requires_signed_programmer"", ""pre_install_required:needs_specific_android_fw""]","[""lineageos"", ""seed"", ""ift""]",desconocido,,,Osom
radxa0,,radxa,"Zero (S905Y2, eMMC Only) [Android TV]",Amlogic S905Y2,amlogic,,[],,,,21,,1,avb,recovery,amlogic_update,,,"[""a_only"", ""adb"", ""battery_calibration"", ""battery_health_read"", ""display_pwm_test"", ""dynamic_partitions"", ""evidence_capture"", ""fastboot"", ""fastbootd"", ""frp_owner_assisted"", ""network_reset"", ""official_rom_flash"", ""ota"", ""recovery"", ""sim_reset"", ""storage_health_read"", ""thermal_read"", ""touch_grid_test"", ""verified_boot""]",[],"[""lineageos"", ""ift""]",desconocido,,,Radxa
radxa02,,radxa,"Zero 2 (S905D3, eMMC Only) [Android TV]",Amlogic S905D3,amlogic,,[],,,,21,,1,avb,recovery,amlogic_update,,,"[""a_only"", ""adb"", ""battery_calibration"", ""battery_health_read"", ""display_pwm_test"", ""dynamic_partitions"", ""evidence_capture"", ""fastboot"", ""fastbootd"", ""frp_owner_assisted"", ""network_reset"", ""official_rom_flash"", ""ota"", ""recovery"", ""sim_reset"", ""storage_health_read"", ""thermal_read"", ""touch_grid_test"", ""verified_boot""]",[],"[""lineageos"", ""ift""]",desconocido,,,Radxa
radxa02_tab,,radxa,"Zero 2 (S905D3, eMMC Only) [Tablet]",Amlogic S905D3,amlogic,,[],,,,21,,1,avb,recovery,amlogic_update,,,"[""a_only"", ""adb"", ""battery_calibration"", ""battery_health_read"", ""display_pwm_test"", ""dynamic_partitions"", ""evidence_capture"", ""fastboot"", ""fastbootd"", ""frp_owner_assisted"", ""network_reset"", ""official_rom_flash"", ""ota"", ""recovery"", ""sim_reset"", ""storage_health_read"", ""thermal_read"", ""touch_grid_test"", ""verified_boot""]",[],"[""lineageos"", ""ift""]",desconocido,,,Radxa
radxa0_tab,,radxa,"Zero (S905Y2, eMMC Only) [Tablet]",Amlogic S905Y2,amlogic,,[],,,,21,,1,avb,recovery,amlogic_update,,,"[""a_only"", ""adb"", ""battery_calibration"", ""battery_health_read"", ""display_pwm_test"", ""dynamic_partitions"", ""evidence_capture"", ""fastboot"", ""fastbootd"", ""frp_owner_assisted"", ""network_reset"", ""official_rom_flash"", ""ota"", ""recovery"", ""sim_reset"", ""storage_health_read"", ""thermal_read"", ""touch_grid_test"", ""verified_boot""]",[],"[""lineageos"", ""ift""]",desconocido,,,Radxa
aura,,razer,Phone 2,Qualcomm SDM845 Snapdragon 845,qualcomm,sdm845,[],4000,5.72,1440x2560,21,1,1,avb,boot,fastboot_nexus,EDL 900E / 9008 (Sahara + Firehose XML),1,"[""a_b_slots"", ""adb"", ""battery_calibration"", ""battery_health_read"", ""display_pwm_test"", ""dynamic_partitions"", ""edl"", ""evidence_capture"", ""fastboot"", ""fastbootd"", ""frp_owner_assisted"", ""network_reset"", ""official_rom_flash"", ""ota"", ""recovery"", ""sim_reset"", ""storage_health_read"", ""thermal_read"", ""touch_grid_test"", ""unlock_official"", ""verified_boot""]","[""edl_requires_signed_programmer"", ""recovery_flash_target_is:boot""]","[""lineageos"", ""seed"", ""play"", ""ift""]",desconocido,,,Razer
cheryl,,razer,Phone,Qualcomm MSM8998 Snapdragon 835,qualcomm,msm8998,[],4000,5.7,1440x2560,21,1,1,avb,boot,fastboot_nexus,EDL 900E / 9008 (Sahara + Firehose XML),1,"[""a_b_slots"", ""adb"", ""battery_calibration"", ""battery_health_read"", ""display_pwm_test"", ""dynamic_partitions"", ""edl"", ""evidence_capture"", ""fastboot"", ""fastbootd"", ""frp_owner_assisted"", ""network_reset"", ""official_rom_flash"", ""ota"", ""recovery"", ""sim_reset"", ""storage_health_read"", ""thermal_read"", ""touch_grid_test"", ""unlock_official"", ""verified_boot""]","[""edl_requires_signed_programmer"", ""recovery_flash_target_is:boot""]","[""lineageos"", ""seed"", ""play"", ""ift""]",desconocido,,,Razer
nicole,1,razer,Edge 5G,Qualcomm SM8350 Snapdragon G3x Gen 1,qualcomm,sg8175,"[""RZ80-0460""]",5000,6.8,2400x1080,22,1,1,avb,vendor_boot,fastboot_nexus,EDL 900E / 9008 (Sahara + Firehose XML),1,"[""a_b_slots"", ""adb"", ""battery_calibration"", ""battery_health_read"", ""display_pwm_test"", ""dynamic_partitions"", ""edl"", ""evidence_capture"", ""fastboot"", ""fastbootd"", ""frp_owner_assisted"", ""network_reset"", ""official_rom_flash"", ""ota"", ""recovery"", ""sim_reset"", ""storage_health_read"", ""thermal_read"", ""touch_grid_test"", ""unlock_official"", ""verified_boot""]","[""edl_requires_signed_programmer"", ""pre_install_required:needs_specific_android_fw"", ""recovery_flash_target_is:vendor_boot""]","[""lineageos"", ""seed"", ""ift""]",desconocido,,,Razer
nicole,2,razer,Edge WiFi,Qualcomm SM8350 Snapdragon G3x Gen 1,qualcomm,sg8175,"[""RZ80-0461""]",5000,6.8,2400x1080,22,1,1,avb,vendor_boot,fastboot_nexus,EDL 900E / 9008 (Sahara + Firehose XML),1,"[""a_b_slots"", ""adb"", ""battery_calibration"", ""battery_health_read"", ""display_pwm_test"", ""dynamic_partitions"", ""edl"", ""evidence_capture"", ""fastboot"", ""fastbootd"", ""frp_owner_assisted"", ""network_reset"", ""official_rom_flash"", ""ota"", ""recovery"", ""sim_reset"", ""storage_health_read"", ""thermal_read"", ""touch_grid_test"", ""unlock_official"", ""verified_boot""]","[""edl_requires_signed_programmer"", ""pre_install_required:needs_specific_android_fw"", ""recovery_flash_target_is:vendor_boot""]","[""lineageos"", ""seed"", ""ift""]",desconocido,,,Razer
RMX1801,,realme,2 Pro,Qualcomm SDM660 Snapdragon 660,qualcomm,sdm660,"[""RMX1801""]",3500,6.3,2340x1080,16,,1,avb,recovery,fastboot_realme,EDL 900E / 9008 (Sahara + Firehose XML),1,"[""a_only"", ""adb"", ""battery_calibration"", ""battery_health_read"", ""display_pwm_test"", ""dynamic_partitions"", ""edl"", ""evidence_capture"", ""fastboot"", ""fastbootd"", ""frp_owner_assisted"", ""network_reset"", ""official_rom_flash"", ""ota"", ""recovery"", ""sim_reset"", ""storage_health_read"", ""thermal_read"", ""touch_grid_test"", ""verified_boot""]","[""edl_requires_signed_programmer""]","[""lineageos"", ""seed"", ""play"", ""ift""]",desconocido,,,realme
RMX1851,,realme,3 Pro,Qualcomm SDM710 Snapdragon 710,qualcomm,sdm710,"[""RMX1851""]",4045,6.3,2340x1080,,,,,recovery,fastboot_realme,EDL 900E / 9008 (Sahara + Firehose XML),1,"[""a_only"", ""adb"", ""battery_calibration"", ""battery_health_read"", ""display_pwm_test"", ""edl"", ""evidence_capture"", ""fastboot"", ""frp_owner_assisted"", ""network_reset"", ""official_rom_flash"", ""ota"", ""recovery"", ""sim_reset"", ""storage_health_read"", ""thermal_read"", ""touch_grid_test""]","[""edl_requires_signed_programmer""]","[""lineageos"", ""seed"", ""play"", ""ift""]",desconocido,,,realme
bale,,realme,GT Neo6,Qualcomm SM8635 Snapdragon 8s Gen3,qualcomm,,"[""RMX3852""]",5500,6.78,1264x2780,22,1,1,avb,recovery,fastboot_realme_china,EDL 900E / 9008 (Sahara + Firehose XML),1,"[""a_b_slots"", ""adb"", ""battery_calibration"", ""battery_health_read"", ""display_pwm_test"", ""dynamic_partitions"", ""edl"", ""evidence_capture"", ""fastboot"", ""fastbootd"", ""frp_owner_assisted"", ""network_reset"", ""official_rom_flash"", ""ota"", ""recovery"", ""sim_reset"", ""storage_health_read"", ""thermal_read"", ""touch_grid_test"", ""verified_boot""]","[""edl_requires_signed_programmer"", ""pre_install_required:needs_specific_android_fw""]","[""lineageos"", ""seed"", ""play"", ""ift""]",desconocido,,,realme
luigi,,realme,10 Pro 5G,Qualcomm SM6375 Snapdragon 695,qualcomm,sm6375,"[""RMX3660"", ""RMX3661""]",5000,6.72,1080x2400,22,1,1,avb,vendor_boot,fastboot_realme,EDL 900E / 9008 (Sahara + Firehose XML),1,"[""a_b_slots"", ""adb"", ""battery_calibration"", ""battery_health_read"", ""display_pwm_test"", ""dynamic_partitions"", ""edl"", ""evidence_capture"", ""fastboot"", ""fastbootd"", ""frp_owner_assisted"", ""network_reset"", ""official_rom_flash"", ""ota"", ""recovery"", ""sim_reset"", ""storage_health_read"", ""thermal_read"", ""touch_grid_test"", ""verified_boot""]","[""edl_requires_signed_programmer"", ""pre_install_required:needs_specific_android_fw"", ""recovery_flash_target_is:vendor_boot""]","[""lineageos"", ""seed"", ""play"", ""ift""]",desconocido,,,realme
oscar,1,realme,9 Pro 5G,Qualcomm SM6375 Snapdragon 695,qualcomm,sm6375,"[""RMX3471"", ""RMX3472""]",5000,6.6,1080x2412,22,1,1,avb,vendor_boot,fastboot_realme,EDL 900E / 9008 (Sahara + Firehose XML),1,"[""a_b_slots"", ""adb"", ""battery_calibration"", ""battery_health_read"", ""display_pwm_test"", ""dynamic_partitions"", ""edl"", ""evidence_capture"", ""fastboot"", ""fastbootd"", ""frp_owner_assisted"", ""network_reset"", ""official_rom_flash"", ""ota"", ""recovery"", ""sim_reset"", ""storage_health_read"", ""thermal_read"", ""touch_grid_test"", ""verified_boot""]","[""edl_requires_signed_programmer"", ""pre_install_required:needs_specific_android_fw"", ""recovery_flash_target_is:vendor_boot""]","[""lineageos"", ""seed"", ""play"", ""ift""]",desconocido,,,realme
oscar,2,realme,9 5G,Qualcomm SM6375 Snapdragon 695,qualcomm,sm6375,"[""RMX3474""]",5000,6.6,1080x2412,22,1,1,avb,vendor_boot,fastboot_realme,EDL 900E / 9008 (Sahara + Firehose XML),1,"[""a_b_slots"", ""adb"", ""battery_calibration"", ""battery_health_read"", ""display_pwm_test"", ""dynamic_partitions"", ""edl"", ""evidence_capture"", ""fastboot"", ""fastbootd"", ""frp_owner_assisted"", ""network_reset"", ""official_rom_flash"", ""ota"", ""recovery"", ""sim_reset"", ""storage_health_read"", ""thermal_read"", ""touch_grid_test"", ""verified_boot""]","[""edl_requires_signed_programmer"", ""pre_install_required:needs_specific_android_fw"", ""recovery_flash_target_is:vendor_boot""]","[""lineageos"", ""seed"", ""play"", ""ift""]",desconocido,,,realme
oscar,3,realme,Q5,Qualcomm SM6375 Snapdragon 695,qualcomm,sm6375,"[""RMX3478""]",5000,6.6,1080x2412,22,1,1,avb,vendor_boot,fastboot_realme,EDL 900E / 9008 (Sahara + Firehose XML),1,"[""a_b_slots"", ""adb"", ""battery_calibration"", ""battery_health_read"", ""display_pwm_test"", ""dynamic_partitions"", ""edl"", ""evidence_capture"", ""fastboot"", ""fastbootd"", ""frp_owner_assisted"", ""network_reset"", ""official_rom_flash"", ""ota"", ""recovery"", ""sim_reset"", ""storage_health_read"", ""thermal_read"", ""touch_grid_test"", ""verified_boot""]","[""edl_requires_signed_programmer"", ""pre_install_required:needs_specific_android_fw"", ""recovery_flash_target_is:vendor_boot""]","[""lineageos"", ""seed"", ""play"", ""ift""]",desconocido,,,realme
RP6,,retroid pocket,6,Qualcomm Dragonwing™ QCS8550 (QCS8550),qualcomm,,"[""RP6""]",6000,5.5,1920x1080,22,1,1,avb,recovery,fastboot_unlocked,EDL 900E / 9008 (Sahara + Firehose XML),1,"[""a_b_slots"", ""adb"", ""battery_calibration"", ""battery_health_read"", ""display_pwm_test"", ""dynamic_partitions"", ""edl"", ""evidence_capture"", ""fastboot"", ""fastbootd"", ""frp_owner_assisted"", ""network_reset"", ""official_rom_flash"", ""ota"", ""recovery"", ""sim_reset"", ""storage_health_read"", ""thermal_read"", ""touch_grid_test"", ""unlock_official"", ""verified_boot""]","[""edl_requires_signed_programmer"", ""pre_install_required:needs_specific_android_fw""]","[""lineageos"", ""seed"", ""ift""]",desconocido,,,Retroid Pocket
RPN,,retroid pocket,Retroid Pocket Nova,Qualcomm Dragonwing™ QCS8550 (QCS8550),qualcomm,,"[""RPN""]",5000,4.5,1280x960,22,1,1,avb,recovery,fastboot_unlocked,EDL 900E / 9008 (Sahara + Firehose XML),1,"[""a_b_slots"", ""adb"", ""battery_calibration"", ""battery_health_read"", ""display_pwm_test"", ""dynamic_partitions"", ""edl"", ""evidence_capture"", ""fastboot"", ""fastbootd"", ""frp_owner_assisted"", ""network_reset"", ""official_rom_flash"", ""ota"", ""recovery"", ""sim_reset"", ""storage_health_read"", ""thermal_read"", ""touch_grid_test"", ""unlock_official"", ""verified_boot""]","[""edl_requires_signed_programmer"", ""pre_install_required:needs_specific_android_fw""]","[""lineageos"", ""seed"", ""ift""]",desconocido,,,Retroid Pocket
a21s,,samsung,Galaxy A21s,Samsung Exynos 850,exynos,exynos850,"[""SM-A217F"", ""SM-A217M"", ""SM-A217F/DS"", ""SM-A217F/DSN"", ""SM-A217M/DS""]",5000,6.5,720x1600,22,,1,avb,recovery,samloader_rs,Samsung Download mode 04E8:6600 / 685D (Odin-style protocol),1,"[""a_only"", ""adb"", ""battery_calibration"", ""battery_health_read"", ""display_pwm_test"", ""dynamic_partitions"", ""evidence_capture"", ""fastboot"", ""fastbootd"", ""frp_owner_assisted"", ""network_reset"", ""odin_download"", ""official_rom_flash"", ""ota"", ""recovery"", ""sim_reset"", ""storage_health_read"", ""thermal_read"", ""touch_grid_test"", ""verified_boot""]","[""odin_requires_signed_secure_package"", ""pre_install_required:needs_specific_android_fw"", ""samsung_knox_eFuse_risk_on_unlock""]","[""lineageos"", ""seed"", ""play"", ""ift""]",desconocido,,,Samsung
a3xelte,,samsung,Galaxy A3 (2016),Samsung Exynos 7578,exynos,universal7580,"[""SM-A310F"", ""SM-A310F/DS"", ""SM-A310M"", ""SM-A310N0"", ""SM-A310Y""]",2300,4.7,1280x720,16,,1,avb,recovery,samloader_rs,Samsung Download mode 04E8:6600 / 685D (Odin-style protocol),1,"[""a_only"", ""adb"", ""battery_calibration"", ""battery_health_read"", ""display_pwm_test"", ""dynamic_partitions"", ""evidence_capture"", ""fastboot"", ""fastbootd"", ""frp_owner_assisted"", ""network_reset"", ""odin_download"", ""official_rom_flash"", ""ota"", ""recovery"", ""sim_reset"", ""storage_health_read"", ""thermal_read"", ""touch_grid_test"", ""verified_boot""]","[""odin_requires_signed_secure_package"", ""samsung_knox_eFuse_risk_on_unlock""]","[""lineageos"", ""seed"", ""play"", ""ift""]",desconocido,,,Samsung
a52q,,samsung,Galaxy A52 4G,Qualcomm SM7125 Snapdragon 720G,qualcomm,sm7125,"[""SM-A525F"", ""SM-A525M"", ""SM-A525F/DS"", ""SM-A525M/DS""]",4500,6.5,1080x2400,22,,1,avb,recovery,samloader_rs,EDL 900E / 9008 (Sahara + Firehose XML),1,"[""a_only"", ""adb"", ""battery_calibration"", ""battery_health_read"", ""display_pwm_test"", ""dynamic_partitions"", ""edl"", ""evidence_capture"", ""fastboot"", ""fastbootd"", ""frp_owner_assisted"", ""network_reset"", ""official_rom_flash"", ""ota"", ""recovery"", ""sim_reset"", ""storage_health_read"", ""thermal_read"", ""touch_grid_test"", ""verified_boot""]","[""edl_requires_signed_programmer"", ""pre_install_required:needs_specific_android_fw"", ""samsung_knox_eFuse_risk_on_unlock""]","[""lineageos"", ""seed"", ""play"", ""ift""]",desconocido,,,Samsung
a52sxq,,samsung,Galaxy A52s 5G,Qualcomm SM7325 Snapdragon 778G 5G,qualcomm,sm7325,"[""SM-A528B"", ""SM-A528N"", ""SM-A528B/DS""]",4500,6.5,1080x2400,22,,1,avb,recovery,samloader_rs,EDL 900E / 9008 (Sahara + Firehose XML),1,"[""a_only"", ""adb"", ""battery_calibration"", ""battery_health_read"", ""display_pwm_test"", ""dynamic_partitions"", ""edl"", ""evidence_capture"", ""fastboot"", ""fastbootd"", ""frp_owner_assisted"", ""network_reset"", ""official_rom_flash"", ""ota"", ""recovery"", ""sim_reset"", ""storage_health_read"", ""thermal_read"", ""touch_grid_test"", ""verified_boot""]","[""edl_requires_signed_programmer"", ""pre_install_required:needs_specific_android_fw"", ""samsung_knox_eFuse_risk_on_unlock""]","[""lineageos"", ""seed"", ""play"", ""ift""]",desconocido,,,Samsung
a5xelte,,samsung,Galaxy A5 (2016),Samsung Exynos 7580,exynos,universal7580,"[""SM-A510F"", ""SM-A510F/DS"", ""SM-A510M"", ""SM-A510Y"", ""SM-A510K"", ""SM-A510L"", ""SM-A510S"", ""SM-A5108""]",2900,5.2,1920x1080,16,,1,avb,recovery,samloader_rs,Samsung Download mode 04E8:6600 / 685D (Odin-style protocol),1,"[""a_only"", ""adb"", ""battery_calibration"", ""battery_health_read"", ""display_pwm_test"", ""dynamic_partitions"", ""evidence_capture"", ""fastboot"", ""fastbootd"", ""frp_owner_assisted"", ""network_reset"", ""odin_download"", ""official_rom_flash"", ""ota"", ""recovery"", ""sim_reset"", ""storage_health_read"", ""thermal_read"", ""touch_grid_test"", ""verified_boot""]","[""odin_requires_signed_secure_package"", ""samsung_knox_eFuse_risk_on_unlock""]","[""lineageos"", ""seed"", ""play"", ""ift""]",desconocido,,,Samsung
a5y17lte,,samsung,Galaxy A5 (2017),Samsung Exynos 7880,exynos,universal7880,"[""SM-A520F"", ""SM-A520F/DS"", ""SM-A520K"", ""SM-A520L"", ""SM-A520S"", ""SM-A520W""]",3000,5.2,1920x1080,17,,1,avb,recovery,samloader_rs,Samsung Download mode 04E8:6600 / 685D (Odin-style protocol),1,"[""a_only"", ""adb"", ""battery_calibration"", ""battery_health_read"", ""display_pwm_test"", ""dynamic_partitions"", ""evidence_capture"", ""fastboot"", ""fastbootd"", ""frp_owner_assisted"", ""network_reset"", ""odin_download"", ""official_rom_flash"", ""ota"", ""recovery"", ""sim_reset"", ""storage_health_read"", ""thermal_read"", ""touch_grid_test"", ""verified_boot""]","[""odin_requires_signed_secure_package"", ""pre_install_required:needs_specific_android_fw"", ""samsung_knox_eFuse_risk_on_unlock""]","[""lineageos"", ""seed"", ""play"", ""ift""]",desconocido,,,Samsung
a71,,samsung,Galaxy A71,Qualcomm SM7150-AA Snapdragon 730,qualcomm,a71,"[""SM-A715F"", ""SM-A715F/DS"", ""SM-A715F/DSN"", ""SM-A715F/DSM""]",4500,6.7,1080x2400,22,,1,avb,recovery,samloader_rs,EDL 900E / 9008 (Sahara + Firehose XML),1,"[""a_only"", ""adb"", ""battery_calibration"", ""battery_health_read"", ""display_pwm_test"", ""dynamic_partitions"", ""edl"", ""evidence_capture"", ""fastboot"", ""fastbootd"", ""frp_owner_assisted"", ""network_reset"", ""official_rom_flash"", ""ota"", ""recovery"", ""sim_reset"", ""storage_health_read"", ""thermal_read"", ""touch_grid_test"", ""verified_boot""]","[""edl_requires_signed_programmer"", ""pre_install_required:needs_specific_android_fw"", ""samsung_knox_eFuse_risk_on_unlock""]","[""lineageos"", ""seed"", ""play"", ""ift""]",desconocido,,,Samsung
a72q,,samsung,Galaxy A72,Qualcomm SM7125 Snapdragon 720G,qualcomm,sm7125,"[""SM-A725F"", ""SM-A725M"", ""SM-A725F/DS"", ""SM-A725M/DS""]",5000,6.7,1080x2400,22,,1,avb,recovery,samloader_rs,EDL 900E / 9008 (Sahara + Firehose XML),1,"[""a_only"", ""adb"", ""battery_calibration"", ""battery_health_read"", ""display_pwm_test"", ""dynamic_partitions"", ""edl"", ""evidence_capture"", ""fastboot"", ""fastbootd"", ""frp_owner_assisted"", ""network_reset"", ""official_rom_flash"", ""ota"", ""recovery"", ""sim_reset"", ""storage_health_read"", ""thermal_read"", ""touch_grid_test"", ""verified_boot""]","[""edl_requires_signed_programmer"", ""pre_install_required:needs_specific_android_fw"", ""samsung_knox_eFuse_risk_on_unlock""]","[""lineageos"", ""seed"", ""play"", ""ift""]",desconocido,,,Samsung
a73xq,,samsung,Galaxy A73 5G,Qualcomm SM7325 Snapdragon 778G 5G,qualcomm,sm7325,"[""SM-A736B"", ""SM-A736B/DS""]",5000,6.7,1080x2400,22,,1,avb,recovery,samloader_rs,EDL 900E / 9008 (Sahara + Firehose XML),1,"[""a_only"", ""adb"", ""battery_calibration"", ""battery_health_read"", ""display_pwm_test"", ""dynamic_partitions"", ""edl"", ""evidence_capture"", ""fastboot"", ""fastbootd"", ""frp_owner_assisted"", ""network_reset"", ""official_rom_flash"", ""ota"", ""recovery"", ""sim_reset"", ""storage_health_read"", ""thermal_read"", ""touch_grid_test"", ""verified_boot""]","[""edl_requires_signed_programmer"", ""pre_install_required:needs_specific_android_fw"", ""samsung_knox_eFuse_risk_on_unlock""]","[""lineageos"", ""seed"", ""play"", ""ift""]",desconocido,,,Samsung
a7xelte,,samsung,Galaxy A7 (2016),Samsung Exynos 7580,exynos,universal7580,"[""SM-A710F"", ""SM-A710F/DS"", ""SM-A710M"", ""SM-A710Y"", ""SM-A710K"", ""SM-A710L"", ""SM-A710S""]",3300,5.5,1920x1080,16,,1,avb,recovery,samloader_rs,Samsung Download mode 04E8:6600 / 685D (Odin-style protocol),1,"[""a_only"", ""adb"", ""battery_calibration"", ""battery_health_read"", ""display_pwm_test"", ""dynamic_partitions"", ""evidence_capture"", ""fastboot"", ""fastbootd"", ""frp_owner_assisted"", ""network_reset"", ""odin_download"", ""official_rom_flash"", ""ota"", ""recovery"", ""sim_reset"", ""storage_health_read"", ""thermal_read"", ""touch_grid_test"", ""verified_boot""]","[""odin_requires_signed_secure_package"", ""samsung_knox_eFuse_risk_on_unlock""]","[""lineageos"", ""seed"", ""play"", ""ift""]",desconocido,,,Samsung
a7y17lte,,samsung,Galaxy A7 (2017),Samsung Exynos 7880,exynos,universal7880,"[""SM-A720F"", ""SM-A720F/DS"", ""SM-A720S""]",3000,5.2,1920x1080,17,,1,avb,recovery,samloader_rs,Samsung Download mode 04E8:6600 / 685D (Odin-style protocol),1,"[""a_only"", ""adb"", ""battery_calibration"", ""battery_health_read"", ""display_pwm_test"", ""dynamic_partitions"", ""evidence_capture"", ""fastboot"", ""fastbootd"", ""frp_owner_assisted"", ""network_reset"", ""odin_download"", ""official_rom_flash"", ""ota"", ""recovery"", ""sim_reset"", ""storage_health_read"", ""thermal_read"", ""touch_grid_test"", ""verified_boot""]","[""odin_requires_signed_secure_package"", ""pre_install_required:needs_specific_android_fw"", ""samsung_knox_eFuse_risk_on_unlock""]","[""lineageos"", ""seed"", ""play"", ""ift""]",desconocido,,,Samsung
b0s,,samsung,Galaxy S22 Ultra,Samsung Exynos 2200,exynos,s5,"[""SM-S908B"", ""SM-S908B/DS""]",5000,6.8,3088x1440,22,,1,avb,recovery,samloader_rs,Samsung Download mode 04E8:6600 / 685D (Odin-style protocol),1,"[""a_only"", ""adb"", ""battery_calibration"", ""battery_health_read"", ""display_pwm_test"", ""dynamic_partitions"", ""evidence_capture"", ""fastboot"", ""fastbootd"", ""frp_owner_assisted"", ""network_reset"", ""odin_download"", ""official_rom_flash"", ""ota"", ""recovery"", ""sim_reset"", ""storage_health_read"", ""thermal_read"", ""touch_grid_test"", ""verified_boot""]","[""odin_requires_signed_secure_package"", ""pre_install_required:needs_specific_android_fw"", ""samsung_knox_eFuse_risk_on_unlock""]","[""lineageos"", ""seed"", ""play"", ""ift""]",desconocido,,,Samsung
beyond0lte,,samsung,Galaxy S10e,Samsung Exynos 9820,exynos,exynos9820,"[""SM-G970F"", ""SM-G970F/DS"", ""SM-G970N""]",3100,5.8,2280x1080,22,,1,avb,recovery,samloader_rs,Samsung Download mode 04E8:6600 / 685D (Odin-style protocol),1,"[""a_only"", ""adb"", ""battery_calibration"", ""battery_health_read"", ""display_pwm_test"", ""dynamic_partitions"", ""evidence_capture"", ""fastboot"", ""fastbootd"", ""frp_owner_assisted"", ""network_reset"", ""odin_download"", ""official_rom_flash"", ""ota"", ""recovery"", ""sim_reset"", ""storage_health_read"", ""thermal_read"", ""touch_grid_test"", ""verified_boot""]","[""odin_requires_signed_secure_package"", ""pre_install_required:needs_specific_android_fw"", ""samsung_knox_eFuse_risk_on_unlock""]","[""lineageos"", ""seed"", ""play"", ""ift""]",desconocido,,,Samsung
beyond1lte,,samsung,Galaxy S10,Samsung Exynos 9820,exynos,exynos9820,"[""SM-G973F"", ""SM-G973F/DS"", ""SM-G973N""]",3400,6.1,3040x1440,22,,1,avb,recovery,samloader_rs,Samsung Download mode 04E8:6600 / 685D (Odin-style protocol),1,"[""a_only"", ""adb"", ""battery_calibration"", ""battery_health_read"", ""display_pwm_test"", ""dynamic_partitions"", ""evidence_capture"", ""fastboot"", ""fastbootd"", ""frp_owner_assisted"", ""network_reset"", ""odin_download"", ""official_rom_flash"", ""ota"", ""recovery"", ""sim_reset"", ""storage_health_read"", ""thermal_read"", ""touch_grid_test"", ""verified_boot""]","[""odin_requires_signed_secure_package"", ""pre_install_required:needs_specific_android_fw"", ""samsung_knox_eFuse_risk_on_unlock""]","[""lineageos"", ""seed"", ""play"", ""ift""]",desconocido,,,Samsung
beyond2lte,,samsung,Galaxy S10+,Samsung Exynos 9820,exynos,exynos9820,"[""SM-G975F"", ""SM-G975F/DS"", ""SM-G975N""]",4100,6.4,3040x1440,22,,1,avb,recovery,samloader_rs,Samsung Download mode 04E8:6600 / 685D (Odin-style protocol),1,"[""a_only"", ""adb"", ""battery_calibration"", ""battery_health_read"", ""display_pwm_test"", ""dynamic_partitions"", ""evidence_capture"", ""fastboot"", ""fastbootd"", ""frp_owner_assisted"", ""network_reset"", ""odin_download"", ""official_rom_flash"", ""ota"", ""recovery"", ""sim_reset"", ""storage_health_read"", ""thermal_read"", ""touch_grid_test"", ""verified_boot""]","[""odin_requires_signed_secure_package"", ""pre_install_required:needs_specific_android_fw"", ""samsung_knox_eFuse_risk_on_unlock""]","[""lineageos"", ""seed"", ""play"", ""ift""]",desconocido,,,Samsung
beyondx,,samsung,Galaxy S10 5G,Samsung Exynos 9820,exynos,exynos9820,"[""SM-G977B"", ""SM-G977N""]",4500,6.7,3040x1440,22,,1,avb,recovery,samloader_rs,Samsung Download mode 04E8:6600 / 685D (Odin-style protocol),1,"[""a_only"", ""adb"", ""battery_calibration"", ""battery_health_read"", ""display_pwm_test"", ""dynamic_partitions"", ""evidence_capture"", ""fastboot"", ""fastbootd"", ""frp_owner_assisted"", ""network_reset"", ""odin_download"", ""official_rom_flash"", ""ota"", ""recovery"", ""sim_reset"", ""storage_health_read"", ""thermal_read"", ""touch_grid_test"", ""verified_boot""]","[""odin_requires_signed_secure_package"", ""pre_install_required:needs_specific_android_fw"", ""samsung_knox_eFuse_risk_on_unlock""]","[""lineageos"", ""seed"", ""play"", ""ift""]",desconocido,,,Samsung
c2s,,samsung,Galaxy Note20 Ultra (4G/5G),Samsung Exynos 990,exynos,universal9830,"[""SM-N985F"", ""SM-N985F/DS"", ""SM-N986B"", ""SM-N986B/DS""]",4500,6.9,3088x1440,22,,1,avb,recovery,samloader_rs,Samsung Download mode 04E8:6600 / 685D (Odin-style protocol),1,"[""a_only"", ""adb"", ""battery_calibration"", ""battery_health_read"", ""display_pwm_test"", ""dynamic_partitions"", ""evidence_capture"", ""fastboot"", ""fastbootd"", ""frp_owner_assisted"", ""network_reset"", ""odin_download"", ""official_rom_flash"", ""ota"", ""recovery"", ""sim_reset"", ""storage_health_read"", ""thermal_read"", ""touch_grid_test"", ""verified_boot""]","[""odin_requires_signed_secure_package"", ""pre_install_required:needs_specific_android_fw"", ""samsung_knox_eFuse_risk_on_unlock""]","[""lineageos"", ""seed"", ""play"", ""ift""]",desconocido,,,Samsung
chagalllte,,samsung,Galaxy Tab S 10.5 LTE,Samsung Exynos 5420,exynos,exynos5420,"[""SM-T805""]",7900,10.5,2560x1600,,,,,recovery,samloader_rs,Samsung Download mode 04E8:6600 / 685D (Odin-style protocol),1,"[""a_only"", ""adb"", ""battery_calibration"", ""battery_health_read"", ""display_pwm_test"", ""evidence_capture"", ""fastboot"", ""frp_owner_assisted"", ""network_reset"", ""odin_download"", ""official_rom_flash"", ""ota"", ""recovery"", ""sim_reset"", ""storage_health_read"", ""thermal_read"", ""touch_grid_test""]","[""odin_requires_signed_secure_package"", ""samsung_knox_eFuse_risk_on_unlock""]","[""lineageos"", ""seed"", ""play"", ""ift""]",desconocido,,,Samsung
chagallwifi,,samsung,Galaxy Tab S 10.5 Wi-Fi,Samsung Exynos 5420,exynos,exynos5420,"[""SM-T800""]",7900,10.5,2560x1600,,,,,recovery,samloader_rs,Samsung Download mode 04E8:6600 / 685D (Odin-style protocol),1,"[""a_only"", ""adb"", ""battery_calibration"", ""battery_health_read"", ""display_pwm_test"", ""evidence_capture"", ""fastboot"", ""frp_owner_assisted"", ""network_reset"", ""odin_download"", ""official_rom_flash"", ""ota"", ""recovery"", ""sim_reset"", ""storage_health_read"", ""thermal_read"", ""touch_grid_test""]","[""odin_requires_signed_secure_package"", ""samsung_knox_eFuse_risk_on_unlock""]","[""lineageos"", ""seed"", ""play"", ""ift""]",desconocido,,,Samsung
crownlte,,samsung,Galaxy Note 9,Samsung Exynos 9810,exynos,exynos9810,"[""SM-N960F"", ""SM-N960F/DS"", ""SM-N960N""]",4000,6.4,2960x1440,19,,1,avb,recovery,samloader_rs,Samsung Download mode 04E8:6600 / 685D (Odin-style protocol),1,"[""a_only"", ""adb"", ""battery_calibration"", ""battery_health_read"", ""display_pwm_test"", ""dynamic_partitions"", ""evidence_capture"", ""fastboot"", ""fastbootd"", ""frp_owner_assisted"", ""network_reset"", ""odin_download"", ""official_rom_flash"", ""ota"", ""recovery"", ""sim_reset"", ""storage_health_read"", ""thermal_read"", ""touch_grid_test"", ""verified_boot""]","[""odin_requires_signed_secure_package"", ""pre_install_required:needs_specific_android_fw"", ""samsung_knox_eFuse_risk_on_unlock""]","[""lineageos"", ""seed"", ""play"", ""ift""]",desconocido,,,Samsung
d1,,samsung,Galaxy Note10,Samsung Exynos 9825,exynos,exynos9820,"[""SM-N970F"", ""SM-N970F/DS""]",3500,6.3,2280x1080,22,,1,avb,recovery,samloader_rs,Samsung Download mode 04E8:6600 / 685D (Odin-style protocol),1,"[""a_only"", ""adb"", ""battery_calibration"", ""battery_health_read"", ""display_pwm_test"", ""dynamic_partitions"", ""evidence_capture"", ""fastboot"", ""fastbootd"", ""frp_owner_assisted"", ""network_reset"", ""odin_download"", ""official_rom_flash"", ""ota"", ""recovery"", ""sim_reset"", ""storage_health_read"", ""thermal_read"", ""touch_grid_test"", ""verified_boot""]","[""odin_requires_signed_secure_package"", ""pre_install_required:needs_specific_android_fw"", ""samsung_knox_eFuse_risk_on_unlock""]","[""lineageos"", ""seed"", ""play"", ""ift""]",desconocido,,,Samsung
d1x,,samsung,Galaxy Note10 5G,Samsung Exynos 9825,exynos,exynos9820,"[""SM-N971N""]",3500,6.3,2280x1080,22,,1,avb,recovery,samloader_rs,Samsung Download mode 04E8:6600 / 685D (Odin-style protocol),1,"[""a_only"", ""adb"", ""battery_calibration"", ""battery_health_read"", ""display_pwm_test"", ""dynamic_partitions"", ""evidence_capture"", ""fastboot"", ""fastbootd"", ""frp_owner_assisted"", ""network_reset"", ""odin_download"", ""official_rom_flash"", ""ota"", ""recovery"", ""sim_reset"", ""storage_health_read"", ""thermal_read"", ""touch_grid_test"", ""verified_boot""]","[""odin_requires_signed_secure_package"", ""pre_install_required:needs_specific_android_fw"", ""samsung_knox_eFuse_risk_on_unlock""]","[""lineageos"", ""seed"", ""play"", ""ift""]",desconocido,,,Samsung
d2att,,samsung,Galaxy S III (AT&T),Qualcomm MSM8960 Snapdragon S4 Plus,qualcomm,d2,"[""SGH-I747"", ""SGH-I747M""]",2100,4.8,1280x720,,,,,recovery,samloader_rs,EDL 900E / 9008 (Sahara + Firehose XML),1,"[""a_only"", ""adb"", ""battery_calibration"", ""battery_health_read"", ""display_pwm_test"", ""edl"", ""evidence_capture"", ""fastboot"", ""frp_owner_assisted"", ""network_reset"", ""official_rom_flash"", ""ota"", ""recovery"", ""sim_reset"", ""storage_health_read"", ""thermal_read"", ""touch_grid_test""]","[""edl_requires_signed_programmer""]","[""lineageos"", ""seed"", ""play"", ""ift""]",desconocido,,,Samsung
d2s,,samsung,Galaxy Note10+,Samsung Exynos 9825,exynos,exynos9820,"[""SM-N975F"", ""SM-N975F/DS""]",4300,6.8,3040x1440,22,,1,avb,recovery,samloader_rs,Samsung Download mode 04E8:6600 / 685D (Odin-style protocol),1,"[""a_only"", ""adb"", ""battery_calibration"", ""battery_health_read"", ""display_pwm_test"", ""dynamic_partitions"", ""evidence_capture"", ""fastboot"", ""fastbootd"", ""frp_owner_assisted"", ""network_reset"", ""odin_download"", ""official_rom_flash"", ""ota"", ""recovery"", ""sim_reset"", ""storage_health_read"", ""thermal_read"", ""touch_grid_test"", ""verified_boot""]","[""odin_requires_signed_secure_package"", ""pre_install_required:needs_specific_android_fw"", ""samsung_knox_eFuse_risk_on_unlock""]","[""lineageos"", ""seed"", ""play"", ""ift""]",desconocido,,,Samsung
d2spr,,samsung,Galaxy S III (Sprint),Qualcomm MSM8960 Snapdragon S4 Plus,qualcomm,d2,"[""SPH-L710""]",2100,4.8,1280x720,,,,,recovery,samloader_rs,EDL 900E / 9008 (Sahara + Firehose XML),1,"[""a_only"", ""adb"", ""battery_calibration"", ""battery_health_read"", ""display_pwm_test"", ""edl"", ""evidence_capture"", ""fastboot"", ""frp_owner_assisted"", ""network_reset"", ""official_rom_flash"", ""ota"", ""recovery"", ""sim_reset"", ""storage_health_read"", ""thermal_read"", ""touch_grid_test""]","[""edl_requires_signed_programmer""]","[""lineageos"", ""seed"", ""play"", ""ift""]",desconocido,,,Samsung
d2tmo,,samsung,Galaxy S III (T-Mobile),Qualcomm MSM8960 Snapdragon S4 Plus,qualcomm,d2,"[""SGH-T999""]",2100,4.8,1280x720,,,,,recovery,samloader_rs,EDL 900E / 9008 (Sahara + Firehose XML),1,"[""a_only"", ""adb"", ""battery_calibration"", ""battery_health_read"", ""display_pwm_test"", ""edl"", ""evidence_capture"", ""fastboot"", ""frp_owner_assisted"", ""network_reset"", ""official_rom_flash"", ""ota"", ""recovery"", ""sim_reset"", ""storage_health_read"", ""thermal_read"", ""touch_grid_test""]","[""edl_requires_signed_programmer""]","[""lineageos"", ""seed"", ""play"", ""ift""]",desconocido,,,Samsung
d2vzw,,samsung,Galaxy S III (Verizon),Qualcomm MSM8960 Snapdragon S4 Plus,qualcomm,d2,"[""SCH-I535""]",2100,4.8,1280x720,,,,,recovery,samloader_rs,EDL 900E / 9008 (Sahara + Firehose XML),1,"[""a_only"", ""adb"", ""battery_calibration"", ""battery_health_read"", ""display_pwm_test"", ""edl"", ""evidence_capture"", ""fastboot"", ""frp_owner_assisted"", ""network_reset"", ""official_rom_flash"", ""ota"", ""recovery"", ""sim_reset"", ""storage_health_read"", ""thermal_read"", ""touch_grid_test""]","[""edl_requires_signed_programmer""]","[""lineageos"", ""seed"", ""play"", ""ift""]",desconocido,,,Samsung
d2x,,samsung,Galaxy Note10+ 5G,Samsung Exynos 9825,exynos,exynos9820,"[""SM-N976B"", ""SM-N976N""]",4300,6.8,3040x1440,22,,1,avb,recovery,samloader_rs,Samsung Download mode 04E8:6600 / 685D (Odin-style protocol),1,"[""a_only"", ""adb"", ""battery_calibration"", ""battery_health_read"", ""display_pwm_test"", ""dynamic_partitions"", ""evidence_capture"", ""fastboot"", ""fastbootd"", ""frp_owner_assisted"", ""network_reset"", ""odin_download"", ""official_rom_flash"", ""ota"", ""recovery"", ""sim_reset"", ""storage_health_read"", ""thermal_read"", ""touch_grid_test"", ""verified_boot""]","[""odin_requires_signed_secure_package"", ""pre_install_required:needs_specific_android_fw"", ""samsung_knox_eFuse_risk_on_unlock""]","[""lineageos"", ""seed"", ""play"", ""ift""]",desconocido,,,Samsung
dm1q,,samsung,Galaxy S23,Qualcomm SM8550 Snapdragon 8 Gen2,qualcomm,sm8550,"[""SM-S911B"", ""SM-S911B/DS""]",3900,6.1,1080x2340,22,,1,avb,recovery,samloader_rs,EDL 900E / 9008 (Sahara + Firehose XML),1,"[""a_only"", ""adb"", ""battery_calibration"", ""battery_health_read"", ""display_pwm_test"", ""dynamic_partitions"", ""edl"", ""evidence_capture"", ""fastboot"", ""fastbootd"", ""frp_owner_assisted"", ""network_reset"", ""official_rom_flash"", ""ota"", ""recovery"", ""sim_reset"", ""storage_health_read"", ""thermal_read"", ""touch_grid_test"", ""verified_boot""]","[""edl_requires_signed_programmer"", ""pre_install_required:needs_specific_android_fw"", ""samsung_knox_eFuse_risk_on_unlock""]","[""lineageos"", ""seed"", ""play"", ""ift""]",desconocido,,,Samsung
espresso3g,1,samsung,Galaxy Tab 2 7.0 (GSM),TI OMAP4430,ti,espresso10,"[""P3100"", ""P5100""]",4000,7,600x1024,,,,,recovery,samloader_rs,,,"[""a_only"", ""adb"", ""battery_calibration"", ""battery_health_read"", ""display_pwm_test"", ""evidence_capture"", ""fastboot"", ""frp_owner_assisted"", ""network_reset"", ""official_rom_flash"", ""ota"", ""recovery"", ""sim_reset"", ""storage_health_read"", ""thermal_read"", ""touch_grid_test""]",[],"[""lineageos"", ""ift""]",desconocido,,,Samsung
espresso3g,2,samsung,Galaxy Tab 2 10.1 (GSM),TI OMAP4430,ti,espresso10,"[""P3100"", ""P5100""]",7000,10.1,800x1280,,,,,recovery,samloader_rs,,,"[""a_only"", ""adb"", ""battery_calibration"", ""battery_health_read"", ""display_pwm_test"", ""evidence_capture"", ""fastboot"", ""frp_owner_assisted"", ""network_reset"", ""official_rom_flash"", ""ota"", ""recovery"", ""sim_reset"", ""storage_health_read"", ""thermal_read"", ""touch_grid_test""]",[],"[""lineageos"", ""ift""]",desconocido,,,Samsung
espressowifi,1,samsung,Galaxy Tab 2 7.0 (Wi-Fi / Wi-Fi + IR),TI OMAP4430,ti,espresso10,"[""P3110"", ""P3113"", ""P5110"", ""P5113""]",4000,7,600x1024,,,,,recovery,samloader_rs,,,"[""a_only"", ""adb"", ""battery_calibration"", ""battery_health_read"", ""display_pwm_test"", ""evidence_capture"", ""fastboot"", ""frp_owner_assisted"", ""network_reset"", ""official_rom_flash"", ""ota"", ""recovery"", ""sim_reset"", ""storage_health_read"", ""thermal_read"", ""touch_grid_test""]",[],"[""lineageos"", ""ift""]",desconocido,,,Samsung
espressowifi,2,samsung,Galaxy Tab 2 10.1 (Wi-Fi / Wi-Fi + IR),TI OMAP4430,ti,espresso10,"[""P3110"", ""P3113"", ""P5110"", ""P5113""]",7000,10.1,800x1280,,,,,recovery,samloader_rs,,,"[""a_only"", ""adb"", ""battery_calibration"", ""battery_health_read"", ""display_pwm_test"", ""evidence_capture"", ""fastboot"", ""frp_owner_assisted"", ""network_reset"", ""official_rom_flash"", ""ota"", ""recovery"", ""sim_reset"", ""storage_health_read"", ""thermal_read"", ""touch_grid_test""]",[],"[""lineageos"", ""play"", ""ift""]",desconocido,,,Samsung
f62,1,samsung,Galaxy F62,Samsung Exynos 9825,exynos,exynos9820,"[""SM-E625F"", ""SM-E625F/DS""]",7000,6.7,2400x1080,22,,1,avb,recovery,samloader_rs,Samsung Download mode 04E8:6600 / 685D (Odin-style protocol),1,"[""a_only"", ""adb"", ""battery_calibration"", ""battery_health_read"", ""display_pwm_test"", ""dynamic_partitions"", ""evidence_capture"", ""fastboot"", ""fastbootd"", ""frp_owner_assisted"", ""network_reset"", ""odin_download"", ""official_rom_flash"", ""ota"", ""recovery"", ""sim_reset"", ""storage_health_read"", ""thermal_read"", ""touch_grid_test"", ""verified_boot""]","[""odin_requires_signed_secure_package"", ""pre_install_required:needs_specific_android_fw"", ""samsung_knox_eFuse_risk_on_unlock""]","[""lineageos"", ""seed"", ""ift""]",desconocido,,,Samsung
f62,2,samsung,Galaxy M62,Samsung Exynos 9825,exynos,exynos9820,"[""SM-M625F"", ""SM-M625F/DS""]",7000,6.7,2400x1080,22,,1,avb,recovery,samloader_rs,Samsung Download mode 04E8:6600 / 685D (Odin-style protocol),1,"[""a_only"", ""adb"", ""battery_calibration"", ""battery_health_read"", ""display_pwm_test"", ""dynamic_partitions"", ""evidence_capture"", ""fastboot"", ""fastbootd"", ""frp_owner_assisted"", ""network_reset"", ""odin_download"", ""official_rom_flash"", ""ota"", ""recovery"", ""sim_reset"", ""storage_health_read"", ""thermal_read"", ""touch_grid_test"", ""verified_boot""]","[""odin_requires_signed_secure_package"", ""pre_install_required:needs_specific_android_fw"", ""samsung_knox_eFuse_risk_on_unlock""]","[""lineageos"", ""seed"", ""play"", ""ift""]",desconocido,,,Samsung
g0s,,samsung,Galaxy S22+,Samsung Exynos 2200,exynos,s5,"[""SM-S906B"", ""SM-S906B/DS""]",4500,6.6,2340x1080,22,,1,avb,recovery,samloader_rs,Samsung Download mode 04E8:6600 / 685D (Odin-style protocol),1,"[""a_only"", ""adb"", ""battery_calibration"", ""battery_health_read"", ""display_pwm_test"", ""dynamic_partitions"", ""evidence_capture"", ""fastboot"", ""fastbootd"", ""frp_owner_assisted"", ""network_reset"", ""odin_download"", ""official_rom_flash"", ""ota"", ""recovery"", ""sim_reset"", ""storage_health_read"", ""thermal_read"", ""touch_grid_test"", ""verified_boot""]","[""odin_requires_signed_secure_package"", ""pre_install_required:needs_specific_android_fw"", ""samsung_knox_eFuse_risk_on_unlock""]","[""lineageos"", ""seed"", ""play"", ""ift""]",desconocido,,,Samsung
gta4l,,samsung,Galaxy Tab A7 10.4 2020 (LTE),Qualcomm SM6115 Snapdragon 662,qualcomm,sm6115,"[""SM-T505"", ""SM-T505C"", ""SM-T505N"", ""SM-T507""]",7040,10.4,2000x1200,22,,1,avb,recovery,samloader_rs,EDL 900E / 9008 (Sahara + Firehose XML),1,"[""a_only"", ""adb"", ""battery_calibration"", ""battery_health_read"", ""display_pwm_test"", ""dynamic_partitions"", ""edl"", ""evidence_capture"", ""fastboot"", ""fastbootd"", ""frp_owner_assisted"", ""network_reset"", ""official_rom_flash"", ""ota"", ""recovery"", ""sim_reset"", ""storage_health_read"", ""thermal_read"", ""touch_grid_test"", ""verified_boot""]","[""edl_requires_signed_programmer"", ""pre_install_required:needs_specific_android_fw"", ""samsung_knox_eFuse_risk_on_unlock""]","[""lineageos"", ""seed"", ""play"", ""ift""]",desconocido,,,Samsung
gta4lwifi,,samsung,Galaxy Tab A7 10.4 2020 (Wi-Fi),Qualcomm SM6115 Snapdragon 662,qualcomm,sm6115,"[""SM-T500""]",7040,10.4,2000x1200,22,,1,avb,recovery,samloader_rs,EDL 900E / 9008 (Sahara + Firehose XML),1,"[""a_only"", ""adb"", ""battery_calibration"", ""battery_health_read"", ""display_pwm_test"", ""dynamic_partitions"", ""edl"", ""evidence_capture"", ""fastboot"", ""fastbootd"", ""frp_owner_assisted"", ""network_reset"", ""official_rom_flash"", ""ota"", ""recovery"", ""sim_reset"", ""storage_health_read"", ""thermal_read"", ""touch_grid_test"", ""verified_boot""]","[""edl_requires_signed_programmer"", ""pre_install_required:needs_specific_android_fw"", ""samsung_knox_eFuse_risk_on_unlock""]","[""lineageos"", ""seed"", ""play"", ""ift""]",desconocido,,,Samsung
gta4xl,,samsung,Galaxy Tab S6 Lite (LTE),Samsung Exynos 9611,exynos,gta4,"[""SM-P615""]",7040,10.4,1200x2000,22,,1,avb,recovery,samloader_rs,Samsung Download mode 04E8:6600 / 685D (Odin-style protocol),1,"[""a_only"", ""adb"", ""battery_calibration"", ""battery_health_read"", ""display_pwm_test"", ""dynamic_partitions"", ""evidence_capture"", ""fastboot"", ""fastbootd"", ""frp_owner_assisted"", ""network_reset"", ""odin_download"", ""official_rom_flash"", ""ota"", ""recovery"", ""sim_reset"", ""storage_health_read"", ""thermal_read"", ""touch_grid_test"", ""verified_boot""]","[""odin_requires_signed_secure_package"", ""pre_install_required:needs_specific_android_fw"", ""samsung_knox_eFuse_risk_on_unlock""]","[""lineageos"", ""seed"", ""play"", ""ift""]",desconocido,,,Samsung
gta4xlswifi,,samsung,Galaxy Tab S6 Lite 2024 (Wi-Fi),Samsung Exynos 1280,exynos,gta4,"[""SM-P620""]",7040,10.4,1200x2000,22,,1,avb,recovery,samloader_rs,Samsung Download mode 04E8:6600 / 685D (Odin-style protocol),1,"[""a_only"", ""adb"", ""battery_calibration"", ""battery_health_read"", ""display_pwm_test"", ""dynamic_partitions"", ""evidence_capture"", ""fastboot"", ""fastbootd"", ""frp_owner_assisted"", ""network_reset"", ""odin_download"", ""official_rom_flash"", ""ota"", ""recovery"", ""sim_reset"", ""storage_health_read"", ""thermal_read"", ""touch_grid_test"", ""verified_boot""]","[""odin_requires_signed_secure_package"", ""samsung_knox_eFuse_risk_on_unlock""]","[""lineageos"", ""seed"", ""play"", ""ift""]",desconocido,,,Samsung
gta4xlwifi,,samsung,Galaxy Tab S6 Lite (Wi-Fi),Samsung Exynos 9611,exynos,gta4,"[""SM-P610""]",7040,10.4,1200x2000,22,,1,avb,recovery,samloader_rs,Samsung Download mode 04E8:6600 / 685D (Odin-style protocol),1,"[""a_only"", ""adb"", ""battery_calibration"", ""battery_health_read"", ""display_pwm_test"", ""dynamic_partitions"", ""evidence_capture"", ""fastboot"", ""fastbootd"", ""frp_owner_assisted"", ""network_reset"", ""odin_download"", ""official_rom_flash"", ""ota"", ""recovery"", ""sim_reset"", ""storage_health_read"", ""thermal_read"", ""touch_grid_test"", ""verified_boot""]","[""odin_requires_signed_secure_package"", ""pre_install_required:needs_specific_android_fw"", ""samsung_knox_eFuse_risk_on_unlock""]","[""lineageos"", ""seed"", ""play"", ""ift""]",desconocido,,,Samsung
gtelwifiue,,samsung,Galaxy Tab E 9.6 (WiFi),Qualcomm MSM8916 Snapdragon 410,qualcomm,msm8916,"[""SM-T560NU""]",7300,9.6,800x1280,,,,,recovery,samloader_rs,EDL 900E / 9008 (Sahara + Firehose XML),1,"[""a_only"", ""adb"", ""battery_calibration"", ""battery_health_read"", ""display_pwm_test"", ""edl"", ""evidence_capture"", ""fastboot"", ""frp_owner_assisted"", ""network_reset"", ""official_rom_flash"", ""ota"", ""recovery"", ""sim_reset"", ""storage_health_read"", ""thermal_read"", ""touch_grid_test""]","[""edl_requires_signed_programmer"", ""samsung_knox_eFuse_risk_on_unlock""]","[""lineageos"", ""seed"", ""play"", ""ift""]",desconocido,,,Samsung
gtesqltespr,,samsung,Galaxy Tab E 8.0 LTE (Sprint),Qualcomm MSM8916 Snapdragon 410,qualcomm,msm8916,"[""SM-T377P""]",5000,8,800x1280,,,,,recovery,samloader_rs,EDL 900E / 9008 (Sahara + Firehose XML),1,"[""a_only"", ""adb"", ""battery_calibration"", ""battery_health_read"", ""display_pwm_test"", ""edl"", ""evidence_capture"", ""fastboot"", ""frp_owner_assisted"", ""network_reset"", ""official_rom_flash"", ""ota"", ""recovery"", ""sim_reset"", ""storage_health_read"", ""thermal_read"", ""touch_grid_test""]","[""edl_requires_signed_programmer"", ""samsung_knox_eFuse_risk_on_unlock""]","[""lineageos"", ""seed"", ""play"", ""ift""]",desconocido,,,Samsung
gtowifi,,samsung,Galaxy Tab A 8.0 (2019),Qualcomm SDM429 Snapdragon 429,qualcomm,sdm429,"[""SM-T290""]",5100,8,800x1280,21,,1,avb,recovery,samloader_rs,EDL 900E / 9008 (Sahara + Firehose XML),1,"[""a_only"", ""adb"", ""battery_calibration"", ""battery_health_read"", ""display_pwm_test"", ""dynamic_partitions"", ""edl"", ""evidence_capture"", ""fastboot"", ""fastbootd"", ""frp_owner_assisted"", ""network_reset"", ""official_rom_flash"", ""ota"", ""recovery"", ""sim_reset"", ""storage_health_read"", ""thermal_read"", ""touch_grid_test"", ""verified_boot""]","[""edl_requires_signed_programmer"", ""pre_install_required:needs_specific_android_fw"", ""samsung_knox_eFuse_risk_on_unlock""]","[""lineageos"", ""seed"", ""play"", ""ift""]",desconocido,,,Samsung
gts210ltexx,,samsung,Galaxy Tab S2 9.7 (LTE),Samsung Exynos 5433,exynos,gts2,"[""SM-T815""]",5870,9.7,1536x2048,,,,,recovery,samloader_rs,Samsung Download mode 04E8:6600 / 685D (Odin-style protocol),1,"[""a_only"", ""adb"", ""battery_calibration"", ""battery_health_read"", ""display_pwm_test"", ""evidence_capture"", ""fastboot"", ""frp_owner_assisted"", ""network_reset"", ""odin_download"", ""official_rom_flash"", ""ota"", ""recovery"", ""sim_reset"", ""storage_health_read"", ""thermal_read"", ""touch_grid_test""]","[""odin_requires_signed_secure_package"", ""samsung_knox_eFuse_risk_on_unlock""]","[""lineageos"", ""seed"", ""play"", ""ift""]",desconocido,,,Samsung
gts210vewifi,,samsung,Galaxy Tab S2 9.7 Wi-Fi (2016),Qualcomm MSM8976 Snapdragon 652,qualcomm,msm8976,"[""SM-T813""]",5870,9.7,1536x2048,,,,,recovery,samloader_rs,EDL 900E / 9008 (Sahara + Firehose XML),1,"[""a_only"", ""adb"", ""battery_calibration"", ""battery_health_read"", ""display_pwm_test"", ""edl"", ""evidence_capture"", ""fastboot"", ""frp_owner_assisted"", ""network_reset"", ""official_rom_flash"", ""ota"", ""recovery"", ""sim_reset"", ""storage_health_read"", ""thermal_read"", ""touch_grid_test""]","[""edl_requires_signed_programmer"", ""samsung_knox_eFuse_risk_on_unlock""]","[""lineageos"", ""seed"", ""play"", ""ift""]",desconocido,,,Samsung
gts210wifi,,samsung,Galaxy Tab S2 9.7 (Wi-Fi),Samsung Exynos 5433,exynos,gts2,"[""SM-T810""]",5870,9.7,1536x2048,,,,,recovery,samloader_rs,Samsung Download mode 04E8:6600 / 685D (Odin-style protocol),1,"[""a_only"", ""adb"", ""battery_calibration"", ""battery_health_read"", ""display_pwm_test"", ""evidence_capture"", ""fastboot"", ""frp_owner_assisted"", ""network_reset"", ""odin_download"", ""official_rom_flash"", ""ota"", ""recovery"", ""sim_reset"", ""storage_health_read"", ""thermal_read"", ""touch_grid_test""]","[""odin_requires_signed_secure_package"", ""samsung_knox_eFuse_risk_on_unlock""]","[""lineageos"", ""seed"", ""play"", ""ift""]",desconocido,,,Samsung
gts28vewifi,,samsung,Galaxy Tab S2 8.0 Wi-Fi (2016),Qualcomm MSM8976 Snapdragon 652,qualcomm,msm8976,"[""SM-T713""]",4000,8,1536x2048,,,,,recovery,samloader_rs,EDL 900E / 9008 (Sahara + Firehose XML),1,"[""a_only"", ""adb"", ""battery_calibration"", ""battery_health_read"", ""display_pwm_test"", ""edl"", ""evidence_capture"", ""fastboot"", ""frp_owner_assisted"", ""network_reset"", ""official_rom_flash"", ""ota"", ""recovery"", ""sim_reset"", ""storage_health_read"", ""thermal_read"", ""touch_grid_test""]","[""edl_requires_signed_programmer"", ""samsung_knox_eFuse_risk_on_unlock""]","[""lineageos"", ""seed"", ""play"", ""ift""]",desconocido,,,Samsung
gts4lv,,samsung,Galaxy Tab S5e (LTE),Qualcomm SDM670 Snapdragon 670,qualcomm,sdm670,"[""SM-T725"", ""SM-T725C"", ""SM-T725N"", ""SM-T727""]",7040,10.5,1600x2560,21,,1,avb,recovery,samloader_rs,EDL 900E / 9008 (Sahara + Firehose XML),1,"[""a_only"", ""adb"", ""battery_calibration"", ""battery_health_read"", ""display_pwm_test"", ""dynamic_partitions"", ""edl"", ""evidence_capture"", ""fastboot"", ""fastbootd"", ""frp_owner_assisted"", ""network_reset"", ""official_rom_flash"", ""ota"", ""recovery"", ""sim_reset"", ""storage_health_read"", ""thermal_read"", ""touch_grid_test"", ""verified_boot""]","[""edl_requires_signed_programmer"", ""pre_install_required:needs_specific_android_fw"", ""samsung_knox_eFuse_risk_on_unlock""]","[""lineageos"", ""seed"", ""play"", ""ift""]",desconocido,,,Samsung
gts4lvwifi,,samsung,Galaxy Tab S5e (Wi-Fi),Qualcomm SDM670 Snapdragon 670,qualcomm,sdm670,"[""SM-T720"", ""SM-T720N""]",7040,10.5,1600x2560,21,,1,avb,recovery,samloader_rs,EDL 900E / 9008 (Sahara + Firehose XML),1,"[""a_only"", ""adb"", ""battery_calibration"", ""battery_health_read"", ""display_pwm_test"", ""dynamic_partitions"", ""edl"", ""evidence_capture"", ""fastboot"", ""fastbootd"", ""frp_owner_assisted"", ""network_reset"", ""official_rom_flash"", ""ota"", ""recovery"", ""sim_reset"", ""storage_health_read"", ""thermal_read"", ""touch_grid_test"", ""verified_boot""]","[""edl_requires_signed_programmer"", ""pre_install_required:needs_specific_android_fw"", ""samsung_knox_eFuse_risk_on_unlock""]","[""lineageos"", ""seed"", ""play"", ""ift""]",desconocido,,,Samsung
gts7l,,samsung,Galaxy Tab S7 (LTE),Qualcomm SM8250-AB Snapdragon 865+,qualcomm,sm8250,"[""SM-T875""]",8000,11,1600x2560,22,,1,avb,recovery,samloader_rs,EDL 900E / 9008 (Sahara + Firehose XML),1,"[""a_only"", ""adb"", ""battery_calibration"", ""battery_health_read"", ""display_pwm_test"", ""dynamic_partitions"", ""edl"", ""evidence_capture"", ""fastboot"", ""fastbootd"", ""frp_owner_assisted"", ""network_reset"", ""official_rom_flash"", ""ota"", ""recovery"", ""sim_reset"", ""storage_health_read"", ""thermal_read"", ""touch_grid_test"", ""verified_boot""]","[""edl_requires_signed_programmer"", ""pre_install_required:needs_specific_android_fw"", ""samsung_knox_eFuse_risk_on_unlock""]","[""lineageos"", ""seed"", ""play"", ""ift""]",desconocido,,,Samsung
gts7lwifi,,samsung,Galaxy Tab S7 (Wi-Fi),Qualcomm SM8250-AB Snapdragon 865+,qualcomm,sm8250,"[""SM-T870""]",8000,11,1600x2560,22,,1,avb,recovery,samloader_rs,EDL 900E / 9008 (Sahara + Firehose XML),1,"[""a_only"", ""adb"", ""battery_calibration"", ""battery_health_read"", ""display_pwm_test"", ""dynamic_partitions"", ""edl"", ""evidence_capture"", ""fastboot"", ""fastbootd"", ""frp_owner_assisted"", ""network_reset"", ""official_rom_flash"", ""ota"", ""recovery"", ""sim_reset"", ""storage_health_read"", ""thermal_read"", ""touch_grid_test"", ""verified_boot""]","[""edl_requires_signed_programmer"", ""pre_install_required:needs_specific_android_fw"", ""samsung_knox_eFuse_risk_on_unlock""]","[""lineageos"", ""seed"", ""play"", ""ift""]",desconocido,,,Samsung
ha3g,,samsung,Galaxy Note 3 (International 3G),Samsung Exynos 5420,exynos,exynos5420,"[""SM-N9000""]",3200,5.7,1080x1920,,,,,recovery,samloader_rs,Samsung Download mode 04E8:6600 / 685D (Odin-style protocol),1,"[""a_only"", ""adb"", ""battery_calibration"", ""battery_health_read"", ""display_pwm_test"", ""evidence_capture"", ""fastboot"", ""frp_owner_assisted"", ""network_reset"", ""odin_download"", ""official_rom_flash"", ""ota"", ""recovery"", ""sim_reset"", ""storage_health_read"", ""thermal_read"", ""touch_grid_test""]","[""odin_requires_signed_secure_package"", ""samsung_knox_eFuse_risk_on_unlock""]","[""lineageos"", ""seed"", ""play"", ""ift""]",desconocido,,,Samsung
hero2lte,,samsung,Galaxy S7 Edge,Samsung Exynos 8890,exynos,universal8890,"[""SM-G935F"", ""SM-G935FD"", ""SM-G935S"", ""SM-G935K"", ""SM-G935L"", ""SM-G935W8""]",3600,5.5,2560x1440,,,,,recovery,samloader_rs,Samsung Download mode 04E8:6600 / 685D (Odin-style protocol),1,"[""a_only"", ""adb"", ""battery_calibration"", ""battery_health_read"", ""display_pwm_test"", ""evidence_capture"", ""fastboot"", ""frp_owner_assisted"", ""network_reset"", ""odin_download"", ""official_rom_flash"", ""ota"", ""recovery"", ""sim_reset"", ""storage_health_read"", ""thermal_read"", ""touch_grid_test""]","[""odin_requires_signed_secure_package"", ""samsung_knox_eFuse_risk_on_unlock""]","[""lineageos"", ""seed"", ""play"", ""ift""]",desconocido,,,Samsung
herolte,,samsung,Galaxy S7,Samsung Exynos 8890,exynos,universal8890,"[""SM-G930F"", ""SM-G930FD"", ""SM-G930S"", ""SM-G930K"", ""SM-G930L"", ""SM-G930W8""]",3000,5.1,2560x1440,,,,,recovery,samloader_rs,Samsung Download mode 04E8:6600 / 685D (Odin-style protocol),1,"[""a_only"", ""adb"", ""battery_calibration"", ""battery_health_read"", ""display_pwm_test"", ""evidence_capture"", ""fastboot"", ""frp_owner_assisted"", ""network_reset"", ""odin_download"", ""official_rom_flash"", ""ota"", ""recovery"", ""sim_reset"", ""storage_health_read"", ""thermal_read"", ""touch_grid_test""]","[""odin_requires_signed_secure_package"", ""samsung_knox_eFuse_risk_on_unlock""]","[""lineageos"", ""seed"", ""play"", ""ift""]",desconocido,,,Samsung
hlte,,samsung,Galaxy Note 3 LTE (N9005/P),Qualcomm MSM8974 Snapdragon 800,qualcomm,msm8974,"[""SM-N9005"", ""SM-N900P""]",3200,5.7,1080x1920,17,,1,avb,recovery,samloader_rs,EDL 900E / 9008 (Sahara + Firehose XML),1,"[""a_only"", ""adb"", ""battery_calibration"", ""battery_health_read"", ""display_pwm_test"", ""dynamic_partitions"", ""edl"", ""evidence_capture"", ""fastboot"", ""fastbootd"", ""frp_owner_assisted"", ""network_reset"", ""official_rom_flash"", ""ota"", ""recovery"", ""sim_reset"", ""storage_health_read"", ""thermal_read"", ""touch_grid_test"", ""verified_boot""]","[""edl_requires_signed_programmer"", ""samsung_knox_eFuse_risk_on_unlock""]","[""lineageos"", ""seed"", ""play"", ""ift""]",desconocido,,,Samsung
hltechn,,samsung,Galaxy Note 3 LTE (N9008V),Qualcomm MSM8974 Snapdragon 800,qualcomm,msm8974,"[""SM-N9008V""]",3200,5.7,1080x1920,17,,1,avb,recovery,samloader_rs,EDL 900E / 9008 (Sahara + Firehose XML),1,"[""a_only"", ""adb"", ""battery_calibration"", ""battery_health_read"", ""display_pwm_test"", ""dynamic_partitions"", ""edl"", ""evidence_capture"", ""fastboot"", ""fastbootd"", ""frp_owner_assisted"", ""network_reset"", ""official_rom_flash"", ""ota"", ""recovery"", ""sim_reset"", ""storage_health_read"", ""thermal_read"", ""touch_grid_test"", ""verified_boot""]","[""edl_requires_signed_programmer"", ""samsung_knox_eFuse_risk_on_unlock""]","[""lineageos"", ""seed"", ""ift""]",desconocido,,,Samsung
hltekor,,samsung,Galaxy Note 3 LTE (N900K/L/S),Qualcomm MSM8974 Snapdragon 800,qualcomm,msm8974,"[""SM-N900K"", ""SM-N900L"", ""SM-N900S""]",3200,5.7,1080x1920,17,,1,avb,recovery,samloader_rs,EDL 900E / 9008 (Sahara + Firehose XML),1,"[""a_only"", ""adb"", ""battery_calibration"", ""battery_health_read"", ""display_pwm_test"", ""dynamic_partitions"", ""edl"", ""evidence_capture"", ""fastboot"", ""fastbootd"", ""frp_owner_assisted"", ""network_reset"", ""official_rom_flash"", ""ota"", ""recovery"", ""sim_reset"", ""storage_health_read"", ""thermal_read"", ""touch_grid_test"", ""verified_boot""]","[""edl_requires_signed_programmer"", ""samsung_knox_eFuse_risk_on_unlock""]","[""lineageos"", ""seed"", ""play"", ""ift""]",desconocido,,,Samsung
hltetmo,,samsung,Galaxy Note 3 LTE (N900T/V/W8),Qualcomm MSM8974 Snapdragon 800,qualcomm,msm8974,"[""SM-N900T"", ""SM-N900V"", ""SM-N900W8""]",3200,5.7,1080x1920,17,,1,avb,recovery,samloader_rs,EDL 900E / 9008 (Sahara + Firehose XML),1,"[""a_only"", ""adb"", ""battery_calibration"", ""battery_health_read"", ""display_pwm_test"", ""dynamic_partitions"", ""edl"", ""evidence_capture"", ""fastboot"", ""fastbootd"", ""frp_owner_assisted"", ""network_reset"", ""official_rom_flash"", ""ota"", ""recovery"", ""sim_reset"", ""storage_health_read"", ""thermal_read"", ""touch_grid_test"", ""verified_boot""]","[""edl_requires_signed_programmer"", ""samsung_knox_eFuse_risk_on_unlock""]","[""lineageos"", ""seed"", ""play"", ""ift""]",desconocido,,,Samsung
i9100,,samsung,Galaxy S II,Samsung Exynos 4210,exynos,smdk4412,"[""GT-I9100"", ""GT-I9100T"", ""GT-I9100M"", ""GT-I9100P"", ""SC-02C""]",1650,4.3,800x480,,,,,recovery,samloader_rs,Samsung Download mode 04E8:6600 / 685D (Odin-style protocol),1,"[""a_only"", ""adb"", ""battery_calibration"", ""battery_health_read"", ""display_pwm_test"", ""evidence_capture"", ""fastboot"", ""frp_owner_assisted"", ""network_reset"", ""odin_download"", ""official_rom_flash"", ""ota"", ""recovery"", ""sim_reset"", ""storage_health_read"", ""thermal_read"", ""touch_grid_test""]","[""odin_requires_signed_secure_package"", ""samsung_knox_eFuse_risk_on_unlock""]","[""lineageos"", ""seed"", ""play"", ""ift""]",desconocido,,,Samsung
i9300,,samsung,Galaxy S III (International),Samsung Exynos 4412,exynos,smdk4412,"[""GT-I9300"", ""GT-I9300T""]",2100,4.8,1280x720,,,,,recovery,samloader_rs,Samsung Download mode 04E8:6600 / 685D (Odin-style protocol),1,"[""a_only"", ""adb"", ""battery_calibration"", ""battery_health_read"", ""display_pwm_test"", ""evidence_capture"", ""fastboot"", ""frp_owner_assisted"", ""network_reset"", ""odin_download"", ""official_rom_flash"", ""ota"", ""recovery"", ""sim_reset"", ""storage_health_read"", ""thermal_read"", ""touch_grid_test""]","[""odin_requires_signed_secure_package"", ""samsung_knox_eFuse_risk_on_unlock""]","[""lineageos"", ""seed"", ""play"", ""ift""]",desconocido,,,Samsung
i9305,,samsung,Galaxy S III (LTE / International),Samsung Exynos 4412,exynos,smdk4412,"[""GT-I9305"", ""GT-I9305T"", ""GT-I9305N""]",2100,4.8,1280x720,,,,,recovery,samloader_rs,Samsung Download mode 04E8:6600 / 685D (Odin-style protocol),1,"[""a_only"", ""adb"", ""battery_calibration"", ""battery_health_read"", ""display_pwm_test"", ""evidence_capture"", ""fastboot"", ""frp_owner_assisted"", ""network_reset"", ""odin_download"", ""official_rom_flash"", ""ota"", ""recovery"", ""sim_reset"", ""storage_health_read"", ""thermal_read"", ""touch_grid_test""]","[""odin_requires_signed_secure_package"", ""samsung_knox_eFuse_risk_on_unlock""]","[""lineageos"", ""seed"", ""play"", ""ift""]",desconocido,,,Samsung
j7elte,,samsung,Galaxy J7 (2015),Samsung Exynos 7580,exynos,universal7580,"[""SM-J700F"", ""SM-J700F/DS"", ""SM-J700H"", ""SM-J700M""]",3000,5.5,1280x720,16,,1,avb,recovery,samloader_rs,Samsung Download mode 04E8:6600 / 685D (Odin-style protocol),1,"[""a_only"", ""adb"", ""battery_calibration"", ""battery_health_read"", ""display_pwm_test"", ""dynamic_partitions"", ""evidence_capture"", ""fastboot"", ""fastbootd"", ""frp_owner_assisted"", ""network_reset"", ""odin_download"", ""official_rom_flash"", ""ota"", ""recovery"", ""sim_reset"", ""storage_health_read"", ""thermal_read"", ""touch_grid_test"", ""verified_boot""]","[""odin_requires_signed_secure_package"", ""samsung_knox_eFuse_risk_on_unlock""]","[""lineageos"", ""seed"", ""play"", ""ift""]",desconocido,,,Samsung
jactivelte,,samsung,Galaxy S4 Active,Qualcomm APQ8064T Snapdragon 600,qualcomm,jf,"[""GT-I9295""]",2600,5,1920x1080,17,,1,avb,recovery,samloader_rs,EDL 900E / 9008 (Sahara + Firehose XML),1,"[""a_only"", ""adb"", ""battery_calibration"", ""battery_health_read"", ""display_pwm_test"", ""dynamic_partitions"", ""edl"", ""evidence_capture"", ""fastboot"", ""fastbootd"", ""frp_owner_assisted"", ""network_reset"", ""official_rom_flash"", ""ota"", ""recovery"", ""sim_reset"", ""storage_health_read"", ""thermal_read"", ""touch_grid_test"", ""verified_boot""]","[""edl_requires_signed_programmer"", ""samsung_knox_eFuse_risk_on_unlock""]","[""lineageos"", ""seed"", ""play"", ""ift""]",desconocido,,,Samsung
jflteatt,,samsung,Galaxy S4 (SGH-I337),Qualcomm APQ8064T Snapdragon 600,qualcomm,jf,"[""SGH-I337""]",2600,5,1920x1080,17,,1,avb,recovery,oor,EDL 900E / 9008 (Sahara + Firehose XML),1,"[""a_only"", ""adb"", ""battery_calibration"", ""battery_health_read"", ""display_pwm_test"", ""dynamic_partitions"", ""edl"", ""evidence_capture"", ""fastboot"", ""fastbootd"", ""frp_owner_assisted"", ""network_reset"", ""official_rom_flash"", ""ota"", ""recovery"", ""sim_reset"", ""storage_health_read"", ""thermal_read"", ""touch_grid_test"", ""verified_boot""]","[""edl_requires_signed_programmer""]","[""lineageos"", ""seed"", ""play"", ""ift""]",desconocido,,,Samsung
jfltespr,,samsung,"Galaxy S4 (SCH-R970, SPH-L720)",Qualcomm APQ8064T Snapdragon 600,qualcomm,jf,"[""SCH-R970/C/X"", ""SPH-L720""]",2600,5,1920x1080,17,,1,avb,recovery,samloader_rs,EDL 900E / 9008 (Sahara + Firehose XML),1,"[""a_only"", ""adb"", ""battery_calibration"", ""battery_health_read"", ""display_pwm_test"", ""dynamic_partitions"", ""edl"", ""evidence_capture"", ""fastboot"", ""fastbootd"", ""frp_owner_assisted"", ""network_reset"", ""official_rom_flash"", ""ota"", ""recovery"", ""sim_reset"", ""storage_health_read"", ""thermal_read"", ""touch_grid_test"", ""verified_boot""]","[""edl_requires_signed_programmer""]","[""lineageos"", ""seed"", ""play"", ""ift""]",desconocido,,,Samsung
jfltevzw,,samsung,Galaxy S4 (SCH-I545),Qualcomm APQ8064T Snapdragon 600,qualcomm,jf,"[""SCH-I545""]",2600,5,1920x1080,17,,1,avb,recovery,oor,EDL 900E / 9008 (Sahara + Firehose XML),1,"[""a_only"", ""adb"", ""battery_calibration"", ""battery_health_read"", ""display_pwm_test"", ""dynamic_partitions"", ""edl"", ""evidence_capture"", ""fastboot"", ""fastbootd"", ""frp_owner_assisted"", ""network_reset"", ""official_rom_flash"", ""ota"", ""recovery"", ""sim_reset"", ""storage_health_read"", ""thermal_read"", ""touch_grid_test"", ""verified_boot""]","[""edl_requires_signed_programmer""]","[""lineageos"", ""seed"", ""play"", ""ift""]",desconocido,,,Samsung
jfltexx,,samsung,"Galaxy S4 (GT-I9505, SGH-I337M, SGH-M919/V)",Qualcomm APQ8064T Snapdragon 600,qualcomm,jf,"[""GT-I9505"", ""SGH-I337M"", ""SGH-M919"", ""SGH-M919V""]",2600,5,1920x1080,17,,1,avb,recovery,samloader_rs,EDL 900E / 9008 (Sahara + Firehose XML),1,"[""a_only"", ""adb"", ""battery_calibration"", ""battery_health_read"", ""display_pwm_test"", ""dynamic_partitions"", ""edl"", ""evidence_capture"", ""fastboot"", ""fastbootd"", ""frp_owner_assisted"", ""network_reset"", ""official_rom_flash"", ""ota"", ""recovery"", ""sim_reset"", ""storage_health_read"", ""thermal_read"", ""touch_grid_test"", ""verified_boot""]","[""edl_requires_signed_programmer"", ""samsung_knox_eFuse_risk_on_unlock""]","[""lineageos"", ""seed"", ""play"", ""ift""]",desconocido,,,Samsung
jfvelte,,samsung,Galaxy S4 Value Edition (GT-I9515/L),Qualcomm APQ8064T Snapdragon 600,qualcomm,jf,"[""GT-I9515"", ""GT-I9515L""]",2600,5,1920x1080,17,,1,avb,recovery,samloader_rs,EDL 900E / 9008 (Sahara + Firehose XML),1,"[""a_only"", ""adb"", ""battery_calibration"", ""battery_health_read"", ""display_pwm_test"", ""dynamic_partitions"", ""edl"", ""evidence_capture"", ""fastboot"", ""fastbootd"", ""frp_owner_assisted"", ""network_reset"", ""official_rom_flash"", ""ota"", ""recovery"", ""sim_reset"", ""storage_health_read"", ""thermal_read"", ""touch_grid_test"", ""verified_boot""]","[""edl_requires_signed_programmer"", ""samsung_knox_eFuse_risk_on_unlock""]","[""lineageos"", ""seed"", ""play"", ""ift""]",desconocido,,,Samsung
k3gxx,,samsung,Galaxy S5 (International 3G),Samsung Exynos 5422,exynos,k3,"[""SM-G900H""]",2800,5.1,1080x1920,,,,,recovery,samloader_rs,Samsung Download mode 04E8:6600 / 685D (Odin-style protocol),1,"[""a_only"", ""adb"", ""battery_calibration"", ""battery_health_read"", ""display_pwm_test"", ""evidence_capture"", ""fastboot"", ""frp_owner_assisted"", ""network_reset"", ""odin_download"", ""official_rom_flash"", ""ota"", ""recovery"", ""sim_reset"", ""storage_health_read"", ""thermal_read"", ""touch_grid_test""]","[""odin_requires_signed_secure_package"", ""samsung_knox_eFuse_risk_on_unlock""]","[""lineageos"", ""seed"", ""play"", ""ift""]",desconocido,,,Samsung
kccat6,,samsung,Galaxy S5 Plus,Qualcomm APQ8084 Snapdragon 805,qualcomm,apq8084,"[""SM-G901F""]",2800,5.1,1920x1080,,,,,recovery,samloader_rs,EDL 900E / 9008 (Sahara + Firehose XML),1,"[""a_only"", ""adb"", ""battery_calibration"", ""battery_health_read"", ""display_pwm_test"", ""edl"", ""evidence_capture"", ""fastboot"", ""frp_owner_assisted"", ""network_reset"", ""official_rom_flash"", ""ota"", ""recovery"", ""sim_reset"", ""storage_health_read"", ""thermal_read"", ""touch_grid_test""]","[""edl_requires_signed_programmer"", ""samsung_knox_eFuse_risk_on_unlock""]","[""lineageos"", ""seed"", ""play"", ""ift""]",desconocido,,,Samsung
klimtwifi,,samsung,Galaxy Tab S 8.4 Wi-Fi,Samsung Exynos 5420,exynos,exynos5420,"[""SM-T700""]",4900,8.4,1600x2560,,,,,recovery,samloader_rs,Samsung Download mode 04E8:6600 / 685D (Odin-style protocol),1,"[""a_only"", ""adb"", ""battery_calibration"", ""battery_health_read"", ""display_pwm_test"", ""evidence_capture"", ""fastboot"", ""frp_owner_assisted"", ""network_reset"", ""odin_download"", ""official_rom_flash"", ""ota"", ""recovery"", ""sim_reset"", ""storage_health_read"", ""thermal_read"", ""touch_grid_test""]","[""odin_requires_signed_secure_package"", ""samsung_knox_eFuse_risk_on_unlock""]","[""lineageos"", ""seed"", ""play"", ""ift""]",desconocido,,,Samsung
klte,,samsung,Galaxy S5 LTE (G900F/M/R4/R7/T/T3/V/W8),Qualcomm MSM8974AC Snapdragon 801,qualcomm,msm8974,"[""SM-G900F"", ""SM-G900M"", ""SM-G900R4"", ""SM-G900R7"", ""SM-G900T"", ""SM-G900T3"", ""SM-G900V"", ""SM-G900W8""]",2800,5.1,1920x1080,17,,1,avb,recovery,samloader_rs,EDL 900E / 9008 (Sahara + Firehose XML),1,"[""a_only"", ""adb"", ""battery_calibration"", ""battery_health_read"", ""display_pwm_test"", ""dynamic_partitions"", ""edl"", ""evidence_capture"", ""fastboot"", ""fastbootd"", ""frp_owner_assisted"", ""network_reset"", ""official_rom_flash"", ""ota"", ""recovery"", ""sim_reset"", ""storage_health_read"", ""thermal_read"", ""touch_grid_test"", ""verified_boot""]","[""edl_requires_signed_programmer"", ""pre_install_required:needs_specific_android_fw"", ""samsung_knox_eFuse_risk_on_unlock""]","[""lineageos"", ""seed"", ""play"", ""ift""]",desconocido,,,Samsung
klteactivexx,,samsung,Galaxy S5 Active (G870F),Qualcomm MSM8974PRO Snapdragon 801,qualcomm,msm8974,"[""SM-G870F""]",2800,5.1,1920x1080,17,,1,avb,recovery,samloader_rs,EDL 900E / 9008 (Sahara + Firehose XML),1,"[""a_only"", ""adb"", ""battery_calibration"", ""battery_health_read"", ""display_pwm_test"", ""dynamic_partitions"", ""edl"", ""evidence_capture"", ""fastboot"", ""fastbootd"", ""frp_owner_assisted"", ""network_reset"", ""official_rom_flash"", ""ota"", ""recovery"", ""sim_reset"", ""storage_health_read"", ""thermal_read"", ""touch_grid_test"", ""verified_boot""]","[""edl_requires_signed_programmer"", ""samsung_knox_eFuse_risk_on_unlock""]","[""lineageos"", ""seed"", ""play"", ""ift""]",desconocido,,,Samsung
klteaio,,samsung,Galaxy S5 LTE (G900AZ/S902L),Qualcomm MSM8974AC Snapdragon 801,qualcomm,msm8974,"[""SM-G900AZ"", ""SM-S902L""]",2800,5.1,1920x1080,17,,1,avb,recovery,samloader_rs,EDL 900E / 9008 (Sahara + Firehose XML),1,"[""a_only"", ""adb"", ""battery_calibration"", ""battery_health_read"", ""display_pwm_test"", ""dynamic_partitions"", ""edl"", ""evidence_capture"", ""fastboot"", ""fastbootd"", ""frp_owner_assisted"", ""network_reset"", ""official_rom_flash"", ""ota"", ""recovery"", ""sim_reset"", ""storage_health_read"", ""thermal_read"", ""touch_grid_test"", ""verified_boot""]","[""edl_requires_signed_programmer"", ""samsung_knox_eFuse_risk_on_unlock""]","[""lineageos"", ""seed"", ""play"", ""ift""]",desconocido,,,Samsung
kltechn,,samsung,Galaxy S5 LTE (G9006V/8V),Qualcomm MSM8974AC Snapdragon 801,qualcomm,msm8974,"[""SM-G9006V"", ""SM-G9008V""]",2800,5.1,1920x1080,17,,1,avb,recovery,samloader_rs,EDL 900E / 9008 (Sahara + Firehose XML),1,"[""a_only"", ""adb"", ""battery_calibration"", ""battery_health_read"", ""display_pwm_test"", ""dynamic_partitions"", ""edl"", ""evidence_capture"", ""fastboot"", ""fastbootd"", ""frp_owner_assisted"", ""network_reset"", ""official_rom_flash"", ""ota"", ""recovery"", ""sim_reset"", ""storage_health_read"", ""thermal_read"", ""touch_grid_test"", ""verified_boot""]","[""edl_requires_signed_programmer"", ""pre_install_required:needs_specific_android_fw"", ""samsung_knox_eFuse_risk_on_unlock""]","[""lineageos"", ""seed"", ""ift""]",desconocido,,,Samsung
kltechnduo,,samsung,Galaxy S5 LTE Duos (G9006W/8W),Qualcomm MSM8974AC Snapdragon 801,qualcomm,msm8974,"[""SM-G9006W"", ""SM-G9008W"", ""SM-G9009W""]",2800,5.1,1920x1080,17,,1,avb,recovery,samloader_rs,EDL 900E / 9008 (Sahara + Firehose XML),1,"[""a_only"", ""adb"", ""battery_calibration"", ""battery_health_read"", ""display_pwm_test"", ""dynamic_partitions"", ""edl"", ""evidence_capture"", ""fastboot"", ""fastbootd"", ""frp_owner_assisted"", ""network_reset"", ""official_rom_flash"", ""ota"", ""recovery"", ""sim_reset"", ""storage_health_read"", ""thermal_read"", ""touch_grid_test"", ""verified_boot""]","[""edl_requires_signed_programmer"", ""pre_install_required:needs_specific_android_fw"", ""samsung_knox_eFuse_risk_on_unlock""]","[""lineageos"", ""seed"", ""play"", ""ift""]",desconocido,,,Samsung
klteduos,,samsung,Galaxy S5 LTE Duos (G900FD/MD),Qualcomm MSM8974AC Snapdragon 801,qualcomm,msm8974,"[""SM-G900FD"", ""SM-G900MD""]",2800,5.1,1920x1080,17,,1,avb,recovery,samloader_rs,EDL 900E / 9008 (Sahara + Firehose XML),1,"[""a_only"", ""adb"", ""battery_calibration"", ""battery_health_read"", ""display_pwm_test"", ""dynamic_partitions"", ""edl"", ""evidence_capture"", ""fastboot"", ""fastbootd"", ""frp_owner_assisted"", ""network_reset"", ""official_rom_flash"", ""ota"", ""recovery"", ""sim_reset"", ""storage_health_read"", ""thermal_read"", ""touch_grid_test"", ""verified_boot""]","[""edl_requires_signed_programmer"", ""pre_install_required:needs_specific_android_fw"", ""samsung_knox_eFuse_risk_on_unlock""]","[""lineageos"", ""seed"", ""ift""]",desconocido,,,Samsung
kltedv,,samsung,Galaxy S5 LTE (G900I/P),Qualcomm MSM8974AC Snapdragon 801,qualcomm,msm8974,"[""SM-G900I"", ""SM-G900P""]",2800,5.1,1920x1080,17,,1,avb,recovery,samloader_rs,EDL 900E / 9008 (Sahara + Firehose XML),1,"[""a_only"", ""adb"", ""battery_calibration"", ""battery_health_read"", ""display_pwm_test"", ""dynamic_partitions"", ""edl"", ""evidence_capture"", ""fastboot"", ""fastbootd"", ""frp_owner_assisted"", ""network_reset"", ""official_rom_flash"", ""ota"", ""recovery"", ""sim_reset"", ""storage_health_read"", ""thermal_read"", ""touch_grid_test"", ""verified_boot""]","[""edl_requires_signed_programmer"", ""pre_install_required:needs_specific_android_fw"", ""samsung_knox_eFuse_risk_on_unlock""]","[""lineageos"", ""seed"", ""play"", ""ift""]",desconocido,,,Samsung
kltekdi,,samsung,Galaxy S5 LTE (SC-04F/SCL23),Qualcomm MSM8974AC Snapdragon 801,qualcomm,msm8974,"[""SC-04F"", ""SCL23""]",2800,5.1,1920x1080,17,,1,avb,recovery,samloader_rs,EDL 900E / 9008 (Sahara + Firehose XML),1,"[""a_only"", ""adb"", ""battery_calibration"", ""battery_health_read"", ""display_pwm_test"", ""dynamic_partitions"", ""edl"", ""evidence_capture"", ""fastboot"", ""fastbootd"", ""frp_owner_assisted"", ""network_reset"", ""official_rom_flash"", ""ota"", ""recovery"", ""sim_reset"", ""storage_health_read"", ""thermal_read"", ""touch_grid_test"", ""verified_boot""]","[""edl_requires_signed_programmer"", ""pre_install_required:needs_specific_android_fw""]","[""lineageos"", ""seed"", ""play"", ""ift""]",desconocido,,,Samsung
kltekor,,samsung,Galaxy S5 LTE (G900K/L/S),Qualcomm MSM8974AC Snapdragon 801,qualcomm,msm8974,"[""SM-G900K"", ""SM-G900L"", ""SM-G900S""]",2800,5.1,1920x1080,17,,1,avb,recovery,samloader_rs,EDL 900E / 9008 (Sahara + Firehose XML),1,"[""a_only"", ""adb"", ""battery_calibration"", ""battery_health_read"", ""display_pwm_test"", ""dynamic_partitions"", ""edl"", ""evidence_capture"", ""fastboot"", ""fastbootd"", ""frp_owner_assisted"", ""network_reset"", ""official_rom_flash"", ""ota"", ""recovery"", ""sim_reset"", ""storage_health_read"", ""thermal_read"", ""touch_grid_test"", ""verified_boot""]","[""edl_requires_signed_programmer"", ""pre_install_required:needs_specific_android_fw"", ""samsung_knox_eFuse_risk_on_unlock""]","[""lineageos"", ""seed"", ""play"", ""ift""]",desconocido,,,Samsung
kltesprsports,,samsung,Galaxy S5 Sport,Qualcomm MSM8974AC Snapdragon 801,qualcomm,msm8974,"[""SM-G860P""]",2800,5.1,1920x1080,,,,,recovery,samloader_rs,EDL 900E / 9008 (Sahara + Firehose XML),1,"[""a_only"", ""adb"", ""battery_calibration"", ""battery_health_read"", ""display_pwm_test"", ""edl"", ""evidence_capture"", ""fastboot"", ""frp_owner_assisted"", ""network_reset"", ""official_rom_flash"", ""ota"", ""recovery"", ""sim_reset"", ""storage_health_read"", ""thermal_read"", ""touch_grid_test""]","[""edl_requires_signed_programmer"", ""samsung_knox_eFuse_risk_on_unlock""]","[""lineageos"", ""seed"", ""play"", ""ift""]",desconocido,,,Samsung
ks01lte,,samsung,Galaxy S4 LTE-A (GT-I9506),Qualcomm MSM8974 Snapdragon 800,qualcomm,ks01,"[""GT-I9506""]",2600,5,1920x1080,,,,,recovery,samloader_rs,EDL 900E / 9008 (Sahara + Firehose XML),1,"[""a_only"", ""adb"", ""battery_calibration"", ""battery_health_read"", ""display_pwm_test"", ""edl"", ""evidence_capture"", ""fastboot"", ""frp_owner_assisted"", ""network_reset"", ""official_rom_flash"", ""ota"", ""recovery"", ""sim_reset"", ""storage_health_read"", ""thermal_read"", ""touch_grid_test""]","[""edl_requires_signed_programmer"", ""samsung_knox_eFuse_risk_on_unlock""]","[""lineageos"", ""seed"", ""play"", ""ift""]",desconocido,,,Samsung
lentislte,,samsung,Galaxy S5 LTE-A,Qualcomm APQ8084 Snapdragon 805,qualcomm,apq8084,"[""SM-G906S"", ""SM-G906K"", ""SM-G906L""]",2800,5.1,2560x1440,,,,,recovery,samloader_rs,EDL 900E / 9008 (Sahara + Firehose XML),1,"[""a_only"", ""adb"", ""battery_calibration"", ""battery_health_read"", ""display_pwm_test"", ""edl"", ""evidence_capture"", ""fastboot"", ""frp_owner_assisted"", ""network_reset"", ""official_rom_flash"", ""ota"", ""recovery"", ""sim_reset"", ""storage_health_read"", ""thermal_read"", ""touch_grid_test""]","[""edl_requires_signed_programmer"", ""samsung_knox_eFuse_risk_on_unlock""]","[""lineageos"", ""seed"", ""play"", ""ift""]",desconocido,,,Samsung
lt02ltespr,,samsung,Galaxy Tab 3 7.0 LTE,Qualcomm MSM8930AB Snapdragon 400,qualcomm,msm8930,"[""SM-T217S""]",4000,7,1024x600,,,,,recovery,samloader_rs,EDL 900E / 9008 (Sahara + Firehose XML),1,"[""a_only"", ""adb"", ""battery_calibration"", ""battery_health_read"", ""display_pwm_test"", ""edl"", ""evidence_capture"", ""fastboot"", ""frp_owner_assisted"", ""network_reset"", ""official_rom_flash"", ""ota"", ""recovery"", ""sim_reset"", ""storage_health_read"", ""thermal_read"", ""touch_grid_test""]","[""edl_requires_signed_programmer"", ""samsung_knox_eFuse_risk_on_unlock""]","[""lineageos"", ""seed"", ""play"", ""ift""]",desconocido,,,Samsung
lt03lte,,samsung,Galaxy Note 10.1 2014 (LTE),Qualcomm MSM8974 Snapdragon 800,qualcomm,lt03,[],8220,10.1,1600x2560,,,,,recovery,samloader_rs,EDL 900E / 9008 (Sahara + Firehose XML),1,"[""a_only"", ""adb"", ""battery_calibration"", ""battery_health_read"", ""display_pwm_test"", ""edl"", ""evidence_capture"", ""fastboot"", ""frp_owner_assisted"", ""network_reset"", ""official_rom_flash"", ""ota"", ""recovery"", ""sim_reset"", ""storage_health_read"", ""thermal_read"", ""touch_grid_test""]","[""edl_requires_signed_programmer""]","[""lineageos"", ""seed"", ""play"", ""ift""]",desconocido,,,Samsung
m20lte,,samsung,Galaxy M20,Samsung Exynos 7904,exynos,universal7904,"[""SM-M205F"", ""SM-M205FN"", ""SM-M205G"", ""SM-M205M"", ""SM-M205N""]",5000,6.3,2340x1080,17,,1,avb,recovery,samloader_rs,Samsung Download mode 04E8:6600 / 685D (Odin-style protocol),1,"[""a_only"", ""adb"", ""battery_calibration"", ""battery_health_read"", ""display_pwm_test"", ""dynamic_partitions"", ""evidence_capture"", ""fastboot"", ""fastbootd"", ""frp_owner_assisted"", ""network_reset"", ""odin_download"", ""official_rom_flash"", ""ota"", ""recovery"", ""sim_reset"", ""storage_health_read"", ""thermal_read"", ""touch_grid_test"", ""verified_boot""]","[""odin_requires_signed_secure_package"", ""pre_install_required:needs_specific_android_fw"", ""samsung_knox_eFuse_risk_on_unlock""]","[""lineageos"", ""seed"", ""play"", ""ift""]",desconocido,,,Samsung
m52xq,,samsung,Galaxy M52 5G,Qualcomm SM7325 Snapdragon 778G 5G,qualcomm,sm7325,"[""SM-M526B"", ""SM-M526BR"", ""SM-M526B/DS"", ""SM-M526BR/DS""]",5000,6.7,1080x2400,22,,1,avb,recovery,samloader_rs,EDL 900E / 9008 (Sahara + Firehose XML),1,"[""a_only"", ""adb"", ""battery_calibration"", ""battery_health_read"", ""display_pwm_test"", ""dynamic_partitions"", ""edl"", ""evidence_capture"", ""fastboot"", ""fastbootd"", ""frp_owner_assisted"", ""network_reset"", ""official_rom_flash"", ""ota"", ""recovery"", ""sim_reset"", ""storage_health_read"", ""thermal_read"", ""touch_grid_test"", ""verified_boot""]","[""edl_requires_signed_programmer"", ""pre_install_required:needs_specific_android_fw"", ""samsung_knox_eFuse_risk_on_unlock""]","[""lineageos"", ""seed"", ""play"", ""ift""]",desconocido,,,Samsung
mondrianwifi,,samsung,Galaxy Tab Pro 8.4,Qualcomm MSM8974 Snapdragon 800,qualcomm,mondrianwifi,[],8220,8.4,1600x2560,,,,,recovery,samloader_rs,EDL 900E / 9008 (Sahara + Firehose XML),1,"[""a_only"", ""adb"", ""battery_calibration"", ""battery_health_read"", ""display_pwm_test"", ""edl"", ""evidence_capture"", ""fastboot"", ""frp_owner_assisted"", ""network_reset"", ""official_rom_flash"", ""ota"", ""recovery"", ""sim_reset"", ""storage_health_read"", ""thermal_read"", ""touch_grid_test""]","[""edl_requires_signed_programmer""]","[""lineageos"", ""seed"", ""play"", ""ift""]",desconocido,,,Samsung
ms013g,,samsung,Galaxy Grand 2 Duos,Qualcomm MSM8226 Snapdragon 400,qualcomm,msm8226,"[""SM-G7102""]",2600,5.25,1280x720,,,,,recovery,samloader_rs,EDL 900E / 9008 (Sahara + Firehose XML),1,"[""a_only"", ""adb"", ""battery_calibration"", ""battery_health_read"", ""display_pwm_test"", ""edl"", ""evidence_capture"", ""fastboot"", ""frp_owner_assisted"", ""network_reset"", ""official_rom_flash"", ""ota"", ""recovery"", ""sim_reset"", ""storage_health_read"", ""thermal_read"", ""touch_grid_test""]","[""edl_requires_signed_programmer"", ""samsung_knox_eFuse_risk_on_unlock""]","[""lineageos"", ""seed"", ""play"", ""ift""]",desconocido,,,Samsung
n1awifi,,samsung,Galaxy Note 10.1 Wi-Fi (2014),Samsung Exynos 5420,exynos,exynos5420,"[""SM-P600""]",8220,10.1,2560x1600,,,,,recovery,samloader_rs,Samsung Download mode 04E8:6600 / 685D (Odin-style protocol),1,"[""a_only"", ""adb"", ""battery_calibration"", ""battery_health_read"", ""display_pwm_test"", ""evidence_capture"", ""fastboot"", ""frp_owner_assisted"", ""network_reset"", ""odin_download"", ""official_rom_flash"", ""ota"", ""recovery"", ""sim_reset"", ""storage_health_read"", ""thermal_read"", ""touch_grid_test""]","[""odin_requires_signed_secure_package"", ""samsung_knox_eFuse_risk_on_unlock""]","[""lineageos"", ""seed"", ""play"", ""ift""]",desconocido,,,Samsung
n2awifi,,samsung,Galaxy Tab PRO 10.1,Samsung Exynos 5420,exynos,exynos5420,"[""SM-T520""]",8220,10.1,2560x1600,,,,,recovery,samloader_rs,Samsung Download mode 04E8:6600 / 685D (Odin-style protocol),1,"[""a_only"", ""adb"", ""battery_calibration"", ""battery_health_read"", ""display_pwm_test"", ""evidence_capture"", ""fastboot"", ""frp_owner_assisted"", ""network_reset"", ""odin_download"", ""official_rom_flash"", ""ota"", ""recovery"", ""sim_reset"", ""storage_health_read"", ""thermal_read"", ""touch_grid_test""]","[""odin_requires_signed_secure_package"", ""samsung_knox_eFuse_risk_on_unlock""]","[""lineageos"", ""seed"", ""play"", ""ift""]",desconocido,,,Samsung
n5100,,samsung,Galaxy Note 8.0 (GSM),Samsung Exynos 4412,exynos,smdk4412,"[""GT-N5100""]",4600,8,1280x800,,,,,recovery,samloader_rs,Samsung Download mode 04E8:6600 / 685D (Odin-style protocol),1,"[""a_only"", ""adb"", ""battery_calibration"", ""battery_health_read"", ""display_pwm_test"", ""evidence_capture"", ""fastboot"", ""frp_owner_assisted"", ""network_reset"", ""odin_download"", ""official_rom_flash"", ""ota"", ""recovery"", ""sim_reset"", ""storage_health_read"", ""thermal_read"", ""touch_grid_test""]","[""odin_requires_signed_secure_package"", ""samsung_knox_eFuse_risk_on_unlock""]","[""lineageos"", ""seed"", ""play"", ""ift""]",desconocido,,,Samsung
n5110,,samsung,Galaxy Note 8.0 (Wi-Fi),Samsung Exynos 4412,exynos,smdk4412,[],4600,8,1280x800,,,,,recovery,samloader_rs,Samsung Download mode 04E8:6600 / 685D (Odin-style protocol),1,"[""a_only"", ""adb"", ""battery_calibration"", ""battery_health_read"", ""display_pwm_test"", ""evidence_capture"", ""fastboot"", ""frp_owner_assisted"", ""network_reset"", ""odin_download"", ""official_rom_flash"", ""ota"", ""recovery"", ""sim_reset"", ""storage_health_read"", ""thermal_read"", ""touch_grid_test""]","[""odin_requires_signed_secure_package""]","[""lineageos"", ""seed"", ""play"", ""ift""]",desconocido,,,Samsung
n5120,,samsung,Galaxy Note 8.0 (LTE),Samsung Exynos 4412,exynos,smdk4412,[],4600,8,1280x800,,,,,recovery,samloader_rs,Samsung Download mode 04E8:6600 / 685D (Odin-style protocol),1,"[""a_only"", ""adb"", ""battery_calibration"", ""battery_health_read"", ""display_pwm_test"", ""evidence_capture"", ""fastboot"", ""frp_owner_assisted"", ""network_reset"", ""odin_download"", ""official_rom_flash"", ""ota"", ""recovery"", ""sim_reset"", ""storage_health_read"", ""thermal_read"", ""touch_grid_test""]","[""odin_requires_signed_secure_package""]","[""lineageos"", ""seed"", ""ift""]",desconocido,,,Samsung
r0s,,samsung,Galaxy S22,Samsung Exynos 2200,exynos,s5,"[""SM-S901B"", ""SM-S901B/DS""]",3700,6.1,2340x1080,22,,1,avb,recovery,samloader_rs,Samsung Download mode 04E8:6600 / 685D (Odin-style protocol),1,"[""a_only"", ""adb"", ""battery_calibration"", ""battery_health_read"", ""display_pwm_test"", ""dynamic_partitions"", ""evidence_capture"", ""fastboot"", ""fastbootd"", ""frp_owner_assisted"", ""network_reset"", ""odin_download"", ""official_rom_flash"", ""ota"", ""recovery"", ""sim_reset"", ""storage_health_read"", ""thermal_read"", ""touch_grid_test"", ""verified_boot""]","[""odin_requires_signed_secure_package"", ""pre_install_required:needs_specific_android_fw"", ""samsung_knox_eFuse_risk_on_unlock""]","[""lineageos"", ""seed"", ""play"", ""ift""]",desconocido,,,Samsung
r8q,1,samsung,Galaxy S20 FE (Snapdragon),Qualcomm SM8250 Snapdragon 865,qualcomm,sm8250,"[""SM-G780G"", ""SM-G780G/DS""]",4500,6.5,2400x1080,22,,1,avb,recovery,samloader_rs,EDL 900E / 9008 (Sahara + Firehose XML),1,"[""a_only"", ""adb"", ""battery_calibration"", ""battery_health_read"", ""display_pwm_test"", ""dynamic_partitions"", ""edl"", ""evidence_capture"", ""fastboot"", ""fastbootd"", ""frp_owner_assisted"", ""network_reset"", ""official_rom_flash"", ""ota"", ""recovery"", ""sim_reset"", ""storage_health_read"", ""thermal_read"", ""touch_grid_test"", ""verified_boot""]","[""edl_requires_signed_programmer"", ""pre_install_required:needs_specific_android_fw"", ""samsung_knox_eFuse_risk_on_unlock""]","[""lineageos"", ""seed"", ""ift""]",desconocido,,,Samsung
r8q,2,samsung,Galaxy S20 FE 5G,Qualcomm SM8250 Snapdragon 865,qualcomm,sm8250,"[""SM-G781B"", ""SM-G781B/DS"", ""SM-G781N"", ""SM-G7810""]",4500,6.5,2400x1080,22,,1,avb,recovery,samloader_rs,EDL 900E / 9008 (Sahara + Firehose XML),1,"[""a_only"", ""adb"", ""battery_calibration"", ""battery_health_read"", ""display_pwm_test"", ""dynamic_partitions"", ""edl"", ""evidence_capture"", ""fastboot"", ""fastbootd"", ""frp_owner_assisted"", ""network_reset"", ""official_rom_flash"", ""ota"", ""recovery"", ""sim_reset"", ""storage_health_read"", ""thermal_read"", ""touch_grid_test"", ""verified_boot""]","[""edl_requires_signed_programmer"", ""pre_install_required:needs_specific_android_fw"", ""samsung_knox_eFuse_risk_on_unlock""]","[""lineageos"", ""seed"", ""play"", ""ift""]",desconocido,,,Samsung
r8s,,samsung,Galaxy S20 FE (Exynos),Samsung Exynos 990,exynos,universal9830,"[""SM-G780F"", ""SM-G780F/DS""]",4500,6.5,2400x1080,22,,1,avb,recovery,samloader_rs,Samsung Download mode 04E8:6600 / 685D (Odin-style protocol),1,"[""a_only"", ""adb"", ""battery_calibration"", ""battery_health_read"", ""display_pwm_test"", ""dynamic_partitions"", ""evidence_capture"", ""fastboot"", ""fastbootd"", ""frp_owner_assisted"", ""network_reset"", ""odin_download"", ""official_rom_flash"", ""ota"", ""recovery"", ""sim_reset"", ""storage_health_read"", ""thermal_read"", ""touch_grid_test"", ""verified_boot""]","[""odin_requires_signed_secure_package"", ""pre_install_required:needs_specific_android_fw"", ""samsung_knox_eFuse_risk_on_unlock""]","[""lineageos"", ""seed"", ""play"", ""ift""]",desconocido,,,Samsung
rq3a,,samsung,Galaxy A14,Samsung Exynos 850,exynos,,"[""SM-A145F"", ""SM-A145M"", ""SM-A145F/DS""]",,,,14,1,1,avb,recovery,,Samsung Download mode 04E8:6600 / 685D (Odin-style protocol),1,"[""a_b_slots"", ""adb"", ""battery_calibration"", ""battery_health_read"", ""display_pwm_test"", ""dynamic_partitions"", ""evidence_capture"", ""fastboot"", ""fastbootd"", ""frp_owner_assisted"", ""network_reset"", ""odin_download"", ""official_rom_flash"", ""ota"", ""recovery"", ""sim_reset"", ""storage_health_read"", ""thermal_read"", ""touch_grid_test"", ""verified_boot""]","[""odin_requires_signed_secure_package"", ""samsung_knox_eFuse_risk_on_unlock""]","[""manual"", ""seed"", ""ift""]",desconocido,,,Samsung
rq3q,,samsung,Galaxy A54 5G,Samsung Exynos 1380,exynos,,"[""SM-A546E"", ""SM-A546B"", ""SM-A546U"", ""SM-A546U1"", ""SM-A546X""]",,,,13,1,1,avb,recovery,,Samsung Download mode 04E8:6600 / 685D (Odin-style protocol),1,"[""a_b_slots"", ""adb"", ""battery_calibration"", ""battery_health_read"", ""display_pwm_test"", ""dynamic_partitions"", ""evidence_capture"", ""fastboot"", ""fastbootd"", ""frp_owner_assisted"", ""network_reset"", ""odin_download"", ""official_rom_flash"", ""ota"", ""recovery"", ""sim_reset"", ""storage_health_read"", ""thermal_read"", ""touch_grid_test"", ""verified_boot""]","[""odin_requires_signed_secure_package"", ""samsung_knox_eFuse_risk_on_unlock""]","[""manual"", ""seed"", ""ift""]",desconocido,,,Samsung
s3ve3gds,,samsung,Galaxy S III Neo (Dual SIM),Qualcomm MSM8226 Snapdragon 400,qualcomm,msm8226,"[""GT-I9300I""]",2100,4.8,1280x720,17,,1,avb,recovery,samloader_rs,EDL 900E / 9008 (Sahara + Firehose XML),1,"[""a_only"", ""adb"", ""battery_calibration"", ""battery_health_read"", ""display_pwm_test"", ""dynamic_partitions"", ""edl"", ""evidence_capture"", ""fastboot"", ""fastbootd"", ""frp_owner_assisted"", ""network_reset"", ""official_rom_flash"", ""ota"", ""recovery"", ""sim_reset"", ""storage_health_read"", ""thermal_read"", ""touch_grid_test"", ""verified_boot""]","[""edl_requires_signed_programmer"", ""samsung_knox_eFuse_risk_on_unlock""]","[""lineageos"", ""seed"", ""play"", ""ift""]",desconocido,,,Samsung
s3ve3gjv,,samsung,Galaxy S III Neo (Samsung Camera),Qualcomm MSM8226 Snapdragon 400,qualcomm,msm8226,"[""GT-I9301I"", ""GT-I9301Q""]",2100,4.8,1280x720,17,,1,avb,recovery,samloader_rs,EDL 900E / 9008 (Sahara + Firehose XML),1,"[""a_only"", ""adb"", ""battery_calibration"", ""battery_health_read"", ""display_pwm_test"", ""dynamic_partitions"", ""edl"", ""evidence_capture"", ""fastboot"", ""fastbootd"", ""frp_owner_assisted"", ""network_reset"", ""official_rom_flash"", ""ota"", ""recovery"", ""sim_reset"", ""storage_health_read"", ""thermal_read"", ""touch_grid_test"", ""verified_boot""]","[""edl_requires_signed_programmer"", ""pre_install_required:s3ve3g"", ""samsung_knox_eFuse_risk_on_unlock""]","[""lineageos"", ""seed"", ""play"", ""ift""]",desconocido,,,Samsung
s3ve3gxx,,samsung,Galaxy S III Neo (Sony Camera),Qualcomm MSM8226 Snapdragon 400,qualcomm,msm8226,"[""GT-I9301I"", ""GT-I9301Q""]",2100,4.8,1280x720,17,,1,avb,recovery,samloader_rs,EDL 900E / 9008 (Sahara + Firehose XML),1,"[""a_only"", ""adb"", ""battery_calibration"", ""battery_health_read"", ""display_pwm_test"", ""dynamic_partitions"", ""edl"", ""evidence_capture"", ""fastboot"", ""fastbootd"", ""frp_owner_assisted"", ""network_reset"", ""official_rom_flash"", ""ota"", ""recovery"", ""sim_reset"", ""storage_health_read"", ""thermal_read"", ""touch_grid_test"", ""verified_boot""]","[""edl_requires_signed_programmer"", ""pre_install_required:s3ve3g"", ""samsung_knox_eFuse_risk_on_unlock""]","[""lineageos"", ""seed"", ""ift""]",desconocido,,,Samsung
s5neolte,,samsung,Galaxy S5 Neo,Samsung Exynos 7580,exynos,universal7580,"[""SM-G903F"", ""SM-G903F/DS"", ""SM-G903M"", ""SM-G903W""]",2800,5.2,1920x1080,16,,1,avb,recovery,samloader_rs,Samsung Download mode 04E8:6600 / 685D (Odin-style protocol),1,"[""a_only"", ""adb"", ""battery_calibration"", ""battery_health_read"", ""display_pwm_test"", ""dynamic_partitions"", ""evidence_capture"", ""fastboot"", ""fastbootd"", ""frp_owner_assisted"", ""network_reset"", ""odin_download"", ""official_rom_flash"", ""ota"", ""recovery"", ""sim_reset"", ""storage_health_read"", ""thermal_read"", ""touch_grid_test"", ""verified_boot""]","[""odin_requires_signed_secure_package"", ""samsung_knox_eFuse_risk_on_unlock""]","[""lineageos"", ""seed"", ""play"", ""ift""]",desconocido,,,Samsung
serrano3gxx,,samsung,Galaxy S4 Mini (International 3G),Qualcomm MSM8930AB Snapdragon 400,qualcomm,msm8930,"[""GT-I9190""]",1900,4.3,540x960,,,,,recovery,samloader_rs,EDL 900E / 9008 (Sahara + Firehose XML),1,"[""a_only"", ""adb"", ""battery_calibration"", ""battery_health_read"", ""display_pwm_test"", ""edl"", ""evidence_capture"", ""fastboot"", ""frp_owner_assisted"", ""network_reset"", ""official_rom_flash"", ""ota"", ""recovery"", ""sim_reset"", ""storage_health_read"", ""thermal_read"", ""touch_grid_test""]","[""edl_requires_signed_programmer"", ""samsung_knox_eFuse_risk_on_unlock""]","[""lineageos"", ""seed"", ""play"", ""ift""]",desconocido,,,Samsung
serranodsdd,,samsung,Galaxy S4 Mini (International Dual SIM),Qualcomm MSM8930AB Snapdragon 400,qualcomm,msm8930,"[""GT-I9192""]",1900,4.3,540x960,,,,,recovery,samloader_rs,EDL 900E / 9008 (Sahara + Firehose XML),1,"[""a_only"", ""adb"", ""battery_calibration"", ""battery_health_read"", ""display_pwm_test"", ""edl"", ""evidence_capture"", ""fastboot"", ""frp_owner_assisted"", ""network_reset"", ""official_rom_flash"", ""ota"", ""recovery"", ""sim_reset"", ""storage_health_read"", ""thermal_read"", ""touch_grid_test""]","[""edl_requires_signed_programmer"", ""samsung_knox_eFuse_risk_on_unlock""]","[""lineageos"", ""seed"", ""play"", ""ift""]",desconocido,,,Samsung
serranoltexx,,samsung,Galaxy S4 Mini (International LTE),Qualcomm MSM8930AB Snapdragon 400,qualcomm,msm8930,"[""GT-I9195"", ""SGH-I257M"", ""SHV-E370K""]",1900,4.3,540x960,,,,,recovery,samloader_rs,EDL 900E / 9008 (Sahara + Firehose XML),1,"[""a_only"", ""adb"", ""battery_calibration"", ""battery_health_read"", ""display_pwm_test"", ""edl"", ""evidence_capture"", ""fastboot"", ""frp_owner_assisted"", ""network_reset"", ""official_rom_flash"", ""ota"", ""recovery"", ""sim_reset"", ""storage_health_read"", ""thermal_read"", ""touch_grid_test""]","[""edl_requires_signed_programmer"", ""samsung_knox_eFuse_risk_on_unlock""]","[""lineageos"", ""seed"", ""play"", ""ift""]",desconocido,,,Samsung
star2lte,,samsung,Galaxy S9+,Samsung Exynos 9810,exynos,exynos9810,"[""SM-G965F"", ""SM-G965F/DS"", ""SM-G965N""]",3600,6.2,2960x1440,19,,1,avb,recovery,samloader_rs,Samsung Download mode 04E8:6600 / 685D (Odin-style protocol),1,"[""a_only"", ""adb"", ""battery_calibration"", ""battery_health_read"", ""display_pwm_test"", ""dynamic_partitions"", ""evidence_capture"", ""fastboot"", ""fastbootd"", ""frp_owner_assisted"", ""network_reset"", ""odin_download"", ""official_rom_flash"", ""ota"", ""recovery"", ""sim_reset"", ""storage_health_read"", ""thermal_read"", ""touch_grid_test"", ""verified_boot""]","[""odin_requires_signed_secure_package"", ""pre_install_required:needs_specific_android_fw"", ""samsung_knox_eFuse_risk_on_unlock""]","[""lineageos"", ""seed"", ""play"", ""ift""]",desconocido,,,Samsung
starlte,,samsung,Galaxy S9,Samsung Exynos 9810,exynos,exynos9810,"[""SM-G960F"", ""SM-G960F/DS"", ""SM-G960N""]",3000,5.8,2960x1440,19,,1,avb,recovery,samloader_rs,Samsung Download mode 04E8:6600 / 685D (Odin-style protocol),1,"[""a_only"", ""adb"", ""battery_calibration"", ""battery_health_read"", ""display_pwm_test"", ""dynamic_partitions"", ""evidence_capture"", ""fastboot"", ""fastbootd"", ""frp_owner_assisted"", ""network_reset"", ""odin_download"", ""official_rom_flash"", ""ota"", ""recovery"", ""sim_reset"", ""storage_health_read"", ""thermal_read"", ""touch_grid_test"", ""verified_boot""]","[""odin_requires_signed_secure_package"", ""pre_install_required:needs_specific_android_fw"", ""samsung_knox_eFuse_risk_on_unlock""]","[""lineageos"", ""seed"", ""play"", ""ift""]",desconocido,,,Samsung
t0lte,,samsung,Galaxy Note 2 (LTE),Samsung Exynos 4412,exynos,smdk4412,"[""GT-N7105/N7105T"", ""SGH-I317/I317M"", ""SGH-T889/T889V"", ""SHV-E250S/E250K/E250L""]",3100,5.5,1280x720,,,,,recovery,samloader_rs,Samsung Download mode 04E8:6600 / 685D (Odin-style protocol),1,"[""a_only"", ""adb"", ""battery_calibration"", ""battery_health_read"", ""display_pwm_test"", ""evidence_capture"", ""fastboot"", ""frp_owner_assisted"", ""network_reset"", ""odin_download"", ""official_rom_flash"", ""ota"", ""recovery"", ""sim_reset"", ""storage_health_read"", ""thermal_read"", ""touch_grid_test""]","[""odin_requires_signed_secure_package"", ""samsung_knox_eFuse_risk_on_unlock""]","[""lineageos"", ""seed"", ""play"", ""ift""]",desconocido,,,Samsung
v1awifi,,samsung,Galaxy Note Pro 12.2 Wi-Fi,Samsung Exynos 5420,exynos,exynos5420,"[""SM-P900""]",9500,12.2,2560x1600,,,,,recovery,samloader_rs,Samsung Download mode 04E8:6600 / 685D (Odin-style protocol),1,"[""a_only"", ""adb"", ""battery_calibration"", ""battery_health_read"", ""display_pwm_test"", ""evidence_capture"", ""fastboot"", ""frp_owner_assisted"", ""network_reset"", ""odin_download"", ""official_rom_flash"", ""ota"", ""recovery"", ""sim_reset"", ""storage_health_read"", ""thermal_read"", ""touch_grid_test""]","[""odin_requires_signed_secure_package"", ""samsung_knox_eFuse_risk_on_unlock""]","[""lineageos"", ""seed"", ""play"", ""ift""]",desconocido,,,Samsung
x1s,,samsung,Galaxy S20 (4G/5G),Samsung Exynos 990,exynos,universal9830,"[""SM-G980F"", ""SM-G980F/DS"", ""SM-G981B"", ""SM-G981B/DS""]",4000,6.2,3200x1440,22,,1,avb,recovery,samloader_rs,Samsung Download mode 04E8:6600 / 685D (Odin-style protocol),1,"[""a_only"", ""adb"", ""battery_calibration"", ""battery_health_read"", ""display_pwm_test"", ""dynamic_partitions"", ""evidence_capture"", ""fastboot"", ""fastbootd"", ""frp_owner_assisted"", ""network_reset"", ""odin_download"", ""official_rom_flash"", ""ota"", ""recovery"", ""sim_reset"", ""storage_health_read"", ""thermal_read"", ""touch_grid_test"", ""verified_boot""]","[""odin_requires_signed_secure_package"", ""pre_install_required:needs_specific_android_fw"", ""samsung_knox_eFuse_risk_on_unlock""]","[""lineageos"", ""seed"", ""play"", ""ift""]",desconocido,,,Samsung
y2s,,samsung,Galaxy S20+ (4G/5G),Samsung Exynos 990,exynos,universal9830,"[""SM-G985F"", ""SM-G985F/DS"", ""SM-G986B"", ""SM-G986B/DS""]",4500,6.7,3200x1440,22,,1,avb,recovery,samloader_rs,Samsung Download mode 04E8:6600 / 685D (Odin-style protocol),1,"[""a_only"", ""adb"", ""battery_calibration"", ""battery_health_read"", ""display_pwm_test"", ""dynamic_partitions"", ""evidence_capture"", ""fastboot"", ""fastbootd"", ""frp_owner_assisted"", ""network_reset"", ""odin_download"", ""official_rom_flash"", ""ota"", ""recovery"", ""sim_reset"", ""storage_health_read"", ""thermal_read"", ""touch_grid_test"", ""verified_boot""]","[""odin_requires_signed_secure_package"", ""pre_install_required:needs_specific_android_fw"", ""samsung_knox_eFuse_risk_on_unlock""]","[""lineageos"", ""seed"", ""play"", ""ift""]",desconocido,,,Samsung
z3s,,samsung,Galaxy S20 Ultra (5G),Samsung Exynos 990,exynos,universal9830,"[""SM-G988B"", ""SM-G988B/DS""]",5000,6.9,3200x1440,22,,1,avb,recovery,samloader_rs,Samsung Download mode 04E8:6600 / 685D (Odin-style protocol),1,"[""a_only"", ""adb"", ""battery_calibration"", ""battery_health_read"", ""display_pwm_test"", ""dynamic_partitions"", ""evidence_capture"", ""fastboot"", ""fastbootd"", ""frp_owner_assisted"", ""network_reset"", ""odin_download"", ""official_rom_flash"", ""ota"", ""recovery"", ""sim_reset"", ""storage_health_read"", ""thermal_read"", ""touch_grid_test"", ""verified_boot""]","[""odin_requires_signed_secure_package"", ""pre_install_required:needs_specific_android_fw"", ""samsung_knox_eFuse_risk_on_unlock""]","[""lineageos"", ""seed"", ""play"", ""ift""]",desconocido,,,Samsung
zerofltexx,,samsung,Galaxy S6,Samsung Exynos 7420,exynos,exynos7420,"[""SM-G920F""]",2550,5.1,2560x1440,,,,,recovery,samloader_rs,Samsung Download mode 04E8:6600 / 685D (Odin-style protocol),1,"[""a_only"", ""adb"", ""battery_calibration"", ""battery_health_read"", ""display_pwm_test"", ""evidence_capture"", ""fastboot"", ""frp_owner_assisted"", ""network_reset"", ""odin_download"", ""official_rom_flash"", ""ota"", ""recovery"", ""sim_reset"", ""storage_health_read"", ""thermal_read"", ""touch_grid_test""]","[""odin_requires_signed_secure_package"", ""samsung_knox_eFuse_risk_on_unlock""]","[""lineageos"", ""seed"", ""play"", ""ift""]",desconocido,,,Samsung
zeroltexx,,samsung,Galaxy S6 Edge,Samsung Exynos 7420,exynos,exynos7420,"[""SM-G925F""]",2600,5.1,2560x1440,,,,,recovery,samloader_rs,Samsung Download mode 04E8:6600 / 685D (Odin-style protocol),1,"[""a_only"", ""adb"", ""battery_calibration"", ""battery_health_read"", ""display_pwm_test"", ""evidence_capture"", ""fastboot"", ""frp_owner_assisted"", ""network_reset"", ""odin_download"", ""official_rom_flash"", ""ota"", ""recovery"", ""sim_reset"", ""storage_health_read"", ""thermal_read"", ""touch_grid_test""]","[""odin_requires_signed_secure_package"", ""samsung_knox_eFuse_risk_on_unlock""]","[""lineageos"", ""seed"", ""play"", ""ift""]",desconocido,,,Samsung
axolotl,,shift,SHIFT6mq,Qualcomm SDM845 Snapdragon 845,qualcomm,sdm845,[],3850,6,1080x2160,21,1,1,avb,recovery,fastboot_nexus,EDL 900E / 9008 (Sahara + Firehose XML),1,"[""a_b_slots"", ""adb"", ""battery_calibration"", ""battery_health_read"", ""display_pwm_test"", ""dynamic_partitions"", ""edl"", ""evidence_capture"", ""fastboot"", ""fastbootd"", ""frp_owner_assisted"", ""network_reset"", ""official_rom_flash"", ""ota"", ""recovery"", ""sim_reset"", ""storage_health_read"", ""thermal_read"", ""touch_grid_test"", ""unlock_official"", ""verified_boot""]","[""edl_requires_signed_programmer""]","[""lineageos"", ""seed"", ""play"", ""ift""]",desconocido,,,SHIFT
otter,1,shift,SHIFTphone 8.0,Qualcomm Dragonwing™ QCM6490 (QCM6490),qualcomm,qcm6490,[],3820,6.67,1080x2400,22,1,1,avb,vendor_boot,fastboot_nexus,EDL 900E / 9008 (Sahara + Firehose XML),1,"[""a_b_slots"", ""adb"", ""battery_calibration"", ""battery_health_read"", ""display_pwm_test"", ""dynamic_partitions"", ""edl"", ""evidence_capture"", ""fastboot"", ""fastbootd"", ""frp_owner_assisted"", ""network_reset"", ""official_rom_flash"", ""ota"", ""recovery"", ""sim_reset"", ""storage_health_read"", ""thermal_read"", ""touch_grid_test"", ""unlock_official"", ""verified_boot""]","[""edl_requires_signed_programmer"", ""pre_install_required:needs_specific_android_fw"", ""recovery_flash_target_is:vendor_boot""]","[""lineageos"", ""seed"", ""ift""]",desconocido,,,SHIFT
otter,2,shift,SHIFTphone 8.1,Qualcomm Dragonwing™ QCM6490 (QCM6490),qualcomm,qcm6490,[],3820,6.67,1080x2400,22,1,1,avb,vendor_boot,fastboot_nexus,EDL 900E / 9008 (Sahara + Firehose XML),1,"[""a_b_slots"", ""adb"", ""battery_calibration"", ""battery_health_read"", ""display_pwm_test"", ""dynamic_partitions"", ""edl"", ""evidence_capture"", ""fastboot"", ""fastbootd"", ""frp_owner_assisted"", ""network_reset"", ""official_rom_flash"", ""ota"", ""recovery"", ""sim_reset"", ""storage_health_read"", ""thermal_read"", ""touch_grid_test"", ""unlock_official"", ""verified_boot""]","[""edl_requires_signed_programmer"", ""pre_install_required:needs_specific_android_fw"", ""recovery_flash_target_is:vendor_boot""]","[""lineageos"", ""seed"", ""play"", ""ift""]",desconocido,,,SHIFT
trident,,smartisan,R1,Qualcomm SDM845 Snapdragon 845,qualcomm,sdm845,"[""DE106""]",3600,6.17,2242x1080,21,1,1,avb,boot,fastboot_nexus,EDL 900E / 9008 (Sahara + Firehose XML),1,"[""a_b_slots"", ""adb"", ""battery_calibration"", ""battery_health_read"", ""display_pwm_test"", ""dynamic_partitions"", ""edl"", ""evidence_capture"", ""fastboot"", ""fastbootd"", ""frp_owner_assisted"", ""network_reset"", ""official_rom_flash"", ""ota"", ""recovery"", ""sim_reset"", ""storage_health_read"", ""thermal_read"", ""touch_grid_test"", ""unlock_official"", ""verified_boot""]","[""edl_requires_signed_programmer"", ""recovery_flash_target_is:boot""]","[""lineageos"", ""seed"", ""ift""]",desconocido,,,Smartisan
ingot,,solana,Saga,Qualcomm SM8475 Snapdragon 8+ Gen1,qualcomm,sm8475,[],4110,6.55,1080x2400,22,1,1,avb,recovery,fastboot_nexus,EDL 900E / 9008 (Sahara + Firehose XML),1,"[""a_b_slots"", ""adb"", ""battery_calibration"", ""battery_health_read"", ""display_pwm_test"", ""dynamic_partitions"", ""edl"", ""evidence_capture"", ""fastboot"", ""fastbootd"", ""frp_owner_assisted"", ""network_reset"", ""official_rom_flash"", ""ota"", ""recovery"", ""sim_reset"", ""storage_health_read"", ""thermal_read"", ""touch_grid_test"", ""unlock_official"", ""verified_boot""]","[""edl_requires_signed_programmer"", ""pre_install_required:needs_specific_android_fw""]","[""lineageos"", ""brands"", ""seed"", ""ift""]",desconocido,,,Solana
akari,,sony,Xperia XZ2,Qualcomm SDM845 Snapdragon 845,qualcomm,sdm845,"[""H8216"", ""H8266"", ""H8276"", ""H8296""]",3180,5.7,1080x2160,21,1,1,avb,boot,fastboot_sony,EDL 900E / 9008 (Sahara + Firehose XML),1,"[""a_b_slots"", ""adb"", ""battery_calibration"", ""battery_health_read"", ""display_pwm_test"", ""dynamic_partitions"", ""edl"", ""evidence_capture"", ""fastboot"", ""fastbootd"", ""frp_owner_assisted"", ""network_reset"", ""official_rom_flash"", ""ota"", ""recovery"", ""sim_reset"", ""storage_health_read"", ""thermal_read"", ""touch_grid_test"", ""verified_boot""]","[""edl_requires_signed_programmer"", ""pre_install_required:needs_specific_android_fw"", ""recovery_flash_target_is:boot""]","[""lineageos"", ""seed"", ""play"", ""ift""]",desconocido,,,Sony
akatsuki,,sony,Xperia XZ3,Qualcomm SDM845 Snapdragon 845,qualcomm,sdm845,"[""H8416"", ""H9436"", ""H9493""]",3300,6,1440x2880,21,1,1,avb,boot,fastboot_sony,EDL 900E / 9008 (Sahara + Firehose XML),1,"[""a_b_slots"", ""adb"", ""battery_calibration"", ""battery_health_read"", ""display_pwm_test"", ""dynamic_partitions"", ""edl"", ""evidence_capture"", ""fastboot"", ""fastbootd"", ""frp_owner_assisted"", ""network_reset"", ""official_rom_flash"", ""ota"", ""recovery"", ""sim_reset"", ""storage_health_read"", ""thermal_read"", ""touch_grid_test"", ""verified_boot""]","[""edl_requires_signed_programmer"", ""pre_install_required:needs_specific_android_fw"", ""recovery_flash_target_is:boot""]","[""lineageos"", ""seed"", ""play"", ""ift""]",desconocido,,,Sony
aurora,,sony,Xperia XZ2 Premium,Qualcomm SDM845 Snapdragon 845,qualcomm,sdm845,"[""H8116"", ""H8166""]",3540,5.8,3840x2160,21,1,1,avb,boot,fastboot_sony,EDL 900E / 9008 (Sahara + Firehose XML),1,"[""a_b_slots"", ""adb"", ""battery_calibration"", ""battery_health_read"", ""display_pwm_test"", ""dynamic_partitions"", ""edl"", ""evidence_capture"", ""fastboot"", ""fastbootd"", ""frp_owner_assisted"", ""network_reset"", ""official_rom_flash"", ""ota"", ""recovery"", ""sim_reset"", ""storage_health_read"", ""thermal_read"", ""touch_grid_test"", ""verified_boot""]","[""edl_requires_signed_programmer"", ""pre_install_required:needs_specific_android_fw"", ""recovery_flash_target_is:boot""]","[""lineageos"", ""seed"", ""play"", ""ift""]",desconocido,,,Sony
castor,,sony,Xperia Tablet Z2 LTE,Qualcomm MSM8974AC Snapdragon 801,qualcomm,msm8974,"[""SGP521"", ""SGP541"", ""SGP551""]",6000,10.1,1920x1080,17,,1,avb,recovery,fastboot_sony,EDL 900E / 9008 (Sahara + Firehose XML),1,"[""a_only"", ""adb"", ""battery_calibration"", ""battery_health_read"", ""display_pwm_test"", ""dynamic_partitions"", ""edl"", ""evidence_capture"", ""fastboot"", ""fastbootd"", ""frp_owner_assisted"", ""network_reset"", ""official_rom_flash"", ""ota"", ""recovery"", ""sim_reset"", ""storage_health_read"", ""thermal_read"", ""touch_grid_test"", ""verified_boot""]","[""edl_requires_signed_programmer"", ""pre_install_required:shinano""]","[""lineageos"", ""seed"", ""play"", ""ift""]",desconocido,,,Sony
castor_windy,,sony,Xperia Tablet Z2 Wi-Fi,Qualcomm MSM8974AC Snapdragon 801,qualcomm,msm8974,"[""SGP511"", ""SGP512""]",6000,10.1,1920x1080,17,,1,avb,recovery,fastboot_sony,EDL 900E / 9008 (Sahara + Firehose XML),1,"[""a_only"", ""adb"", ""battery_calibration"", ""battery_health_read"", ""display_pwm_test"", ""dynamic_partitions"", ""edl"", ""evidence_capture"", ""fastboot"", ""fastbootd"", ""frp_owner_assisted"", ""network_reset"", ""official_rom_flash"", ""ota"", ""recovery"", ""sim_reset"", ""storage_health_read"", ""thermal_read"", ""touch_grid_test"", ""verified_boot""]","[""edl_requires_signed_programmer"", ""pre_install_required:shinano""]","[""lineageos"", ""seed"", ""play"", ""ift""]",desconocido,,,Sony
discovery,,sony,Xperia XA2 Ultra,Qualcomm SDM630 Snapdragon 630,qualcomm,sdm660,"[""H3213"", ""H4213"", ""H4233"", ""H3223""]",3580,6,1080x1920,22,1,1,avb,boot,fastboot_sony,EDL 900E / 9008 (Sahara + Firehose XML),1,"[""a_b_slots"", ""adb"", ""battery_calibration"", ""battery_health_read"", ""display_pwm_test"", ""dynamic_partitions"", ""edl"", ""evidence_capture"", ""fastboot"", ""fastbootd"", ""frp_owner_assisted"", ""network_reset"", ""official_rom_flash"", ""ota"", ""recovery"", ""sim_reset"", ""storage_health_read"", ""thermal_read"", ""touch_grid_test"", ""verified_boot""]","[""edl_requires_signed_programmer"", ""pre_install_required:needs_specific_android_fw"", ""recovery_flash_target_is:boot""]","[""lineageos"", ""seed"", ""play"", ""ift""]",desconocido,,,Sony
dogo,,sony,Xperia ZR,Qualcomm APQ8064 Snapdragon S4 Pro,qualcomm,apq8064,[],2300,4.55,720x1280,,,,,boot,fastboot_sony,EDL 900E / 9008 (Sahara + Firehose XML),1,"[""a_only"", ""adb"", ""battery_calibration"", ""battery_health_read"", ""display_pwm_test"", ""edl"", ""evidence_capture"", ""fastboot"", ""frp_owner_assisted"", ""network_reset"", ""official_rom_flash"", ""ota"", ""recovery"", ""sim_reset"", ""storage_health_read"", ""thermal_read"", ""touch_grid_test""]","[""edl_requires_signed_programmer"", ""recovery_flash_target_is:boot""]","[""lineageos"", ""seed"", ""ift""]",desconocido,,,Sony
hayabusa,,sony,Xperia TX,Qualcomm MSM8260A Snapdragon S4,qualcomm,msm8,[],1750,4.6,720x1280,,,,,boot,fastboot_sony,EDL 900E / 9008 (Sahara + Firehose XML),1,"[""a_only"", ""adb"", ""battery_calibration"", ""battery_health_read"", ""display_pwm_test"", ""edl"", ""evidence_capture"", ""fastboot"", ""frp_owner_assisted"", ""network_reset"", ""official_rom_flash"", ""ota"", ""recovery"", ""sim_reset"", ""storage_health_read"", ""thermal_read"", ""touch_grid_test""]","[""edl_requires_signed_programmer"", ""recovery_flash_target_is:boot""]","[""lineageos"", ""seed"", ""ift""]",desconocido,,,Sony
huashan,,sony,Xperia SP,Qualcomm MSM8960T Snapdragon S4 Pro,qualcomm,msm8960,[],2370,4.6,720x1280,,,,,boot,fastboot_sony,EDL 900E / 9008 (Sahara + Firehose XML),1,"[""a_only"", ""adb"", ""battery_calibration"", ""battery_health_read"", ""display_pwm_test"", ""edl"", ""evidence_capture"", ""fastboot"", ""frp_owner_assisted"", ""network_reset"", ""official_rom_flash"", ""ota"", ""recovery"", ""sim_reset"", ""storage_health_read"", ""thermal_read"", ""touch_grid_test""]","[""edl_requires_signed_programmer"", ""recovery_flash_target_is:boot""]","[""lineageos"", ""seed"", ""ift""]",desconocido,,,Sony
ivy,,sony,Xperia Z3+,Qualcomm MSM8994 Snapdragon 810,qualcomm,msm8994,[],2930,5.2,1920x1080,,,,,recovery,fastboot_sony,EDL 900E / 9008 (Sahara + Firehose XML),1,"[""a_only"", ""adb"", ""battery_calibration"", ""battery_health_read"", ""display_pwm_test"", ""edl"", ""evidence_capture"", ""fastboot"", ""frp_owner_assisted"", ""network_reset"", ""official_rom_flash"", ""ota"", ""recovery"", ""sim_reset"", ""storage_health_read"", ""thermal_read"", ""touch_grid_test""]","[""edl_requires_signed_programmer""]","[""lineageos"", ""seed"", ""ift""]",desconocido,,,Sony
karin,,sony,Xperia Z4 Tablet LTE,Qualcomm MSM8994 Snapdragon 810,qualcomm,msm8994,[],6000,10.1,2560x1600,,,,,recovery,fastboot_sony,EDL 900E / 9008 (Sahara + Firehose XML),1,"[""a_only"", ""adb"", ""battery_calibration"", ""battery_health_read"", ""display_pwm_test"", ""edl"", ""evidence_capture"", ""fastboot"", ""frp_owner_assisted"", ""network_reset"", ""official_rom_flash"", ""ota"", ""recovery"", ""sim_reset"", ""storage_health_read"", ""thermal_read"", ""touch_grid_test""]","[""edl_requires_signed_programmer""]","[""lineageos"", ""seed"", ""ift""]",desconocido,,,Sony
karin_windy,,sony,Xperia Z4 Tablet WiFi,Qualcomm MSM8994 Snapdragon 810,qualcomm,msm8994,[],6000,10.1,2560x1600,,,,,recovery,fastboot_sony,EDL 900E / 9008 (Sahara + Firehose XML),1,"[""a_only"", ""adb"", ""battery_calibration"", ""battery_health_read"", ""display_pwm_test"", ""edl"", ""evidence_capture"", ""fastboot"", ""frp_owner_assisted"", ""network_reset"", ""official_rom_flash"", ""ota"", ""recovery"", ""sim_reset"", ""storage_health_read"", ""thermal_read"", ""touch_grid_test""]","[""edl_requires_signed_programmer""]","[""lineageos"", ""seed"", ""ift""]",desconocido,,,Sony
kirin,,sony,Xperia 10,Qualcomm SDM630 Snapdragon 630,qualcomm,sdm660,"[""I3113"", ""I3123"", ""I4113"", ""I4193""]",2870,6,1080x2520,22,1,1,avb,boot,fastboot_sony,EDL 900E / 9008 (Sahara + Firehose XML),1,"[""a_b_slots"", ""adb"", ""battery_calibration"", ""battery_health_read"", ""display_pwm_test"", ""dynamic_partitions"", ""edl"", ""evidence_capture"", ""fastboot"", ""fastbootd"", ""frp_owner_assisted"", ""network_reset"", ""official_rom_flash"", ""ota"", ""recovery"", ""sim_reset"", ""storage_health_read"", ""thermal_read"", ""touch_grid_test"", ""verified_boot""]","[""edl_requires_signed_programmer"", ""recovery_flash_target_is:boot""]","[""lineageos"", ""seed"", ""play"", ""ift""]",desconocido,,,Sony
kugo,,sony,Xperia X Compact,Qualcomm MSM8956 Snapdragon 650,qualcomm,msm8956,"[""SO-02J"", ""F5321""]",2700,4.6,720x1280,17,,1,avb,recovery,fastboot_sony,EDL 900E / 9008 (Sahara + Firehose XML),1,"[""a_only"", ""adb"", ""battery_calibration"", ""battery_health_read"", ""display_pwm_test"", ""dynamic_partitions"", ""edl"", ""evidence_capture"", ""fastboot"", ""fastbootd"", ""frp_owner_assisted"", ""network_reset"", ""official_rom_flash"", ""ota"", ""recovery"", ""sim_reset"", ""storage_health_read"", ""thermal_read"", ""touch_grid_test"", ""verified_boot""]","[""edl_requires_signed_programmer"", ""pre_install_required:needs_specific_android_fw""]","[""lineageos"", ""seed"", ""play"", ""ift""]",desconocido,,,Sony
mermaid,,sony,Xperia 10 Plus,Qualcomm SDM636 Snapdragon 636,qualcomm,sdm660,"[""I3213"", ""I3223"", ""I4213"", ""I4293""]",3000,6.5,1080x2520,22,1,1,avb,boot,fastboot_sony,EDL 900E / 9008 (Sahara + Firehose XML),1,"[""a_b_slots"", ""adb"", ""battery_calibration"", ""battery_health_read"", ""display_pwm_test"", ""dynamic_partitions"", ""edl"", ""evidence_capture"", ""fastboot"", ""fastbootd"", ""frp_owner_assisted"", ""network_reset"", ""official_rom_flash"", ""ota"", ""recovery"", ""sim_reset"", ""storage_health_read"", ""thermal_read"", ""touch_grid_test"", ""verified_boot""]","[""edl_requires_signed_programmer"", ""recovery_flash_target_is:boot""]","[""lineageos"", ""seed"", ""play"", ""ift""]",desconocido,,,Sony
mint,,sony,Xperia T,Qualcomm MSM8260A Snapdragon S4,qualcomm,msm8,[],1780,4.55,720x1280,,,,,boot,fastboot_sony,EDL 900E / 9008 (Sahara + Firehose XML),1,"[""a_only"", ""adb"", ""battery_calibration"", ""battery_health_read"", ""display_pwm_test"", ""edl"", ""evidence_capture"", ""fastboot"", ""frp_owner_assisted"", ""network_reset"", ""official_rom_flash"", ""ota"", ""recovery"", ""sim_reset"", ""storage_health_read"", ""thermal_read"", ""touch_grid_test""]","[""edl_requires_signed_programmer"", ""recovery_flash_target_is:boot""]","[""lineageos"", ""seed"", ""play"", ""ift""]",desconocido,,,Sony
nicki,,sony,Xperia M,Qualcomm MSM8227 Snapdragon S4 Plus,qualcomm,msm8,[],1750,4,480x854,,,,,boot,fastboot_sony,EDL 900E / 9008 (Sahara + Firehose XML),1,"[""a_only"", ""adb"", ""battery_calibration"", ""battery_health_read"", ""display_pwm_test"", ""edl"", ""evidence_capture"", ""fastboot"", ""frp_owner_assisted"", ""network_reset"", ""official_rom_flash"", ""ota"", ""recovery"", ""sim_reset"", ""storage_health_read"", ""thermal_read"", ""touch_grid_test""]","[""edl_requires_signed_programmer"", ""recovery_flash_target_is:boot""]","[""lineageos"", ""seed"", ""ift""]",desconocido,,,Sony
odin,,sony,Xperia ZL,Qualcomm APQ8064 Snapdragon S4 Pro,qualcomm,apq8064,[],2370,5,1080x1920,,,,,boot,fastboot_sony,EDL 900E / 9008 (Sahara + Firehose XML),1,"[""a_only"", ""adb"", ""battery_calibration"", ""battery_health_read"", ""display_pwm_test"", ""edl"", ""evidence_capture"", ""fastboot"", ""frp_owner_assisted"", ""network_reset"", ""official_rom_flash"", ""ota"", ""recovery"", ""sim_reset"", ""storage_health_read"", ""thermal_read"", ""touch_grid_test""]","[""edl_requires_signed_programmer"", ""recovery_flash_target_is:boot""]","[""lineageos"", ""seed"", ""play"", ""ift""]",desconocido,,,Sony
pdx203,,sony,Xperia 1 II,Qualcomm SM8250 Snapdragon 865,qualcomm,sm8250,"[""XQ-AT72"", ""XQ-AT52"", ""XQ-AT51"", ""XQ-AT42""]",4000,6.5,3840x1644,22,1,1,avb,recovery,fastboot_sony,EDL 900E / 9008 (Sahara + Firehose XML),1,"[""a_b_slots"", ""adb"", ""battery_calibration"", ""battery_health_read"", ""display_pwm_test"", ""dynamic_partitions"", ""edl"", ""evidence_capture"", ""fastboot"", ""fastbootd"", ""frp_owner_assisted"", ""network_reset"", ""official_rom_flash"", ""ota"", ""recovery"", ""sim_reset"", ""storage_health_read"", ""thermal_read"", ""touch_grid_test"", ""verified_boot""]","[""edl_requires_signed_programmer"", ""pre_install_required:needs_specific_android_fw""]","[""lineageos"", ""seed"", ""play"", ""ift""]",desconocido,,,Sony
pdx206,,sony,Xperia 5 II,Qualcomm SM8250 Snapdragon 865,qualcomm,sm8250,"[""XQ-AS72"", ""XQ-AS62"", ""XQ-AS52"", ""XQ-AS42""]",4000,6.1,2520x1080,22,1,1,avb,recovery,fastboot_sony,EDL 900E / 9008 (Sahara + Firehose XML),1,"[""a_b_slots"", ""adb"", ""battery_calibration"", ""battery_health_read"", ""display_pwm_test"", ""dynamic_partitions"", ""edl"", ""evidence_capture"", ""fastboot"", ""fastbootd"", ""frp_owner_assisted"", ""network_reset"", ""official_rom_flash"", ""ota"", ""recovery"", ""sim_reset"", ""storage_health_read"", ""thermal_read"", ""touch_grid_test"", ""verified_boot""]","[""edl_requires_signed_programmer"", ""pre_install_required:needs_specific_android_fw""]","[""lineageos"", ""seed"", ""play"", ""ift""]",desconocido,,,Sony
pdx214,,sony,Xperia 5 III,Qualcomm SM8350 Snapdragon 888,qualcomm,sm8350,"[""XQ-BQ72"", ""XQ-BQ62"", ""XQ-BQ52"", ""XQ-BQ42""]",4500,6.1,2520x1080,22,1,1,avb,boot,fastboot_sony,EDL 900E / 9008 (Sahara + Firehose XML),1,"[""a_b_slots"", ""adb"", ""battery_calibration"", ""battery_health_read"", ""display_pwm_test"", ""dynamic_partitions"", ""edl"", ""evidence_capture"", ""fastboot"", ""fastbootd"", ""frp_owner_assisted"", ""network_reset"", ""official_rom_flash"", ""ota"", ""recovery"", ""sim_reset"", ""storage_health_read"", ""thermal_read"", ""touch_grid_test"", ""verified_boot""]","[""edl_requires_signed_programmer"", ""pre_install_required:needs_specific_android_fw"", ""recovery_flash_target_is:boot""]","[""lineageos"", ""seed"", ""play"", ""ift""]",desconocido,,,Sony
pdx215,,sony,Xperia 1 III,Qualcomm SM8350 Snapdragon 888,qualcomm,sm8350,"[""XQ-BC72"", ""XQ-BC62"", ""XQ-BC52"", ""XQ-BC42""]",4500,6.5,3840x1644,22,1,1,avb,boot,fastboot_sony,EDL 900E / 9008 (Sahara + Firehose XML),1,"[""a_b_slots"", ""adb"", ""battery_calibration"", ""battery_health_read"", ""display_pwm_test"", ""dynamic_partitions"", ""edl"", ""evidence_capture"", ""fastboot"", ""fastbootd"", ""frp_owner_assisted"", ""network_reset"", ""official_rom_flash"", ""ota"", ""recovery"", ""sim_reset"", ""storage_health_read"", ""thermal_read"", ""touch_grid_test"", ""verified_boot""]","[""edl_requires_signed_programmer"", ""pre_install_required:needs_specific_android_fw"", ""recovery_flash_target_is:boot""]","[""lineageos"", ""seed"", ""play"", ""ift""]",desconocido,,,Sony
pdx223,,sony,Xperia 1 IV,Qualcomm SM8450 Snapdragon 8 Gen1,qualcomm,sm8450,"[""XQ-CT44"", ""XQ-CT54"", ""XQ-CT72""]",5000,6.5,3840x1644,22,1,1,avb,recovery,fastboot_sony,EDL 900E / 9008 (Sahara + Firehose XML),1,"[""a_b_slots"", ""adb"", ""battery_calibration"", ""battery_health_read"", ""display_pwm_test"", ""dynamic_partitions"", ""edl"", ""evidence_capture"", ""fastboot"", ""fastbootd"", ""frp_owner_assisted"", ""network_reset"", ""official_rom_flash"", ""ota"", ""recovery"", ""sim_reset"", ""storage_health_read"", ""thermal_read"", ""touch_grid_test"", ""verified_boot""]","[""edl_requires_signed_programmer"", ""pre_install_required:needs_specific_android_fw""]","[""lineageos"", ""seed"", ""play"", ""ift""]",desconocido,,,Sony
pdx224,,sony,Xperia 5 IV,Qualcomm SM8450 Snapdragon 8 Gen1,qualcomm,sm8450,"[""XQ-CQ44"", ""XQ-CQ54"", ""XQ-CQ72""]",5000,6.1,2520x1080,22,1,1,avb,recovery,fastboot_sony,EDL 900E / 9008 (Sahara + Firehose XML),1,"[""a_b_slots"", ""adb"", ""battery_calibration"", ""battery_health_read"", ""display_pwm_test"", ""dynamic_partitions"", ""edl"", ""evidence_capture"", ""fastboot"", ""fastbootd"", ""frp_owner_assisted"", ""network_reset"", ""official_rom_flash"", ""ota"", ""recovery"", ""sim_reset"", ""storage_health_read"", ""thermal_read"", ""touch_grid_test"", ""verified_boot""]","[""edl_requires_signed_programmer"", ""pre_install_required:needs_specific_android_fw""]","[""lineageos"", ""seed"", ""play"", ""ift""]",desconocido,,,Sony
pdx225,,sony,Xperia 10 IV,Qualcomm SM6375 Snapdragon 695,qualcomm,sm6375,"[""XQ-CC54"", ""XQ-CC72""]",5000,6.0,2520x1080,22,1,1,avb,boot,fastboot_sony,EDL 900E / 9008 (Sahara + Firehose XML),1,"[""a_b_slots"", ""adb"", ""battery_calibration"", ""battery_health_read"", ""display_pwm_test"", ""dynamic_partitions"", ""edl"", ""evidence_capture"", ""fastboot"", ""fastbootd"", ""frp_owner_assisted"", ""network_reset"", ""official_rom_flash"", ""ota"", ""recovery"", ""sim_reset"", ""storage_health_read"", ""thermal_read"", ""touch_grid_test"", ""verified_boot""]","[""edl_requires_signed_programmer"", ""pre_install_required:needs_specific_android_fw"", ""recovery_flash_target_is:boot""]","[""lineageos"", ""seed"", ""play"", ""ift""]",desconocido,,,Sony
pdx234,,sony,Xperia 1 V,Qualcomm SM8550 Snapdragon 8 Gen2,qualcomm,sm8550,"[""XQ-DQ54"", ""XQ-DQ72""]",5000,6.5,3840x1644,22,1,1,avb,recovery,fastboot_sony,EDL 900E / 9008 (Sahara + Firehose XML),1,"[""a_b_slots"", ""adb"", ""battery_calibration"", ""battery_health_read"", ""display_pwm_test"", ""dynamic_partitions"", ""edl"", ""evidence_capture"", ""fastboot"", ""fastbootd"", ""frp_owner_assisted"", ""network_reset"", ""official_rom_flash"", ""ota"", ""recovery"", ""sim_reset"", ""storage_health_read"", ""thermal_read"", ""touch_grid_test"", ""verified_boot""]","[""edl_requires_signed_programmer"", ""pre_install_required:needs_specific_android_fw""]","[""lineageos"", ""seed"", ""play"", ""ift""]",desconocido,,,Sony
pdx235,,sony,Xperia 10 V,Qualcomm SM6375 Snapdragon 695,qualcomm,sm6375,"[""XQ-DC54"", ""XQ-DC72""]",5000,6.1,2520x1080,22,1,1,avb,boot,fastboot_sony,EDL 900E / 9008 (Sahara + Firehose XML),1,"[""a_b_slots"", ""adb"", ""battery_calibration"", ""battery_health_read"", ""display_pwm_test"", ""dynamic_partitions"", ""edl"", ""evidence_capture"", ""fastboot"", ""fastbootd"", ""frp_owner_assisted"", ""network_reset"", ""official_rom_flash"", ""ota"", ""recovery"", ""sim_reset"", ""storage_health_read"", ""thermal_read"", ""touch_grid_test"", ""verified_boot""]","[""edl_requires_signed_programmer"", ""pre_install_required:needs_specific_android_fw"", ""recovery_flash_target_is:boot""]","[""lineageos"", ""seed"", ""play"", ""ift""]",desconocido,,,Sony
pdx237,,sony,Xperia 5 V,Qualcomm SM8550 Snapdragon 8 Gen2,qualcomm,sm8550,"[""XQ-DE44"", ""XQ-DE54"", ""XQ-DE72""]",5000,6.1,2520x1080,22,1,1,avb,recovery,fastboot_sony,EDL 900E / 9008 (Sahara + Firehose XML),1,"[""a_b_slots"", ""adb"", ""battery_calibration"", ""battery_health_read"", ""display_pwm_test"", ""dynamic_partitions"", ""edl"", ""evidence_capture"", ""fastboot"", ""fastbootd"", ""frp_owner_assisted"", ""network_reset"", ""official_rom_flash"", ""ota"", ""recovery"", ""sim_reset"", ""storage_health_read"", ""thermal_read"", ""touch_grid_test"", ""verified_boot""]","[""edl_requires_signed_programmer"", ""pre_install_required:needs_specific_android_fw""]","[""lineageos"", ""seed"", ""play"", ""ift""]",desconocido,,,Sony
pdx245,,sony,Xperia 1 VI,Qualcomm SM8650 Snapdragon 8 Gen3,qualcomm,sm8650,"[""XQ-EC54"", ""XQ-EC72""]",5000,6.5,2340x1080,22,1,1,avb,recovery,fastboot_sony,EDL 900E / 9008 (Sahara + Firehose XML),1,"[""a_b_slots"", ""adb"", ""battery_calibration"", ""battery_health_read"", ""display_pwm_test"", ""dynamic_partitions"", ""edl"", ""evidence_capture"", ""fastboot"", ""fastbootd"", ""frp_owner_assisted"", ""network_reset"", ""official_rom_flash"", ""ota"", ""recovery"", ""sim_reset"", ""storage_health_read"", ""thermal_read"", ""touch_grid_test"", ""verified_boot""]","[""edl_requires_signed_programmer"", ""pre_install_required:needs_specific_android_fw""]","[""lineageos"", ""seed"", ""play"", ""ift""]",desconocido,,,Sony
pdx257,,sony,Xperia 10 VII,Qualcomm SM6475-AB Snapdragon 6 Gen 3,qualcomm,sm6475,"[""XQ-FE54"", ""XQ-FE72""]",5000,6.1,2340x1080,22,1,1,avb,recovery,fastboot_sony,EDL 900E / 9008 (Sahara + Firehose XML),1,"[""a_b_slots"", ""adb"", ""battery_calibration"", ""battery_health_read"", ""display_pwm_test"", ""dynamic_partitions"", ""edl"", ""evidence_capture"", ""fastboot"", ""fastbootd"", ""frp_owner_assisted"", ""network_reset"", ""official_rom_flash"", ""ota"", ""recovery"", ""sim_reset"", ""storage_health_read"", ""thermal_read"", ""touch_grid_test"", ""verified_boot""]","[""edl_requires_signed_programmer"", ""pre_install_required:needs_specific_android_fw""]","[""lineageos"", ""seed"", ""play"", ""ift""]",desconocido,,,Sony
pioneer,,sony,Xperia XA2,Qualcomm SDM630 Snapdragon 630,qualcomm,sdm660,"[""H3113"", ""H4113"", ""H3133"", ""H4133"", ""H3123""]",3300,5.2,1080x1920,22,1,1,avb,boot,fastboot_sony,EDL 900E / 9008 (Sahara + Firehose XML),1,"[""a_b_slots"", ""adb"", ""battery_calibration"", ""battery_health_read"", ""display_pwm_test"", ""dynamic_partitions"", ""edl"", ""evidence_capture"", ""fastboot"", ""fastbootd"", ""frp_owner_assisted"", ""network_reset"", ""official_rom_flash"", ""ota"", ""recovery"", ""sim_reset"", ""storage_health_read"", ""thermal_read"", ""touch_grid_test"", ""verified_boot""]","[""edl_requires_signed_programmer"", ""pre_install_required:needs_specific_android_fw"", ""recovery_flash_target_is:boot""]","[""lineageos"", ""seed"", ""play"", ""ift""]",desconocido,,,Sony
pollux,,sony,Xperia Tablet Z LTE,Qualcomm APQ8064 Snapdragon S4 Pro,qualcomm,apq8064,[],6000,10.1,1200x1920,,,,,boot,fastboot_sony,EDL 900E / 9008 (Sahara + Firehose XML),1,"[""a_only"", ""adb"", ""battery_calibration"", ""battery_health_read"", ""display_pwm_test"", ""edl"", ""evidence_capture"", ""fastboot"", ""frp_owner_assisted"", ""network_reset"", ""official_rom_flash"", ""ota"", ""recovery"", ""sim_reset"", ""storage_health_read"", ""thermal_read"", ""touch_grid_test""]","[""edl_requires_signed_programmer"", ""recovery_flash_target_is:boot""]","[""lineageos"", ""seed"", ""play"", ""ift""]",desconocido,,,Sony
pollux_windy,,sony,Xperia Tablet Z Wi-Fi,Qualcomm APQ8064 Snapdragon S4 Pro,qualcomm,apq8064,[],6000,10.1,1200x1920,,,,,boot,fastboot_sony,EDL 900E / 9008 (Sahara + Firehose XML),1,"[""a_only"", ""adb"", ""battery_calibration"", ""battery_health_read"", ""display_pwm_test"", ""edl"", ""evidence_capture"", ""fastboot"", ""frp_owner_assisted"", ""network_reset"", ""official_rom_flash"", ""ota"", ""recovery"", ""sim_reset"", ""storage_health_read"", ""thermal_read"", ""touch_grid_test""]","[""edl_requires_signed_programmer"", ""recovery_flash_target_is:boot""]","[""lineageos"", ""seed"", ""ift""]",desconocido,,,Sony
sirius,,sony,Xperia Z2,Qualcomm MSM8974AB Snapdragon 801,qualcomm,msm8974,"[""D6502"", ""D6503""]",3200,5.2,1920x1080,17,,1,avb,recovery,fastboot_sony,EDL 900E / 9008 (Sahara + Firehose XML),1,"[""a_only"", ""adb"", ""battery_calibration"", ""battery_health_read"", ""display_pwm_test"", ""dynamic_partitions"", ""edl"", ""evidence_capture"", ""fastboot"", ""fastbootd"", ""frp_owner_assisted"", ""network_reset"", ""official_rom_flash"", ""ota"", ""recovery"", ""sim_reset"", ""storage_health_read"", ""thermal_read"", ""touch_grid_test"", ""verified_boot""]","[""edl_requires_signed_programmer"", ""pre_install_required:shinano""]","[""lineageos"", ""seed"", ""play"", ""ift""]",desconocido,,,Sony
sumire,,sony,Xperia Z5,Qualcomm MSM8994 Snapdragon 810,qualcomm,msm8994,"[""E6653"", ""E6683"", ""E6633""]",2900,5.2,1080x1920,,,,,recovery,fastboot_sony,EDL 900E / 9008 (Sahara + Firehose XML),1,"[""a_only"", ""adb"", ""battery_calibration"", ""battery_health_read"", ""display_pwm_test"", ""edl"", ""evidence_capture"", ""fastboot"", ""frp_owner_assisted"", ""network_reset"", ""official_rom_flash"", ""ota"", ""recovery"", ""sim_reset"", ""storage_health_read"", ""thermal_read"", ""touch_grid_test""]","[""edl_requires_signed_programmer""]","[""lineageos"", ""seed"", ""play"", ""ift""]",desconocido,,,Sony
suzu,,sony,Xperia X,Qualcomm MSM8956 Snapdragon 650,qualcomm,msm8956,"[""F5122"", ""F5121""]",2620,5,1080x1920,17,,1,avb,recovery,fastboot_sony,EDL 900E / 9008 (Sahara + Firehose XML),1,"[""a_only"", ""adb"", ""battery_calibration"", ""battery_health_read"", ""display_pwm_test"", ""dynamic_partitions"", ""edl"", ""evidence_capture"", ""fastboot"", ""fastbootd"", ""frp_owner_assisted"", ""network_reset"", ""official_rom_flash"", ""ota"", ""recovery"", ""sim_reset"", ""storage_health_read"", ""thermal_read"", ""touch_grid_test"", ""verified_boot""]","[""edl_requires_signed_programmer"", ""pre_install_required:needs_specific_android_fw""]","[""lineageos"", ""seed"", ""play"", ""ift""]",desconocido,,,Sony
suzuran,,sony,Xperia Z5 Compact,Qualcomm MSM8994 Snapdragon 810,qualcomm,msm8994,"[""E5803"", ""E5823""]",2700,5.2,1280x720,,,,,recovery,fastboot_sony,EDL 900E / 9008 (Sahara + Firehose XML),1,"[""a_only"", ""adb"", ""battery_calibration"", ""battery_health_read"", ""display_pwm_test"", ""edl"", ""evidence_capture"", ""fastboot"", ""frp_owner_assisted"", ""network_reset"", ""official_rom_flash"", ""ota"", ""recovery"", ""sim_reset"", ""storage_health_read"", ""thermal_read"", ""touch_grid_test""]","[""edl_requires_signed_programmer""]","[""lineageos"", ""seed"", ""play"", ""ift""]",desconocido,,,Sony
taoshan,,sony,Xperia L,Qualcomm MSM8230 Snapdragon 400,qualcomm,msm8930,[],1750,4.3,480x854,,,,,boot,fastboot_sony,EDL 900E / 9008 (Sahara + Firehose XML),1,"[""a_only"", ""adb"", ""battery_calibration"", ""battery_health_read"", ""display_pwm_test"", ""edl"", ""evidence_capture"", ""fastboot"", ""frp_owner_assisted"", ""network_reset"", ""official_rom_flash"", ""ota"", ""recovery"", ""sim_reset"", ""storage_health_read"", ""thermal_read"", ""touch_grid_test""]","[""edl_requires_signed_programmer"", ""recovery_flash_target_is:boot""]","[""lineageos"", ""seed"", ""ift""]",desconocido,,,Sony
tsubasa,,sony,Xperia V,Qualcomm MSM8960 Snapdragon S4,qualcomm,msm8,[],1700,4.3,720x1280,,,,,boot,fastboot_sony,EDL 900E / 9008 (Sahara + Firehose XML),1,"[""a_only"", ""adb"", ""battery_calibration"", ""battery_health_read"", ""display_pwm_test"", ""edl"", ""evidence_capture"", ""fastboot"", ""frp_owner_assisted"", ""network_reset"", ""official_rom_flash"", ""ota"", ""recovery"", ""sim_reset"", ""storage_health_read"", ""thermal_read"", ""touch_grid_test""]","[""edl_requires_signed_programmer"", ""recovery_flash_target_is:boot""]","[""lineageos"", ""seed"", ""ift""]",desconocido,,,Sony
voyager,,sony,Xperia XA2 Plus,Qualcomm SDM630 Snapdragon 630,qualcomm,sdm660,"[""H3413"", ""H4413"", ""H4493""]",3580,6,1080x2160,22,1,1,avb,boot,fastboot_sony,EDL 900E / 9008 (Sahara + Firehose XML),1,"[""a_b_slots"", ""adb"", ""battery_calibration"", ""battery_health_read"", ""display_pwm_test"", ""dynamic_partitions"", ""edl"", ""evidence_capture"", ""fastboot"", ""fastbootd"", ""frp_owner_assisted"", ""network_reset"", ""official_rom_flash"", ""ota"", ""recovery"", ""sim_reset"", ""storage_health_read"", ""thermal_read"", ""touch_grid_test"", ""verified_boot""]","[""edl_requires_signed_programmer"", ""pre_install_required:needs_specific_android_fw"", ""recovery_flash_target_is:boot""]","[""lineageos"", ""seed"", ""play"", ""ift""]",desconocido,,,Sony
xz2c,,sony,Xperia XZ2 Compact,Qualcomm SDM845 Snapdragon 845,qualcomm,sdm845,"[""H8314"", ""H8324""]",2870,5,1080x2160,21,1,1,avb,boot,fastboot_sony,EDL 900E / 9008 (Sahara + Firehose XML),1,"[""a_b_slots"", ""adb"", ""battery_calibration"", ""battery_health_read"", ""display_pwm_test"", ""dynamic_partitions"", ""edl"", ""evidence_capture"", ""fastboot"", ""fastbootd"", ""frp_owner_assisted"", ""network_reset"", ""official_rom_flash"", ""ota"", ""recovery"", ""sim_reset"", ""storage_health_read"", ""thermal_read"", ""touch_grid_test"", ""verified_boot""]","[""edl_requires_signed_programmer"", ""pre_install_required:needs_specific_android_fw"", ""recovery_flash_target_is:boot""]","[""lineageos"", ""seed"", ""play"", ""ift""]",desconocido,,,Sony
yuga,,sony,Xperia Z,Qualcomm APQ8064 Snapdragon S4 Pro,qualcomm,apq8064,[],2330,5,1080x1920,,,,,boot,fastboot_sony,EDL 900E / 9008 (Sahara + Firehose XML),1,"[""a_only"", ""adb"", ""battery_calibration"", ""battery_health_read"", ""display_pwm_test"", ""edl"", ""evidence_capture"", ""fastboot"", ""frp_owner_assisted"", ""network_reset"", ""official_rom_flash"", ""ota"", ""recovery"", ""sim_reset"", ""storage_health_read"", ""thermal_read"", ""touch_grid_test""]","[""edl_requires_signed_programmer"", ""recovery_flash_target_is:boot""]","[""lineageos"", ""seed"", ""ift""]",desconocido,,,Sony
z3,,sony,Xperia Z3,Qualcomm MSM8974AC Snapdragon 801,qualcomm,msm8974,"[""D6603""]",2600,5.2,1920x1080,17,,1,avb,recovery,fastboot_sony,EDL 900E / 9008 (Sahara + Firehose XML),1,"[""a_only"", ""adb"", ""battery_calibration"", ""battery_health_read"", ""display_pwm_test"", ""dynamic_partitions"", ""edl"", ""evidence_capture"", ""fastboot"", ""fastbootd"", ""frp_owner_assisted"", ""network_reset"", ""official_rom_flash"", ""ota"", ""recovery"", ""sim_reset"", ""storage_health_read"", ""thermal_read"", ""touch_grid_test"", ""verified_boot""]","[""edl_requires_signed_programmer"", ""pre_install_required:shinano""]","[""lineageos"", ""seed"", ""play"", ""ift""]",desconocido,,,Sony
z3c,,sony,Xperia Z3 Compact,Qualcomm MSM8974AC Snapdragon 801,qualcomm,msm8974,"[""D5803"", ""D5833""]",2600,4.6,1280x720,17,,1,avb,recovery,fastboot_sony,EDL 900E / 9008 (Sahara + Firehose XML),1,"[""a_only"", ""adb"", ""battery_calibration"", ""battery_health_read"", ""display_pwm_test"", ""dynamic_partitions"", ""edl"", ""evidence_capture"", ""fastboot"", ""fastbootd"", ""frp_owner_assisted"", ""network_reset"", ""official_rom_flash"", ""ota"", ""recovery"", ""sim_reset"", ""storage_health_read"", ""thermal_read"", ""touch_grid_test"", ""verified_boot""]","[""edl_requires_signed_programmer"", ""pre_install_required:shinano""]","[""lineageos"", ""seed"", ""play"", ""ift""]",desconocido,,,Sony
casuarina,1,vsmart,Joy 3,Qualcomm SDM632 Snapdragon 632,qualcomm,msm8953,"[""V430A""]",5000,6.5,1600x720,21,,1,avb,recovery,fastboot_generic,EDL 900E / 9008 (Sahara + Firehose XML),1,"[""a_only"", ""adb"", ""battery_calibration"", ""battery_health_read"", ""display_pwm_test"", ""dynamic_partitions"", ""edl"", ""evidence_capture"", ""fastboot"", ""fastbootd"", ""frp_owner_assisted"", ""network_reset"", ""official_rom_flash"", ""ota"", ""recovery"", ""sim_reset"", ""storage_health_read"", ""thermal_read"", ""touch_grid_test"", ""verified_boot""]","[""edl_requires_signed_programmer""]","[""lineageos"", ""seed"", ""ift""]",desconocido,,,Vsmart
casuarina,2,vsmart,Joy 3+,Qualcomm SDM632 Snapdragon 632,qualcomm,msm8953,"[""V430E""]",5000,6.5,1600x720,21,,1,avb,recovery,fastboot_generic,EDL 900E / 9008 (Sahara + Firehose XML),1,"[""a_only"", ""adb"", ""battery_calibration"", ""battery_health_read"", ""display_pwm_test"", ""dynamic_partitions"", ""edl"", ""evidence_capture"", ""fastboot"", ""fastbootd"", ""frp_owner_assisted"", ""network_reset"", ""official_rom_flash"", ""ota"", ""recovery"", ""sim_reset"", ""storage_health_read"", ""thermal_read"", ""touch_grid_test"", ""verified_boot""]","[""edl_requires_signed_programmer""]","[""lineageos"", ""seed"", ""play"", ""ift""]",desconocido,,,Vsmart
dopinder,,walmart,onn. TV Box 4K (2021),Amlogic S905Y2,amlogic,,[],,,,21,,1,avb,recovery,fastboot_nexus,,,"[""a_only"", ""adb"", ""battery_calibration"", ""battery_health_read"", ""display_pwm_test"", ""dynamic_partitions"", ""evidence_capture"", ""fastboot"", ""fastbootd"", ""frp_owner_assisted"", ""network_reset"", ""official_rom_flash"", ""ota"", ""recovery"", ""sim_reset"", ""storage_health_read"", ""thermal_read"", ""touch_grid_test"", ""unlock_official"", ""verified_boot""]","[""pre_install_required:g12-locked""]","[""lineageos"", ""ift""]",desconocido,,,Walmart
crackling,,wileyfox,Swift,Qualcomm MSM8916 Snapdragon 410,qualcomm,,[],2500,5,1280x720,16,,1,avb,recovery,fastboot_nexus,EDL 900E / 9008 (Sahara + Firehose XML),1,"[""a_only"", ""adb"", ""battery_calibration"", ""battery_health_read"", ""display_pwm_test"", ""dynamic_partitions"", ""edl"", ""evidence_capture"", ""fastboot"", ""fastbootd"", ""frp_owner_assisted"", ""network_reset"", ""official_rom_flash"", ""ota"", ""recovery"", ""sim_reset"", ""storage_health_read"", ""thermal_read"", ""touch_grid_test"", ""unlock_official"", ""verified_boot""]","[""edl_requires_signed_programmer""]","[""lineageos"", ""seed"", ""play"", ""ift""]",desconocido,,,Wileyfox
kipper,,wileyfox,Storm,Qualcomm MSM8939 Snapdragon 615,qualcomm,,[],2500,5.5,1920x1080,,,,,recovery,fastboot_nexus,EDL 900E / 9008 (Sahara + Firehose XML),1,"[""a_only"", ""adb"", ""battery_calibration"", ""battery_health_read"", ""display_pwm_test"", ""edl"", ""evidence_capture"", ""fastboot"", ""frp_owner_assisted"", ""network_reset"", ""official_rom_flash"", ""ota"", ""recovery"", ""sim_reset"", ""storage_health_read"", ""thermal_read"", ""touch_grid_test"", ""unlock_official""]","[""edl_requires_signed_programmer""]","[""lineageos"", ""seed"", ""play"", ""ift""]",desconocido,,,Wileyfox
wt88047,,wingtech,Redmi 2,Qualcomm MSM8916 Snapdragon 410,qualcomm,msm8916,[],2200,4.7,720x1280,16,,1,avb,recovery,fastboot_unlocked,EDL 900E / 9008 (Sahara + Firehose XML),1,"[""a_only"", ""adb"", ""battery_calibration"", ""battery_health_read"", ""display_pwm_test"", ""dynamic_partitions"", ""edl"", ""evidence_capture"", ""fastboot"", ""fastbootd"", ""frp_owner_assisted"", ""network_reset"", ""official_rom_flash"", ""ota"", ""recovery"", ""sim_reset"", ""storage_health_read"", ""thermal_read"", ""touch_grid_test"", ""unlock_official"", ""verified_boot""]","[""edl_requires_signed_programmer""]","[""lineageos"", ""seed"", ""ift""]",desconocido,,,Wingtech
Mi439,1,xiaomi,Redmi 7A,Qualcomm SDM439 Snapdragon 439,qualcomm,msm8937,"[""M1903C3EC"", ""M1903C3EE"", ""M1903C3EG"", ""M1903C3EH"", ""M1903C3EI"", ""M1903C3ET""]",4000,5.45,720x1440,22,,1,avb,recovery,fastboot_xiaomi,EDL 900E / 9008 (Sahara + Firehose XML),1,"[""a_only"", ""adb"", ""battery_calibration"", ""battery_health_read"", ""display_pwm_test"", ""dynamic_partitions"", ""edl"", ""evidence_capture"", ""fastboot"", ""fastbootd"", ""frp_owner_assisted"", ""network_reset"", ""official_rom_flash"", ""ota"", ""recovery"", ""sim_reset"", ""storage_health_read"", ""thermal_read"", ""touch_grid_test"", ""verified_boot""]","[""edl_requires_signed_programmer"", ""pre_install_required:needs_specific_android_fw""]","[""lineageos"", ""seed"", ""ift""]",desconocido,,,Xiaomi
Mi439,2,xiaomi,Redmi 8,Qualcomm SDM439 Snapdragon 439,qualcomm,msm8937,"[""M1908C3IC"", ""M1908C3IE"", ""M1908C3IG"", ""M1908C3IH"", ""M1908C3II""]",5000,6.22,720x1520,22,,1,avb,recovery,fastboot_xiaomi,EDL 900E / 9008 (Sahara + Firehose XML),1,"[""a_only"", ""adb"", ""battery_calibration"", ""battery_health_read"", ""display_pwm_test"", ""dynamic_partitions"", ""edl"", ""evidence_capture"", ""fastboot"", ""fastbootd"", ""frp_owner_assisted"", ""network_reset"", ""official_rom_flash"", ""ota"", ""recovery"", ""sim_reset"", ""storage_health_read"", ""thermal_read"", ""touch_grid_test"", ""verified_boot""]","[""edl_requires_signed_programmer"", ""pre_install_required:needs_specific_android_fw""]","[""lineageos"", ""seed"", ""ift""]",desconocido,,,Xiaomi
Mi439,3,xiaomi,Redmi 8A,Qualcomm SDM439 Snapdragon 439,qualcomm,msm8937,"[""M1908C3KE"", ""M1908C3KG"", ""M1908C3KH"", ""M1908C3KI""]",5000,6.22,720x1520,22,,1,avb,recovery,fastboot_xiaomi,EDL 900E / 9008 (Sahara + Firehose XML),1,"[""a_only"", ""adb"", ""battery_calibration"", ""battery_health_read"", ""display_pwm_test"", ""dynamic_partitions"", ""edl"", ""evidence_capture"", ""fastboot"", ""fastbootd"", ""frp_owner_assisted"", ""network_reset"", ""official_rom_flash"", ""ota"", ""recovery"", ""sim_reset"", ""storage_health_read"", ""thermal_read"", ""touch_grid_test"", ""verified_boot""]","[""edl_requires_signed_programmer"", ""pre_install_required:needs_specific_android_fw""]","[""lineageos"", ""seed"", ""ift""]",desconocido,,,Xiaomi
Mi439,4,xiaomi,Redmi 8A Dual,Qualcomm SDM439 Snapdragon 439,qualcomm,msm8937,"[""M2001C3K3I""]",5000,6.22,720x1520,22,,1,avb,recovery,fastboot_xiaomi,EDL 900E / 9008 (Sahara + Firehose XML),1,"[""a_only"", ""adb"", ""battery_calibration"", ""battery_health_read"", ""display_pwm_test"", ""dynamic_partitions"", ""edl"", ""evidence_capture"", ""fastboot"", ""fastbootd"", ""frp_owner_assisted"", ""network_reset"", ""official_rom_flash"", ""ota"", ""recovery"", ""sim_reset"", ""storage_health_read"", ""thermal_read"", ""touch_grid_test"", ""verified_boot""]","[""edl_requires_signed_programmer"", ""pre_install_required:needs_specific_android_fw""]","[""lineageos"", ""seed"", ""ift""]",desconocido,,,Xiaomi
Mi8917,1,xiaomi,Redmi 4A,Qualcomm MSM8917 Snapdragon 425,qualcomm,msm8937,"[""2016111"", ""2016112"", ""2016116"", ""2016117""]",3120,5,720x1280,22,,1,avb,recovery,fastboot_xiaomi,EDL 900E / 9008 (Sahara + Firehose XML),1,"[""a_only"", ""adb"", ""battery_calibration"", ""battery_health_read"", ""display_pwm_test"", ""dynamic_partitions"", ""edl"", ""evidence_capture"", ""fastboot"", ""fastbootd"", ""frp_owner_assisted"", ""network_reset"", ""official_rom_flash"", ""ota"", ""recovery"", ""sim_reset"", ""storage_health_read"", ""thermal_read"", ""touch_grid_test"", ""verified_boot""]","[""edl_requires_signed_programmer""]","[""lineageos"", ""seed"", ""ift""]",desconocido,,,Xiaomi
Mi8917,2,xiaomi,Redmi 5A,Qualcomm MSM8917 Snapdragon 425,qualcomm,msm8937,"[""MCE3B"", ""MCG3B"", ""MCI3B"", ""MCT3B""]",3000,5,720x1280,22,,1,avb,recovery,fastboot_xiaomi,EDL 900E / 9008 (Sahara + Firehose XML),1,"[""a_only"", ""adb"", ""battery_calibration"", ""battery_health_read"", ""display_pwm_test"", ""dynamic_partitions"", ""edl"", ""evidence_capture"", ""fastboot"", ""fastbootd"", ""frp_owner_assisted"", ""network_reset"", ""official_rom_flash"", ""ota"", ""recovery"", ""sim_reset"", ""storage_health_read"", ""thermal_read"", ""touch_grid_test"", ""verified_boot""]","[""edl_requires_signed_programmer"", ""pre_install_required:needs_specific_android_fw""]","[""lineageos"", ""seed"", ""ift""]",desconocido,,,Xiaomi
Mi8917,3,xiaomi,Redmi Note 5A Lite,Qualcomm MSM8917 Snapdragon 425,qualcomm,msm8937,"[""MDE6"", ""MDG6"", ""MDT6""]",3080,5.5,720x1280,22,,1,avb,recovery,fastboot_xiaomi,EDL 900E / 9008 (Sahara + Firehose XML),1,"[""a_only"", ""adb"", ""battery_calibration"", ""battery_health_read"", ""display_pwm_test"", ""dynamic_partitions"", ""edl"", ""evidence_capture"", ""fastboot"", ""fastbootd"", ""frp_owner_assisted"", ""network_reset"", ""official_rom_flash"", ""ota"", ""recovery"", ""sim_reset"", ""storage_health_read"", ""thermal_read"", ""touch_grid_test"", ""verified_boot""]","[""edl_requires_signed_programmer""]","[""lineageos"", ""seed"", ""ift""]",desconocido,,,Xiaomi
Mi8917,4,xiaomi,Redmi Y1 Lite,Qualcomm MSM8917 Snapdragon 425,qualcomm,msm8937,"[""MDI6""]",3080,5.5,720x1280,22,,1,avb,recovery,fastboot_xiaomi,EDL 900E / 9008 (Sahara + Firehose XML),1,"[""a_only"", ""adb"", ""battery_calibration"", ""battery_health_read"", ""display_pwm_test"", ""dynamic_partitions"", ""edl"", ""evidence_capture"", ""fastboot"", ""fastbootd"", ""frp_owner_assisted"", ""network_reset"", ""official_rom_flash"", ""ota"", ""recovery"", ""sim_reset"", ""storage_health_read"", ""thermal_read"", ""touch_grid_test"", ""verified_boot""]","[""edl_requires_signed_programmer""]","[""lineageos"", ""seed"", ""ift""]",desconocido,,,Xiaomi
Mi8937,1,xiaomi,Redmi 3S,Qualcomm MSM8937 Snapdragon 430,qualcomm,msm8937,"[""2016031"", ""2016037"", ""2016032"", ""2016030""]",4100,5,720x1280,22,,1,avb,recovery,fastboot_xiaomi,EDL 900E / 9008 (Sahara + Firehose XML),1,"[""a_only"", ""adb"", ""battery_calibration"", ""battery_health_read"", ""display_pwm_test"", ""dynamic_partitions"", ""edl"", ""evidence_capture"", ""fastboot"", ""fastbootd"", ""frp_owner_assisted"", ""network_reset"", ""official_rom_flash"", ""ota"", ""recovery"", ""sim_reset"", ""storage_health_read"", ""thermal_read"", ""touch_grid_test"", ""verified_boot""]","[""edl_requires_signed_programmer""]","[""lineageos"", ""seed"", ""ift""]",desconocido,,,Xiaomi
Mi8937,2,xiaomi,Redmi 3X,Qualcomm MSM8937 Snapdragon 430,qualcomm,msm8937,"[""2016036"", ""2016035"", ""2016033""]",4100,5,720x1280,22,,1,avb,recovery,fastboot_xiaomi,EDL 900E / 9008 (Sahara + Firehose XML),1,"[""a_only"", ""adb"", ""battery_calibration"", ""battery_health_read"", ""display_pwm_test"", ""dynamic_partitions"", ""edl"", ""evidence_capture"", ""fastboot"", ""fastbootd"", ""frp_owner_assisted"", ""network_reset"", ""official_rom_flash"", ""ota"", ""recovery"", ""sim_reset"", ""storage_health_read"", ""thermal_read"", ""touch_grid_test"", ""verified_boot""]","[""edl_requires_signed_programmer""]","[""lineageos"", ""seed"", ""ift""]",desconocido,,,Xiaomi
Mi8937,3,xiaomi,Redmi 4 (India),Qualcomm MSM8940 Snapdragon 435,qualcomm,msm8937,"[""MAI132""]",4100,5,720x1280,22,,1,avb,recovery,fastboot_xiaomi,EDL 900E / 9008 (Sahara + Firehose XML),1,"[""a_only"", ""adb"", ""battery_calibration"", ""battery_health_read"", ""display_pwm_test"", ""dynamic_partitions"", ""edl"", ""evidence_capture"", ""fastboot"", ""fastbootd"", ""frp_owner_assisted"", ""network_reset"", ""official_rom_flash"", ""ota"", ""recovery"", ""sim_reset"", ""storage_health_read"", ""thermal_read"", ""touch_grid_test"", ""verified_boot""]","[""edl_requires_signed_programmer""]","[""lineageos"", ""seed"", ""ift""]",desconocido,,,Xiaomi
Mi8937,4,xiaomi,Redmi 4X,Qualcomm MSM8940 Snapdragon 435,qualcomm,msm8937,"[""MAG138"", ""MAE136"", ""MAT136""]",4100,5,720x1280,22,,1,avb,recovery,fastboot_xiaomi,EDL 900E / 9008 (Sahara + Firehose XML),1,"[""a_only"", ""adb"", ""battery_calibration"", ""battery_health_read"", ""display_pwm_test"", ""dynamic_partitions"", ""edl"", ""evidence_capture"", ""fastboot"", ""fastbootd"", ""frp_owner_assisted"", ""network_reset"", ""official_rom_flash"", ""ota"", ""recovery"", ""sim_reset"", ""storage_health_read"", ""thermal_read"", ""touch_grid_test"", ""verified_boot""]","[""edl_requires_signed_programmer""]","[""lineageos"", ""seed"", ""ift""]",desconocido,,,Xiaomi
Mi8937,5,xiaomi,Redmi Note 5A Prime,Qualcomm MSM8940 Snapdragon 435,qualcomm,msm8937,"[""MDE6S"", ""MDG6S"", ""MDT6S""]",3080,5.5,720x1280,22,,1,avb,recovery,fastboot_xiaomi,EDL 900E / 9008 (Sahara + Firehose XML),1,"[""a_only"", ""adb"", ""battery_calibration"", ""battery_health_read"", ""display_pwm_test"", ""dynamic_partitions"", ""edl"", ""evidence_capture"", ""fastboot"", ""fastbootd"", ""frp_owner_assisted"", ""network_reset"", ""official_rom_flash"", ""ota"", ""recovery"", ""sim_reset"", ""storage_health_read"", ""thermal_read"", ""touch_grid_test"", ""verified_boot""]","[""edl_requires_signed_programmer""]","[""lineageos"", ""seed"", ""ift""]",desconocido,,,Xiaomi
Mi8937,6,xiaomi,Redmi Y1 Prime,Qualcomm MSM8940 Snapdragon 435,qualcomm,msm8937,"[""MDI6S""]",3080,5.5,720x1280,22,,1,avb,recovery,fastboot_xiaomi,EDL 900E / 9008 (Sahara + Firehose XML),1,"[""a_only"", ""adb"", ""battery_calibration"", ""battery_health_read"", ""display_pwm_test"", ""dynamic_partitions"", ""edl"", ""evidence_capture"", ""fastboot"", ""fastbootd"", ""frp_owner_assisted"", ""network_reset"", ""official_rom_flash"", ""ota"", ""recovery"", ""sim_reset"", ""storage_health_read"", ""thermal_read"", ""touch_grid_test"", ""verified_boot""]","[""edl_requires_signed_programmer""]","[""lineageos"", ""seed"", ""ift""]",desconocido,,,Xiaomi
alioth,1,xiaomi,POCO F3,Qualcomm SM8250-AC Snapdragon 870,qualcomm,sm8250,"[""M2012K11AG""]",4520,6.67,1080x2400,22,1,1,avb,vendor_boot,fastboot_xiaomi_hyperos,EDL 900E / 9008 (Sahara + Firehose XML),1,"[""a_b_slots"", ""adb"", ""battery_calibration"", ""battery_health_read"", ""display_pwm_test"", ""dynamic_partitions"", ""edl"", ""evidence_capture"", ""fastboot"", ""fastbootd"", ""frp_owner_assisted"", ""network_reset"", ""official_rom_flash"", ""ota"", ""recovery"", ""sim_reset"", ""storage_health_read"", ""thermal_read"", ""touch_grid_test"", ""verified_boot""]","[""edl_requires_signed_programmer"", ""pre_install_required:needs_specific_android_fw"", ""recovery_flash_target_is:vendor_boot""]","[""lineageos"", ""seed"", ""ift""]",desconocido,,,Xiaomi
alioth,2,xiaomi,Redmi K40,Qualcomm SM8250-AC Snapdragon 870,qualcomm,sm8250,"[""M2012K11AC""]",4520,6.67,1080x2400,22,1,1,avb,vendor_boot,fastboot_xiaomi_hyperos,EDL 900E / 9008 (Sahara + Firehose XML),1,"[""a_b_slots"", ""adb"", ""battery_calibration"", ""battery_health_read"", ""display_pwm_test"", ""dynamic_partitions"", ""edl"", ""evidence_capture"", ""fastboot"", ""fastbootd"", ""frp_owner_assisted"", ""network_reset"", ""official_rom_flash"", ""ota"", ""recovery"", ""sim_reset"", ""storage_health_read"", ""thermal_read"", ""touch_grid_test"", ""verified_boot""]","[""edl_requires_signed_programmer"", ""pre_install_required:needs_specific_android_fw"", ""recovery_flash_target_is:vendor_boot""]","[""lineageos"", ""seed"", ""ift""]",desconocido,,,Xiaomi
alioth,3,xiaomi,Mi 11X,Qualcomm SM8250-AC Snapdragon 870,qualcomm,sm8250,"[""M2012K11AI""]",4520,6.67,1080x2400,22,1,1,avb,vendor_boot,fastboot_xiaomi_hyperos,EDL 900E / 9008 (Sahara + Firehose XML),1,"[""a_b_slots"", ""adb"", ""battery_calibration"", ""battery_health_read"", ""display_pwm_test"", ""dynamic_partitions"", ""edl"", ""evidence_capture"", ""fastboot"", ""fastbootd"", ""frp_owner_assisted"", ""network_reset"", ""official_rom_flash"", ""ota"", ""recovery"", ""sim_reset"", ""storage_health_read"", ""thermal_read"", ""touch_grid_test"", ""verified_boot""]","[""edl_requires_signed_programmer"", ""pre_install_required:needs_specific_android_fw"", ""recovery_flash_target_is:vendor_boot""]","[""lineageos"", ""seed"", ""play"", ""ift""]",desconocido,,,Xiaomi
apollon,1,xiaomi,Mi 10T,Qualcomm SM8250 Snapdragon 865,qualcomm,sm8250,"[""M2007J3SY""]",5000,6.67,1080x2400,22,,1,avb,recovery,fastboot_xiaomi,EDL 900E / 9008 (Sahara + Firehose XML),1,"[""a_only"", ""adb"", ""battery_calibration"", ""battery_health_read"", ""display_pwm_test"", ""dynamic_partitions"", ""edl"", ""evidence_capture"", ""fastboot"", ""fastbootd"", ""frp_owner_assisted"", ""network_reset"", ""official_rom_flash"", ""ota"", ""recovery"", ""sim_reset"", ""storage_health_read"", ""thermal_read"", ""touch_grid_test"", ""verified_boot""]","[""edl_requires_signed_programmer"", ""pre_install_required:needs_specific_android_fw""]","[""lineageos"", ""seed"", ""play"", ""ift""]",desconocido,,,Xiaomi
apollon,2,xiaomi,Mi 10T Pro,Qualcomm SM8250 Snapdragon 865,qualcomm,sm8250,"[""M2007J3SG""]",5000,6.67,1080x2400,22,,1,avb,recovery,fastboot_xiaomi,EDL 900E / 9008 (Sahara + Firehose XML),1,"[""a_only"", ""adb"", ""battery_calibration"", ""battery_health_read"", ""display_pwm_test"", ""dynamic_partitions"", ""edl"", ""evidence_capture"", ""fastboot"", ""fastbootd"", ""frp_owner_assisted"", ""network_reset"", ""official_rom_flash"", ""ota"", ""recovery"", ""sim_reset"", ""storage_health_read"", ""thermal_read"", ""touch_grid_test"", ""verified_boot""]","[""edl_requires_signed_programmer"", ""pre_install_required:needs_specific_android_fw""]","[""lineageos"", ""seed"", ""play"", ""ift""]",desconocido,,,Xiaomi
apollon,3,xiaomi,Redmi K30S Ultra,Qualcomm SM8250 Snapdragon 865,qualcomm,sm8250,"[""M2007J3SC""]",5000,6.67,1080x2400,22,,1,avb,recovery,fastboot_xiaomi,EDL 900E / 9008 (Sahara + Firehose XML),1,"[""a_only"", ""adb"", ""battery_calibration"", ""battery_health_read"", ""display_pwm_test"", ""dynamic_partitions"", ""edl"", ""evidence_capture"", ""fastboot"", ""fastbootd"", ""frp_owner_assisted"", ""network_reset"", ""official_rom_flash"", ""ota"", ""recovery"", ""sim_reset"", ""storage_health_read"", ""thermal_read"", ""touch_grid_test"", ""verified_boot""]","[""edl_requires_signed_programmer"", ""pre_install_required:needs_specific_android_fw""]","[""lineageos"", ""seed"", ""play"", ""ift""]",desconocido,,,Xiaomi
armani,,xiaomi,Redmi 1S,Qualcomm MSM8226 Snapdragon 400,qualcomm,armani,[],2000,4.7,720x1280,,,,,recovery,fastboot_xiaomi,EDL 900E / 9008 (Sahara + Firehose XML),1,"[""a_only"", ""adb"", ""battery_calibration"", ""battery_health_read"", ""display_pwm_test"", ""edl"", ""evidence_capture"", ""fastboot"", ""frp_owner_assisted"", ""network_reset"", ""official_rom_flash"", ""ota"", ""recovery"", ""sim_reset"", ""storage_health_read"", ""thermal_read"", ""touch_grid_test""]","[""edl_requires_signed_programmer""]","[""lineageos"", ""seed"", ""play"", ""ift""]",desconocido,,,Xiaomi
beryllium,,xiaomi,POCO F1,Qualcomm SDM845 Snapdragon 845,qualcomm,sdm845,[],4000,6.18,1080x2160,21,,1,avb,recovery,fastboot_xiaomi,EDL 900E / 9008 (Sahara + Firehose XML),1,"[""a_only"", ""adb"", ""battery_calibration"", ""battery_health_read"", ""display_pwm_test"", ""dynamic_partitions"", ""edl"", ""evidence_capture"", ""fastboot"", ""fastbootd"", ""frp_owner_assisted"", ""network_reset"", ""official_rom_flash"", ""ota"", ""recovery"", ""sim_reset"", ""storage_health_read"", ""thermal_read"", ""touch_grid_test"", ""verified_boot""]","[""edl_requires_signed_programmer"", ""pre_install_required:needs_specific_android_fw""]","[""lineageos"", ""seed"", ""play"", ""ift""]",desconocido,,,Xiaomi
cancro,1,xiaomi,Mi 3,Qualcomm MSM8974 Snapdragon 800,qualcomm,cancro,[],3050,5,1080x1920,,,,,recovery,fastboot_xiaomi,EDL 900E / 9008 (Sahara + Firehose XML),1,"[""a_only"", ""adb"", ""battery_calibration"", ""battery_health_read"", ""display_pwm_test"", ""edl"", ""evidence_capture"", ""fastboot"", ""frp_owner_assisted"", ""network_reset"", ""official_rom_flash"", ""ota"", ""recovery"", ""sim_reset"", ""storage_health_read"", ""thermal_read"", ""touch_grid_test""]","[""edl_requires_signed_programmer""]","[""lineageos"", ""seed"", ""ift""]",desconocido,,,Xiaomi
cancro,2,xiaomi,Mi 4,Qualcomm MSM8974AC Snapdragon 801,qualcomm,cancro,[],3080,5,1080x1920,,,,,recovery,fastboot_xiaomi,EDL 900E / 9008 (Sahara + Firehose XML),1,"[""a_only"", ""adb"", ""battery_calibration"", ""battery_health_read"", ""display_pwm_test"", ""edl"", ""evidence_capture"", ""fastboot"", ""frp_owner_assisted"", ""network_reset"", ""official_rom_flash"", ""ota"", ""recovery"", ""sim_reset"", ""storage_health_read"", ""thermal_read"", ""touch_grid_test""]","[""edl_requires_signed_programmer""]","[""lineageos"", ""seed"", ""play"", ""ift""]",desconocido,,,Xiaomi
capricorn,,xiaomi,Mi 5s,Qualcomm MSM8996 Pro Snapdragon 821,qualcomm,msm8996,[],3200,5.15,1080x1920,,,,,recovery,fastboot_xiaomi,EDL 900E / 9008 (Sahara + Firehose XML),1,"[""a_only"", ""adb"", ""battery_calibration"", ""battery_health_read"", ""display_pwm_test"", ""edl"", ""evidence_capture"", ""fastboot"", ""frp_owner_assisted"", ""network_reset"", ""official_rom_flash"", ""ota"", ""recovery"", ""sim_reset"", ""storage_health_read"", ""thermal_read"", ""touch_grid_test""]","[""edl_requires_signed_programmer""]","[""lineageos"", ""seed"", ""play"", ""ift""]",desconocido,,,Xiaomi
cas,,xiaomi,Mi 10 Ultra,Qualcomm SM8250 Snapdragon 865,qualcomm,sm8250,"[""M2007J1SC""]",4500,6.67,1080x2340,22,,1,avb,recovery,fastboot_xiaomi_hyperos,EDL 900E / 9008 (Sahara + Firehose XML),1,"[""a_only"", ""adb"", ""battery_calibration"", ""battery_health_read"", ""display_pwm_test"", ""dynamic_partitions"", ""edl"", ""evidence_capture"", ""fastboot"", ""fastbootd"", ""frp_owner_assisted"", ""network_reset"", ""official_rom_flash"", ""ota"", ""recovery"", ""sim_reset"", ""storage_health_read"", ""thermal_read"", ""touch_grid_test"", ""verified_boot""]","[""edl_requires_signed_programmer"", ""pre_install_required:needs_specific_android_fw""]","[""lineageos"", ""seed"", ""play"", ""ift""]",desconocido,,,Xiaomi
chiron,,xiaomi,Mi MIX 2,Qualcomm MSM8998 Snapdragon 835,qualcomm,msm8998,[],3400,5.99,2160x1080,21,,1,avb,recovery,fastboot_xiaomi,EDL 900E / 9008 (Sahara + Firehose XML),1,"[""a_only"", ""adb"", ""battery_calibration"", ""battery_health_read"", ""display_pwm_test"", ""dynamic_partitions"", ""edl"", ""evidence_capture"", ""fastboot"", ""fastbootd"", ""frp_owner_assisted"", ""network_reset"", ""official_rom_flash"", ""ota"", ""recovery"", ""sim_reset"", ""storage_health_read"", ""thermal_read"", ""touch_grid_test"", ""verified_boot""]","[""edl_requires_signed_programmer""]","[""lineageos"", ""seed"", ""play"", ""ift""]",desconocido,,,Xiaomi
cmi,,xiaomi,Mi 10 Pro,Qualcomm SM8250 Snapdragon 865,qualcomm,sm8250,"[""M2001J1G""]",4500,6.67,1080x2340,22,,1,avb,recovery,fastboot_xiaomi_hyperos,EDL 900E / 9008 (Sahara + Firehose XML),1,"[""a_only"", ""adb"", ""battery_calibration"", ""battery_health_read"", ""display_pwm_test"", ""dynamic_partitions"", ""edl"", ""evidence_capture"", ""fastboot"", ""fastbootd"", ""frp_owner_assisted"", ""network_reset"", ""official_rom_flash"", ""ota"", ""recovery"", ""sim_reset"", ""storage_health_read"", ""thermal_read"", ""touch_grid_test"", ""verified_boot""]","[""edl_requires_signed_programmer"", ""pre_install_required:needs_specific_android_fw""]","[""lineageos"", ""seed"", ""play"", ""ift""]",desconocido,,,Xiaomi
cupid,,xiaomi,12,Qualcomm SM8450 Snapdragon 8 Gen1,qualcomm,sm8450,"[""2201123C"", ""2201123G""]",4500,6.28,1080x2400,22,1,1,avb,recovery,fastboot_xiaomi,EDL 900E / 9008 (Sahara + Firehose XML),1,"[""a_b_slots"", ""adb"", ""battery_calibration"", ""battery_health_read"", ""display_pwm_test"", ""dynamic_partitions"", ""edl"", ""evidence_capture"", ""fastboot"", ""fastbootd"", ""frp_owner_assisted"", ""network_reset"", ""official_rom_flash"", ""ota"", ""recovery"", ""sim_reset"", ""storage_health_read"", ""thermal_read"", ""touch_grid_test"", ""verified_boot""]","[""edl_requires_signed_programmer"", ""pre_install_required:needs_specific_android_fw""]","[""lineageos"", ""seed"", ""play"", ""ift""]",desconocido,,,Xiaomi
davinci,1,xiaomi,Mi 9T,Qualcomm SM7150-AA Snapdragon 730,qualcomm,sm6150,"[""M1903F10G""]",4000,6.39,2340x1080,22,,1,avb,recovery,fastboot_xiaomi,EDL 900E / 9008 (Sahara + Firehose XML),1,"[""a_only"", ""adb"", ""battery_calibration"", ""battery_health_read"", ""display_pwm_test"", ""dynamic_partitions"", ""edl"", ""evidence_capture"", ""fastboot"", ""fastbootd"", ""frp_owner_assisted"", ""network_reset"", ""official_rom_flash"", ""ota"", ""recovery"", ""sim_reset"", ""storage_health_read"", ""thermal_read"", ""touch_grid_test"", ""verified_boot""]","[""edl_requires_signed_programmer"", ""pre_install_required:needs_specific_android_fw""]","[""lineageos"", ""seed"", ""ift""]",desconocido,,,Xiaomi
davinci,2,xiaomi,Redmi K20 (China),Qualcomm SM7150-AA Snapdragon 730,qualcomm,sm6150,"[""M1903F10A"", ""M1903F10C""]",4000,6.39,2340x1080,22,,1,avb,recovery,fastboot_xiaomi,EDL 900E / 9008 (Sahara + Firehose XML),1,"[""a_only"", ""adb"", ""battery_calibration"", ""battery_health_read"", ""display_pwm_test"", ""dynamic_partitions"", ""edl"", ""evidence_capture"", ""fastboot"", ""fastbootd"", ""frp_owner_assisted"", ""network_reset"", ""official_rom_flash"", ""ota"", ""recovery"", ""sim_reset"", ""storage_health_read"", ""thermal_read"", ""touch_grid_test"", ""verified_boot""]","[""edl_requires_signed_programmer"", ""pre_install_required:needs_specific_android_fw""]","[""lineageos"", ""seed"", ""ift""]",desconocido,,,Xiaomi
davinci,3,xiaomi,Redmi K20 (India),Qualcomm SM7150-AA Snapdragon 730,qualcomm,sm6150,"[""M1903F10I""]",4000,6.39,2340x1080,22,,1,avb,recovery,fastboot_xiaomi,EDL 900E / 9008 (Sahara + Firehose XML),1,"[""a_only"", ""adb"", ""battery_calibration"", ""battery_health_read"", ""display_pwm_test"", ""dynamic_partitions"", ""edl"", ""evidence_capture"", ""fastboot"", ""fastbootd"", ""frp_owner_assisted"", ""network_reset"", ""official_rom_flash"", ""ota"", ""recovery"", ""sim_reset"", ""storage_health_read"", ""thermal_read"", ""touch_grid_test"", ""verified_boot""]","[""edl_requires_signed_programmer"", ""pre_install_required:needs_specific_android_fw""]","[""lineageos"", ""seed"", ""play"", ""ift""]",desconocido,,,Xiaomi
dipper,,xiaomi,Mi 8,Qualcomm SDM845 Snapdragon 845,qualcomm,sdm845,[],3400,6.21,1080x2248,21,,1,avb,recovery,fastboot_xiaomi,EDL 900E / 9008 (Sahara + Firehose XML),1,"[""a_only"", ""adb"", ""battery_calibration"", ""battery_health_read"", ""display_pwm_test"", ""dynamic_partitions"", ""edl"", ""evidence_capture"", ""fastboot"", ""fastbootd"", ""frp_owner_assisted"", ""network_reset"", ""official_rom_flash"", ""ota"", ""recovery"", ""sim_reset"", ""storage_health_read"", ""thermal_read"", ""touch_grid_test"", ""verified_boot""]","[""edl_requires_signed_programmer"", ""pre_install_required:needs_specific_android_fw""]","[""lineageos"", ""seed"", ""play"", ""ift""]",desconocido,,,Xiaomi
diting,1,xiaomi,12T Pro,Qualcomm SM8475 Snapdragon 8+ Gen1,qualcomm,sm8450,"[""22081212UG"", ""22081212R"", ""22200414R"", ""A201XM""]",5000,6.67,1220x2712,22,1,1,avb,recovery,fastboot_xiaomi,EDL 900E / 9008 (Sahara + Firehose XML),1,"[""a_b_slots"", ""adb"", ""battery_calibration"", ""battery_health_read"", ""display_pwm_test"", ""dynamic_partitions"", ""edl"", ""evidence_capture"", ""fastboot"", ""fastbootd"", ""frp_owner_assisted"", ""network_reset"", ""official_rom_flash"", ""ota"", ""recovery"", ""sim_reset"", ""storage_health_read"", ""thermal_read"", ""touch_grid_test"", ""verified_boot""]","[""edl_requires_signed_programmer"", ""pre_install_required:needs_specific_android_fw""]","[""lineageos"", ""seed"", ""ift""]",desconocido,,,Xiaomi
diting,2,xiaomi,Redmi K50 Ultra,Qualcomm SM8475 Snapdragon 8+ Gen1,qualcomm,sm8450,"[""22081212C""]",5000,6.67,1220x2712,22,1,1,avb,recovery,fastboot_xiaomi,EDL 900E / 9008 (Sahara + Firehose XML),1,"[""a_b_slots"", ""adb"", ""battery_calibration"", ""battery_health_read"", ""display_pwm_test"", ""dynamic_partitions"", ""edl"", ""evidence_capture"", ""fastboot"", ""fastbootd"", ""frp_owner_assisted"", ""network_reset"", ""official_rom_flash"", ""ota"", ""recovery"", ""sim_reset"", ""storage_health_read"", ""thermal_read"", ""touch_grid_test"", ""verified_boot""]","[""edl_requires_signed_programmer"", ""pre_install_required:needs_specific_android_fw""]","[""lineageos"", ""seed"", ""play"", ""ift""]",desconocido,,,Xiaomi
earth,1,xiaomi,Redmi 12C,Mediatek Helio G85,mediatek,earth,[],5000,6.71,720x1650,22,1,1,avb,boot,fastboot_xiaomi,BROM 0E8D:0000 / Preloader 0E8D:0001 (BROM + DA agent),1,"[""a_b_slots"", ""adb"", ""battery_calibration"", ""battery_health_read"", ""brom"", ""display_pwm_test"", ""dynamic_partitions"", ""evidence_capture"", ""fastboot"", ""fastbootd"", ""frp_owner_assisted"", ""network_reset"", ""official_rom_flash"", ""ota"", ""recovery"", ""sim_reset"", ""storage_health_read"", ""thermal_read"", ""touch_grid_test"", ""verified_boot""]","[""brom_requires_da_agent"", ""recovery_flash_target_is:boot""]","[""lineageos"", ""seed"", ""ift""]",desconocido,,,Xiaomi
earth,2,xiaomi,Redmi 12C NFC,Mediatek Helio G85,mediatek,earth,[],5000,6.71,720x1650,22,1,1,avb,boot,fastboot_xiaomi,BROM 0E8D:0000 / Preloader 0E8D:0001 (BROM + DA agent),1,"[""a_b_slots"", ""adb"", ""battery_calibration"", ""battery_health_read"", ""brom"", ""display_pwm_test"", ""dynamic_partitions"", ""evidence_capture"", ""fastboot"", ""fastbootd"", ""frp_owner_assisted"", ""network_reset"", ""official_rom_flash"", ""ota"", ""recovery"", ""sim_reset"", ""storage_health_read"", ""thermal_read"", ""touch_grid_test"", ""verified_boot""]","[""brom_requires_da_agent"", ""recovery_flash_target_is:boot""]","[""lineageos"", ""seed"", ""ift""]",desconocido,,,Xiaomi
earth,3,xiaomi,POCO C55,Mediatek Helio G85,mediatek,earth,[],5000,6.71,720x1650,22,1,1,avb,boot,fastboot_xiaomi,BROM 0E8D:0000 / Preloader 0E8D:0001 (BROM + DA agent),1,"[""a_b_slots"", ""adb"", ""battery_calibration"", ""battery_health_read"", ""brom"", ""display_pwm_test"", ""dynamic_partitions"", ""evidence_capture"", ""fastboot"", ""fastbootd"", ""frp_owner_assisted"", ""network_reset"", ""official_rom_flash"", ""ota"", ""recovery"", ""sim_reset"", ""storage_health_read"", ""thermal_read"", ""touch_grid_test"", ""verified_boot""]","[""brom_requires_da_agent"", ""recovery_flash_target_is:boot""]","[""lineageos"", ""seed"", ""play"", ""ift""]",desconocido,,,Xiaomi
equuleus,,xiaomi,Mi 8 Pro,Qualcomm SDM845 Snapdragon 845,qualcomm,sdm845,[],3000,6.21,1080x2248,21,,1,avb,recovery,fastboot_xiaomi,EDL 900E / 9008 (Sahara + Firehose XML),1,"[""a_only"", ""adb"", ""battery_calibration"", ""battery_health_read"", ""display_pwm_test"", ""dynamic_partitions"", ""edl"", ""evidence_capture"", ""fastboot"", ""fastbootd"", ""frp_owner_assisted"", ""network_reset"", ""official_rom_flash"", ""ota"", ""recovery"", ""sim_reset"", ""storage_health_read"", ""thermal_read"", ""touch_grid_test"", ""verified_boot""]","[""edl_requires_signed_programmer"", ""pre_install_required:needs_specific_android_fw""]","[""lineageos"", ""seed"", ""play"", ""ift""]",desconocido,,,Xiaomi
fuxi,,xiaomi,13,Qualcomm SM8550 Snapdragon 8 Gen2,qualcomm,sm8550,"[""2211133G"", ""2211133C""]",4500,6.36,2400x1080,22,1,1,avb,recovery,fastboot_xiaomi_hyperos,EDL 900E / 9008 (Sahara + Firehose XML),1,"[""a_b_slots"", ""adb"", ""battery_calibration"", ""battery_health_read"", ""display_pwm_test"", ""dynamic_partitions"", ""edl"", ""evidence_capture"", ""fastboot"", ""fastbootd"", ""frp_owner_assisted"", ""network_reset"", ""official_rom_flash"", ""ota"", ""recovery"", ""sim_reset"", ""storage_health_read"", ""thermal_read"", ""touch_grid_test"", ""verified_boot""]","[""edl_requires_signed_programmer"", ""pre_install_required:needs_specific_android_fw""]","[""lineageos"", ""seed"", ""play"", ""ift""]",desconocido,,,Xiaomi
garnet,1,xiaomi,Redmi Note 13 Pro 5G,Qualcomm SM7435-AB Snapdragon 7s Gen 2,qualcomm,sm7435,"[""2312DRA50G"", ""XIG05""]",5100,6.67,1220x2712,22,1,1,avb,recovery,fastboot_xiaomi,EDL 900E / 9008 (Sahara + Firehose XML),1,"[""a_b_slots"", ""adb"", ""battery_calibration"", ""battery_health_read"", ""display_pwm_test"", ""dynamic_partitions"", ""edl"", ""evidence_capture"", ""fastboot"", ""fastbootd"", ""frp_owner_assisted"", ""network_reset"", ""official_rom_flash"", ""ota"", ""recovery"", ""sim_reset"", ""storage_health_read"", ""thermal_read"", ""touch_grid_test"", ""verified_boot""]","[""edl_requires_signed_programmer"", ""pre_install_required:needs_specific_android_fw""]","[""lineageos"", ""seed"", ""play"", ""ift""]",desconocido,,,Xiaomi
garnet,2,xiaomi,Redmi Note 13 Pro 5G (India),Qualcomm SM7435-AB Snapdragon 7s Gen 2,qualcomm,sm7435,"[""2312DRA50I""]",5100,6.67,1220x2712,22,1,1,avb,recovery,fastboot_xiaomi,EDL 900E / 9008 (Sahara + Firehose XML),1,"[""a_b_slots"", ""adb"", ""battery_calibration"", ""battery_health_read"", ""display_pwm_test"", ""dynamic_partitions"", ""edl"", ""evidence_capture"", ""fastboot"", ""fastbootd"", ""frp_owner_assisted"", ""network_reset"", ""official_rom_flash"", ""ota"", ""recovery"", ""sim_reset"", ""storage_health_read"", ""thermal_read"", ""touch_grid_test"", ""verified_boot""]","[""edl_requires_signed_programmer"", ""pre_install_required:needs_specific_android_fw""]","[""lineageos"", ""seed"", ""ift""]",desconocido,,,Xiaomi
garnet,3,xiaomi,Redmi Note 13 Pro 5G (China),Qualcomm SM7435-AB Snapdragon 7s Gen 2,qualcomm,sm7435,"[""2312DRA50C"", ""2312CRAD3C""]",5100,6.67,1220x2712,22,1,1,avb,recovery,fastboot_xiaomi,EDL 900E / 9008 (Sahara + Firehose XML),1,"[""a_b_slots"", ""adb"", ""battery_calibration"", ""battery_health_read"", ""display_pwm_test"", ""dynamic_partitions"", ""edl"", ""evidence_capture"", ""fastboot"", ""fastbootd"", ""frp_owner_assisted"", ""network_reset"", ""official_rom_flash"", ""ota"", ""recovery"", ""sim_reset"", ""storage_health_read"", ""thermal_read"", ""touch_grid_test"", ""verified_boot""]","[""edl_requires_signed_programmer"", ""pre_install_required:needs_specific_android_fw""]","[""lineageos"", ""seed"", ""ift""]",desconocido,,,Xiaomi
garnet,4,xiaomi,POCO X6 5G,Qualcomm SM7435-AB Snapdragon 7s Gen 2,qualcomm,sm7435,"[""23122PCD1G""]",5100,6.67,1220x2712,22,1,1,avb,recovery,fastboot_xiaomi,EDL 900E / 9008 (Sahara + Firehose XML),1,"[""a_b_slots"", ""adb"", ""battery_calibration"", ""battery_health_read"", ""display_pwm_test"", ""dynamic_partitions"", ""edl"", ""evidence_capture"", ""fastboot"", ""fastbootd"", ""frp_owner_assisted"", ""network_reset"", ""official_rom_flash"", ""ota"", ""recovery"", ""sim_reset"", ""storage_health_read"", ""thermal_read"", ""touch_grid_test"", ""verified_boot""]","[""edl_requires_signed_programmer"", ""pre_install_required:needs_specific_android_fw""]","[""lineageos"", ""seed"", ""ift""]",desconocido,,,Xiaomi
garnet,5,xiaomi,POCO X6 5G (India),Qualcomm SM7435-AB Snapdragon 7s Gen 2,qualcomm,sm7435,"[""23122PCD1I""]",5100,6.67,1220x2712,22,1,1,avb,recovery,fastboot_xiaomi,EDL 900E / 9008 (Sahara + Firehose XML),1,"[""a_b_slots"", ""adb"", ""battery_calibration"", ""battery_health_read"", ""display_pwm_test"", ""dynamic_partitions"", ""edl"", ""evidence_capture"", ""fastboot"", ""fastbootd"", ""frp_owner_assisted"", ""network_reset"", ""official_rom_flash"", ""ota"", ""recovery"", ""sim_reset"", ""storage_health_read"", ""thermal_read"", ""touch_grid_test"", ""verified_boot""]","[""edl_requires_signed_programmer"", ""pre_install_required:needs_specific_android_fw""]","[""lineageos"", ""seed"", ""play"", ""ift""]",desconocido,,,Xiaomi
gauguin,1,xiaomi,Mi 10T Lite 5G,Qualcomm SM7225 Snapdragon 750G 5G,qualcomm,gauguin,"[""M2007J17G""]",4820,6.67,2400x1080,22,,1,avb,recovery,fastboot_xiaomi,EDL 900E / 9008 (Sahara + Firehose XML),1,"[""a_only"", ""adb"", ""battery_calibration"", ""battery_health_read"", ""display_pwm_test"", ""dynamic_partitions"", ""edl"", ""evidence_capture"", ""fastboot"", ""fastbootd"", ""frp_owner_assisted"", ""network_reset"", ""official_rom_flash"", ""ota"", ""recovery"", ""sim_reset"", ""storage_health_read"", ""thermal_read"", ""touch_grid_test"", ""verified_boot""]","[""edl_requires_signed_programmer"", ""pre_install_required:needs_specific_android_fw""]","[""lineageos"", ""seed"", ""ift""]",desconocido,,,Xiaomi
gauguin,2,xiaomi,Mi 10i 5G,Qualcomm SM7225 Snapdragon 750G 5G,qualcomm,gauguin,"[""M2007J17I""]",4820,6.67,2400x1080,22,,1,avb,recovery,fastboot_xiaomi,EDL 900E / 9008 (Sahara + Firehose XML),1,"[""a_only"", ""adb"", ""battery_calibration"", ""battery_health_read"", ""display_pwm_test"", ""dynamic_partitions"", ""edl"", ""evidence_capture"", ""fastboot"", ""fastbootd"", ""frp_owner_assisted"", ""network_reset"", ""official_rom_flash"", ""ota"", ""recovery"", ""sim_reset"", ""storage_health_read"", ""thermal_read"", ""touch_grid_test"", ""verified_boot""]","[""edl_requires_signed_programmer"", ""pre_install_required:needs_specific_android_fw""]","[""lineageos"", ""seed"", ""play"", ""ift""]",desconocido,,,Xiaomi
gauguin,3,xiaomi,Redmi Note 9 Pro 5G,Qualcomm SM7225 Snapdragon 750G 5G,qualcomm,gauguin,"[""M2007J17C""]",4820,6.67,2400x1080,22,,1,avb,recovery,fastboot_xiaomi,EDL 900E / 9008 (Sahara + Firehose XML),1,"[""a_only"", ""adb"", ""battery_calibration"", ""battery_health_read"", ""display_pwm_test"", ""dynamic_partitions"", ""edl"", ""evidence_capture"", ""fastboot"", ""fastbootd"", ""frp_owner_assisted"", ""network_reset"", ""official_rom_flash"", ""ota"", ""recovery"", ""sim_reset"", ""storage_health_read"", ""thermal_read"", ""touch_grid_test"", ""verified_boot""]","[""edl_requires_signed_programmer"", ""pre_install_required:needs_specific_android_fw""]","[""lineageos"", ""seed"", ""play"", ""ift""]",desconocido,,,Xiaomi
gemini,,xiaomi,Mi 5,Qualcomm MSM8996 Snapdragon 820,qualcomm,msm8996,[],3000,5.15,1080x1920,21,,1,avb,recovery,fastboot_xiaomi,EDL 900E / 9008 (Sahara + Firehose XML),1,"[""a_only"", ""adb"", ""battery_calibration"", ""battery_health_read"", ""display_pwm_test"", ""dynamic_partitions"", ""edl"", ""evidence_capture"", ""fastboot"", ""fastbootd"", ""frp_owner_assisted"", ""network_reset"", ""official_rom_flash"", ""ota"", ""recovery"", ""sim_reset"", ""storage_health_read"", ""thermal_read"", ""touch_grid_test"", ""verified_boot""]","[""edl_requires_signed_programmer""]","[""lineageos"", ""seed"", ""play"", ""ift""]",desconocido,,,Xiaomi
ginkgo,1,xiaomi,Redmi Note 8,Qualcomm SM6125 Snapdragon 665,qualcomm,sm6125,[],4000,6.3,1080x2340,22,,1,avb,recovery,fastboot_xiaomi,EDL 900E / 9008 (Sahara + Firehose XML),1,"[""a_only"", ""adb"", ""battery_calibration"", ""battery_health_read"", ""display_pwm_test"", ""dynamic_partitions"", ""edl"", ""evidence_capture"", ""fastboot"", ""fastbootd"", ""frp_owner_assisted"", ""network_reset"", ""official_rom_flash"", ""ota"", ""recovery"", ""sim_reset"", ""storage_health_read"", ""thermal_read"", ""touch_grid_test"", ""verified_boot""]","[""edl_requires_signed_programmer"", ""pre_install_required:needs_specific_android_fw""]","[""lineageos"", ""seed"", ""ift""]",desconocido,,,Xiaomi
ginkgo,2,xiaomi,Redmi Note 8T,Qualcomm SM6125 Snapdragon 665,qualcomm,sm6125,[],4000,6.3,1080x2340,22,,1,avb,recovery,fastboot_xiaomi,EDL 900E / 9008 (Sahara + Firehose XML),1,"[""a_only"", ""adb"", ""battery_calibration"", ""battery_health_read"", ""display_pwm_test"", ""dynamic_partitions"", ""edl"", ""evidence_capture"", ""fastboot"", ""fastbootd"", ""frp_owner_assisted"", ""network_reset"", ""official_rom_flash"", ""ota"", ""recovery"", ""sim_reset"", ""storage_health_read"", ""thermal_read"", ""touch_grid_test"", ""verified_boot""]","[""edl_requires_signed_programmer"", ""pre_install_required:needs_specific_android_fw""]","[""lineageos"", ""seed"", ""play"", ""ift""]",desconocido,,,Xiaomi
grus,,xiaomi,Mi 9 SE,Qualcomm SDM712 Snapdragon 712,qualcomm,sdm710,"[""M1903F2G"", ""M1903F2A""]",3070,5.97,1080x2340,21,,1,avb,recovery,fastboot_xiaomi,EDL 900E / 9008 (Sahara + Firehose XML),1,"[""a_only"", ""adb"", ""battery_calibration"", ""battery_health_read"", ""display_pwm_test"", ""dynamic_partitions"", ""edl"", ""evidence_capture"", ""fastboot"", ""fastbootd"", ""frp_owner_assisted"", ""network_reset"", ""official_rom_flash"", ""ota"", ""recovery"", ""sim_reset"", ""storage_health_read"", ""thermal_read"", ""touch_grid_test"", ""verified_boot""]","[""edl_requires_signed_programmer"", ""pre_install_required:needs_specific_android_fw""]","[""lineageos"", ""seed"", ""play"", ""ift""]",desconocido,,,Xiaomi
haydn,1,xiaomi,Mi 11i,Qualcomm SM8350 Snapdragon 888,qualcomm,sm8350,"[""M2012K11G""]",4520,6.67,1080x2400,22,1,1,avb,boot,fastboot_xiaomi_hyperos,EDL 900E / 9008 (Sahara + Firehose XML),1,"[""a_b_slots"", ""adb"", ""battery_calibration"", ""battery_health_read"", ""display_pwm_test"", ""dynamic_partitions"", ""edl"", ""evidence_capture"", ""fastboot"", ""fastbootd"", ""frp_owner_assisted"", ""network_reset"", ""official_rom_flash"", ""ota"", ""recovery"", ""sim_reset"", ""storage_health_read"", ""thermal_read"", ""touch_grid_test"", ""verified_boot""]","[""edl_requires_signed_programmer"", ""pre_install_required:needs_specific_android_fw"", ""recovery_flash_target_is:boot""]","[""lineageos"", ""seed"", ""ift""]",desconocido,,,Xiaomi
haydn,2,xiaomi,Redmi K40 Pro,Qualcomm SM8350 Snapdragon 888,qualcomm,sm8350,"[""M2012K11C""]",4520,6.67,1080x2400,22,1,1,avb,boot,fastboot_xiaomi_hyperos,EDL 900E / 9008 (Sahara + Firehose XML),1,"[""a_b_slots"", ""adb"", ""battery_calibration"", ""battery_health_read"", ""display_pwm_test"", ""dynamic_partitions"", ""edl"", ""evidence_capture"", ""fastboot"", ""fastbootd"", ""frp_owner_assisted"", ""network_reset"", ""official_rom_flash"", ""ota"", ""recovery"", ""sim_reset"", ""storage_health_read"", ""thermal_read"", ""touch_grid_test"", ""verified_boot""]","[""edl_requires_signed_programmer"", ""pre_install_required:needs_specific_android_fw"", ""recovery_flash_target_is:boot""]","[""lineageos"", ""seed"", ""ift""]",desconocido,,,Xiaomi
haydn,3,xiaomi,Redmi K40 Pro+,Qualcomm SM8350 Snapdragon 888,qualcomm,sm8350,"[""M2012K11C""]",4520,6.67,1080x2400,22,1,1,avb,boot,fastboot_xiaomi_hyperos,EDL 900E / 9008 (Sahara + Firehose XML),1,"[""a_b_slots"", ""adb"", ""battery_calibration"", ""battery_health_read"", ""display_pwm_test"", ""dynamic_partitions"", ""edl"", ""evidence_capture"", ""fastboot"", ""fastbootd"", ""frp_owner_assisted"", ""network_reset"", ""official_rom_flash"", ""ota"", ""recovery"", ""sim_reset"", ""storage_health_read"", ""thermal_read"", ""touch_grid_test"", ""verified_boot""]","[""edl_requires_signed_programmer"", ""pre_install_required:needs_specific_android_fw"", ""recovery_flash_target_is:boot""]","[""lineageos"", ""seed"", ""ift""]",desconocido,,,Xiaomi
haydn,4,xiaomi,Mi 11X Pro,Qualcomm SM8350 Snapdragon 888,qualcomm,sm8350,"[""M2012K11I""]",4520,6.67,1080x2400,22,1,1,avb,boot,fastboot_xiaomi_hyperos,EDL 900E / 9008 (Sahara + Firehose XML),1,"[""a_b_slots"", ""adb"", ""battery_calibration"", ""battery_health_read"", ""display_pwm_test"", ""dynamic_partitions"", ""edl"", ""evidence_capture"", ""fastboot"", ""fastbootd"", ""frp_owner_assisted"", ""network_reset"", ""official_rom_flash"", ""ota"", ""recovery"", ""sim_reset"", ""storage_health_read"", ""thermal_read"", ""touch_grid_test"", ""verified_boot""]","[""edl_requires_signed_programmer"", ""pre_install_required:needs_specific_android_fw"", ""recovery_flash_target_is:boot""]","[""lineageos"", ""seed"", ""play"", ""ift""]",desconocido,,,Xiaomi
hydrogen,,xiaomi,Mi Max,Qualcomm MSM8956 Snapdragon 650,qualcomm,msm8956,[],4850,6.44,1080x1920,,,,,recovery,fastboot_xiaomi,EDL 900E / 9008 (Sahara + Firehose XML),1,"[""a_only"", ""adb"", ""battery_calibration"", ""battery_health_read"", ""display_pwm_test"", ""edl"", ""evidence_capture"", ""fastboot"", ""frp_owner_assisted"", ""network_reset"", ""official_rom_flash"", ""ota"", ""recovery"", ""sim_reset"", ""storage_health_read"", ""thermal_read"", ""touch_grid_test""]","[""edl_requires_signed_programmer""]","[""lineageos"", ""seed"", ""play"", ""ift""]",desconocido,,,Xiaomi
ido,1,xiaomi,Redmi 3,Qualcomm MSM8939v2 Snapdragon 616,qualcomm,msm8916,[],4100,5,720x1280,,,,,recovery,fastboot_xiaomi,EDL 900E / 9008 (Sahara + Firehose XML),1,"[""a_only"", ""adb"", ""battery_calibration"", ""battery_health_read"", ""display_pwm_test"", ""edl"", ""evidence_capture"", ""fastboot"", ""frp_owner_assisted"", ""network_reset"", ""official_rom_flash"", ""ota"", ""recovery"", ""sim_reset"", ""storage_health_read"", ""thermal_read"", ""touch_grid_test""]","[""edl_requires_signed_programmer""]","[""lineageos"", ""seed"", ""ift""]",desconocido,,,Xiaomi
ido,2,xiaomi,Redmi 3 Prime,Qualcomm MSM8939v2 Snapdragon 616,qualcomm,msm8916,[],4100,5,720x1280,,,,,recovery,fastboot_xiaomi,EDL 900E / 9008 (Sahara + Firehose XML),1,"[""a_only"", ""adb"", ""battery_calibration"", ""battery_health_read"", ""display_pwm_test"", ""edl"", ""evidence_capture"", ""fastboot"", ""frp_owner_assisted"", ""network_reset"", ""official_rom_flash"", ""ota"", ""recovery"", ""sim_reset"", ""storage_health_read"", ""thermal_read"", ""touch_grid_test""]","[""edl_requires_signed_programmer""]","[""lineageos"", ""seed"", ""play"", ""ift""]",desconocido,,,Xiaomi
jasmine_sprout,,xiaomi,Mi A2,Qualcomm SDM660 Snapdragon 660,qualcomm,sdm660,[],3010,5.99,1080x2160,17,1,1,avb,boot,fastboot_nexus,EDL 900E / 9008 (Sahara + Firehose XML),1,"[""a_b_slots"", ""adb"", ""battery_calibration"", ""battery_health_read"", ""display_pwm_test"", ""dynamic_partitions"", ""edl"", ""evidence_capture"", ""fastboot"", ""fastbootd"", ""frp_owner_assisted"", ""network_reset"", ""official_rom_flash"", ""ota"", ""recovery"", ""sim_reset"", ""storage_health_read"", ""thermal_read"", ""touch_grid_test"", ""unlock_official"", ""verified_boot""]","[""edl_requires_signed_programmer"", ""recovery_flash_target_is:boot""]","[""lineageos"", ""seed"", ""play"", ""ift""]",desconocido,,,Xiaomi
jason,,xiaomi,Mi Note 3,Qualcomm SDM660 Snapdragon 660,qualcomm,sdm660,[],3500,5.5,1080x1920,17,,1,avb,recovery,fastboot_xiaomi,EDL 900E / 9008 (Sahara + Firehose XML),1,"[""a_only"", ""adb"", ""battery_calibration"", ""battery_health_read"", ""display_pwm_test"", ""dynamic_partitions"", ""edl"", ""evidence_capture"", ""fastboot"", ""fastbootd"", ""frp_owner_assisted"", ""network_reset"", ""official_rom_flash"", ""ota"", ""recovery"", ""sim_reset"", ""storage_health_read"", ""thermal_read"", ""touch_grid_test"", ""verified_boot""]","[""edl_requires_signed_programmer""]","[""lineageos"", ""seed"", ""play"", ""ift""]",desconocido,,,Xiaomi
kenzo,,xiaomi,Redmi Note 3,Qualcomm MSM8956 Snapdragon 650,qualcomm,msm8956,[],4050,5.5,1080x1920,,,,,recovery,fastboot_xiaomi,EDL 900E / 9008 (Sahara + Firehose XML),1,"[""a_only"", ""adb"", ""battery_calibration"", ""battery_health_read"", ""display_pwm_test"", ""edl"", ""evidence_capture"", ""fastboot"", ""frp_owner_assisted"", ""network_reset"", ""official_rom_flash"", ""ota"", ""recovery"", ""sim_reset"", ""storage_health_read"", ""thermal_read"", ""touch_grid_test""]","[""edl_requires_signed_programmer""]","[""lineageos"", ""seed"", ""play"", ""ift""]",desconocido,,,Xiaomi
lancelot,,xiaomi,Redmi 9,Mediatek Helio G80,mediatek,mt6768,[],5020,6.53,1080x2340,22,,1,avb,recovery,fastboot_xiaomi,BROM 0E8D:0000 / Preloader 0E8D:0001 (BROM + DA agent),1,"[""a_only"", ""adb"", ""battery_calibration"", ""battery_health_read"", ""brom"", ""display_pwm_test"", ""dynamic_partitions"", ""evidence_capture"", ""fastboot"", ""fastbootd"", ""frp_owner_assisted"", ""network_reset"", ""official_rom_flash"", ""ota"", ""recovery"", ""sim_reset"", ""storage_health_read"", ""thermal_read"", ""touch_grid_test"", ""verified_boot""]","[""brom_requires_da_agent"", ""pre_install_required:needs_specific_android_fw""]","[""lineageos"", ""seed"", ""play"", ""ift""]",desconocido,,,Xiaomi
land,,xiaomi,Redmi 3S / 3X,Qualcomm MSM8937 Snapdragon 430,qualcomm,msm8937,[],4100,5,720x1280,,,,,recovery,fastboot_xiaomi,EDL 900E / 9008 (Sahara + Firehose XML),1,"[""a_only"", ""adb"", ""battery_calibration"", ""battery_health_read"", ""display_pwm_test"", ""edl"", ""evidence_capture"", ""fastboot"", ""frp_owner_assisted"", ""network_reset"", ""official_rom_flash"", ""ota"", ""recovery"", ""sim_reset"", ""storage_health_read"", ""thermal_read"", ""touch_grid_test""]","[""edl_requires_signed_programmer""]","[""lineageos"", ""seed"", ""play"", ""ift""]",desconocido,,,Xiaomi
laurel_sprout,,xiaomi,Mi A3,Qualcomm SM6125 Snapdragon 665,qualcomm,sm6125,"[""M1906F9SH"", ""M1906F9SI""]",4030,6.09,720x1560,22,1,1,avb,boot,fastboot_nexus,EDL 900E / 9008 (Sahara + Firehose XML),1,"[""a_b_slots"", ""adb"", ""battery_calibration"", ""battery_health_read"", ""display_pwm_test"", ""dynamic_partitions"", ""edl"", ""evidence_capture"", ""fastboot"", ""fastbootd"", ""frp_owner_assisted"", ""network_reset"", ""official_rom_flash"", ""ota"", ""recovery"", ""sim_reset"", ""storage_health_read"", ""thermal_read"", ""touch_grid_test"", ""unlock_official"", ""verified_boot""]","[""edl_requires_signed_programmer"", ""pre_install_required:needs_specific_android_fw"", ""recovery_flash_target_is:boot""]","[""lineageos"", ""seed"", ""play"", ""ift""]",desconocido,,,Xiaomi
lavender,,xiaomi,Redmi Note 7,Qualcomm SDM660 Snapdragon 660,qualcomm,sdm660,[],4000,6.3,1080x2340,17,,1,avb,recovery,fastboot_xiaomi,EDL 900E / 9008 (Sahara + Firehose XML),1,"[""a_only"", ""adb"", ""battery_calibration"", ""battery_health_read"", ""display_pwm_test"", ""dynamic_partitions"", ""edl"", ""evidence_capture"", ""fastboot"", ""fastbootd"", ""frp_owner_assisted"", ""network_reset"", ""official_rom_flash"", ""ota"", ""recovery"", ""sim_reset"", ""storage_health_read"", ""thermal_read"", ""touch_grid_test"", ""verified_boot""]","[""edl_requires_signed_programmer""]","[""lineageos"", ""seed"", ""play"", ""ift""]",desconocido,,,Xiaomi
libra,,xiaomi,Mi 4c,Qualcomm MSM8992 Snapdragon 808,qualcomm,msm8992,[],3080,5,1920x1080,,,,,recovery,fastboot_xiaomi,EDL 900E / 9008 (Sahara + Firehose XML),1,"[""a_only"", ""adb"", ""battery_calibration"", ""battery_health_read"", ""display_pwm_test"", ""edl"", ""evidence_capture"", ""fastboot"", ""frp_owner_assisted"", ""network_reset"", ""official_rom_flash"", ""ota"", ""recovery"", ""sim_reset"", ""storage_health_read"", ""thermal_read"", ""touch_grid_test""]","[""edl_requires_signed_programmer""]","[""lineageos"", ""seed"", ""play"", ""ift""]",desconocido,,,Xiaomi
lisa,1,xiaomi,11 Lite 5G NE,Qualcomm SM7325 Snapdragon 778G 5G,qualcomm,sm8350,"[""2109119DG""]",4250,6.67,1080x2400,22,1,1,avb,boot,fastboot_xiaomi_hyperos,EDL 900E / 9008 (Sahara + Firehose XML),1,"[""a_b_slots"", ""adb"", ""battery_calibration"", ""battery_health_read"", ""display_pwm_test"", ""dynamic_partitions"", ""edl"", ""evidence_capture"", ""fastboot"", ""fastbootd"", ""frp_owner_assisted"", ""network_reset"", ""official_rom_flash"", ""ota"", ""recovery"", ""sim_reset"", ""storage_health_read"", ""thermal_read"", ""touch_grid_test"", ""verified_boot""]","[""edl_requires_signed_programmer"", ""pre_install_required:needs_specific_android_fw"", ""recovery_flash_target_is:boot""]","[""lineageos"", ""seed"", ""ift""]",desconocido,,,Xiaomi
lisa,2,xiaomi,11 Lite NE 5G,Qualcomm SM7325 Snapdragon 778G 5G,qualcomm,sm8350,"[""2109119DI""]",4250,6.67,1080x2400,22,1,1,avb,boot,fastboot_xiaomi_hyperos,EDL 900E / 9008 (Sahara + Firehose XML),1,"[""a_b_slots"", ""adb"", ""battery_calibration"", ""battery_health_read"", ""display_pwm_test"", ""dynamic_partitions"", ""edl"", ""evidence_capture"", ""fastboot"", ""fastbootd"", ""frp_owner_assisted"", ""network_reset"", ""official_rom_flash"", ""ota"", ""recovery"", ""sim_reset"", ""storage_health_read"", ""thermal_read"", ""touch_grid_test"", ""verified_boot""]","[""edl_requires_signed_programmer"", ""pre_install_required:needs_specific_android_fw"", ""recovery_flash_target_is:boot""]","[""lineageos"", ""seed"", ""ift""]",desconocido,,,Xiaomi
lisa,3,xiaomi,Mi 11 LE,Qualcomm SM7325 Snapdragon 778G 5G,qualcomm,sm8350,"[""2107119DC""]",4250,6.67,1080x2400,22,1,1,avb,boot,fastboot_xiaomi_hyperos,EDL 900E / 9008 (Sahara + Firehose XML),1,"[""a_b_slots"", ""adb"", ""battery_calibration"", ""battery_health_read"", ""display_pwm_test"", ""dynamic_partitions"", ""edl"", ""evidence_capture"", ""fastboot"", ""fastbootd"", ""frp_owner_assisted"", ""network_reset"", ""official_rom_flash"", ""ota"", ""recovery"", ""sim_reset"", ""storage_health_read"", ""thermal_read"", ""touch_grid_test"", ""verified_boot""]","[""edl_requires_signed_programmer"", ""pre_install_required:needs_specific_android_fw"", ""recovery_flash_target_is:boot""]","[""lineageos"", ""seed"", ""play"", ""ift""]",desconocido,,,Xiaomi
lithium,,xiaomi,Mi MIX,Qualcomm MSM8996 Pro Snapdragon 821,qualcomm,msm8996,[],4400,6.4,1080x2040,17,,1,avb,recovery,fastboot_xiaomi,EDL 900E / 9008 (Sahara + Firehose XML),1,"[""a_only"", ""adb"", ""battery_calibration"", ""battery_health_read"", ""display_pwm_test"", ""dynamic_partitions"", ""edl"", ""evidence_capture"", ""fastboot"", ""fastbootd"", ""frp_owner_assisted"", ""network_reset"", ""official_rom_flash"", ""ota"", ""recovery"", ""sim_reset"", ""storage_health_read"", ""thermal_read"", ""touch_grid_test"", ""verified_boot""]","[""edl_requires_signed_programmer""]","[""lineageos"", ""seed"", ""play"", ""ift""]",desconocido,,,Xiaomi
lmi,1,xiaomi,POCO F2 Pro,Qualcomm SM8250 Snapdragon 865,qualcomm,sm8250,"[""M2004J11G""]",4700,6.67,1080x2400,22,,1,avb,recovery,fastboot_xiaomi,EDL 900E / 9008 (Sahara + Firehose XML),1,"[""a_only"", ""adb"", ""battery_calibration"", ""battery_health_read"", ""display_pwm_test"", ""dynamic_partitions"", ""edl"", ""evidence_capture"", ""fastboot"", ""fastbootd"", ""frp_owner_assisted"", ""network_reset"", ""official_rom_flash"", ""ota"", ""recovery"", ""sim_reset"", ""storage_health_read"", ""thermal_read"", ""touch_grid_test"", ""verified_boot""]","[""edl_requires_signed_programmer"", ""pre_install_required:needs_specific_android_fw""]","[""lineageos"", ""seed"", ""ift""]",desconocido,,,Xiaomi
lmi,2,xiaomi,Redmi K30 Pro,Qualcomm SM8250 Snapdragon 865,qualcomm,sm8250,"[""M2001J11C""]",4700,6.67,1080x2400,22,,1,avb,recovery,fastboot_xiaomi,EDL 900E / 9008 (Sahara + Firehose XML),1,"[""a_only"", ""adb"", ""battery_calibration"", ""battery_health_read"", ""display_pwm_test"", ""dynamic_partitions"", ""edl"", ""evidence_capture"", ""fastboot"", ""fastbootd"", ""frp_owner_assisted"", ""network_reset"", ""official_rom_flash"", ""ota"", ""recovery"", ""sim_reset"", ""storage_health_read"", ""thermal_read"", ""touch_grid_test"", ""verified_boot""]","[""edl_requires_signed_programmer"", ""pre_install_required:needs_specific_android_fw""]","[""lineageos"", ""seed"", ""ift""]",desconocido,,,Xiaomi
lmi,3,xiaomi,Redmi K30 Pro Zoom Edition,Qualcomm SM8250 Snapdragon 865,qualcomm,sm8250,"[""M2001J11C"", ""M2001J11E""]",4700,6.67,1080x2400,19,,1,avb,recovery,fastboot_xiaomi,EDL 900E / 9008 (Sahara + Firehose XML),1,"[""a_only"", ""adb"", ""battery_calibration"", ""battery_health_read"", ""display_pwm_test"", ""dynamic_partitions"", ""edl"", ""evidence_capture"", ""fastboot"", ""fastbootd"", ""frp_owner_assisted"", ""network_reset"", ""official_rom_flash"", ""ota"", ""recovery"", ""sim_reset"", ""storage_health_read"", ""thermal_read"", ""touch_grid_test"", ""verified_boot""]","[""edl_requires_signed_programmer"", ""pre_install_required:needs_specific_android_fw""]","[""lineageos"", ""seed"", ""play"", ""ift""]",desconocido,,,Xiaomi
marble,1,xiaomi,POCO F5 (Global),Qualcomm SM7475-AB Snapdragon 7+ Gen 2,qualcomm,sm8450,"[""23049PCD8G""]",5000,6.67,1080x2400,22,1,1,avb,recovery,fastboot_xiaomi,EDL 900E / 9008 (Sahara + Firehose XML),1,"[""a_b_slots"", ""adb"", ""battery_calibration"", ""battery_health_read"", ""display_pwm_test"", ""dynamic_partitions"", ""edl"", ""evidence_capture"", ""fastboot"", ""fastbootd"", ""frp_owner_assisted"", ""network_reset"", ""official_rom_flash"", ""ota"", ""recovery"", ""sim_reset"", ""storage_health_read"", ""thermal_read"", ""touch_grid_test"", ""verified_boot""]","[""edl_requires_signed_programmer"", ""pre_install_required:needs_specific_android_fw""]","[""lineageos"", ""seed"", ""ift""]",desconocido,,,Xiaomi
marble,2,xiaomi,POCO F5 (India),Qualcomm SM7475-AB Snapdragon 7+ Gen 2,qualcomm,sm8450,"[""23049PCD8I""]",5000,6.67,1080x2400,22,1,1,avb,recovery,fastboot_xiaomi,EDL 900E / 9008 (Sahara + Firehose XML),1,"[""a_b_slots"", ""adb"", ""battery_calibration"", ""battery_health_read"", ""display_pwm_test"", ""dynamic_partitions"", ""edl"", ""evidence_capture"", ""fastboot"", ""fastbootd"", ""frp_owner_assisted"", ""network_reset"", ""official_rom_flash"", ""ota"", ""recovery"", ""sim_reset"", ""storage_health_read"", ""thermal_read"", ""touch_grid_test"", ""verified_boot""]","[""edl_requires_signed_programmer"", ""pre_install_required:needs_specific_android_fw""]","[""lineageos"", ""seed"", ""play"", ""ift""]",desconocido,,,Xiaomi
marble,3,xiaomi,Redmi Note 12 Turbo,Qualcomm SM7475-AB Snapdragon 7+ Gen 2,qualcomm,sm8450,"[""23049RAD8C""]",5000,6.67,1080x2400,22,1,1,avb,recovery,fastboot_xiaomi,EDL 900E / 9008 (Sahara + Firehose XML),1,"[""a_b_slots"", ""adb"", ""battery_calibration"", ""battery_health_read"", ""display_pwm_test"", ""dynamic_partitions"", ""edl"", ""evidence_capture"", ""fastboot"", ""fastbootd"", ""frp_owner_assisted"", ""network_reset"", ""official_rom_flash"", ""ota"", ""recovery"", ""sim_reset"", ""storage_health_read"", ""thermal_read"", ""touch_grid_test"", ""verified_boot""]","[""edl_requires_signed_programmer"", ""pre_install_required:needs_specific_android_fw""]","[""lineageos"", ""seed"", ""play"", ""ift""]",desconocido,,,Xiaomi
mars,,xiaomi,Mi 11 Pro,Qualcomm SM8350 Snapdragon 888,qualcomm,sm8350,"[""M2102K1AC""]",5000,6.81,1440x3200,22,1,1,avb,boot,fastboot_xiaomi_hyperos,EDL 900E / 9008 (Sahara + Firehose XML),1,"[""a_b_slots"", ""adb"", ""battery_calibration"", ""battery_health_read"", ""display_pwm_test"", ""dynamic_partitions"", ""edl"", ""evidence_capture"", ""fastboot"", ""fastbootd"", ""frp_owner_assisted"", ""network_reset"", ""official_rom_flash"", ""ota"", ""recovery"", ""sim_reset"", ""storage_health_read"", ""thermal_read"", ""touch_grid_test"", ""verified_boot""]","[""edl_requires_signed_programmer"", ""pre_install_required:needs_specific_android_fw"", ""recovery_flash_target_is:boot""]","[""lineageos"", ""seed"", ""play"", ""ift""]",desconocido,,,Xiaomi
mayfly,,xiaomi,12S,Qualcomm SM8475 Snapdragon 8+ Gen1,qualcomm,sm8450,"[""2206123SC""]",4500,6.28,2400x1080,22,1,1,avb,recovery,fastboot_xiaomi,EDL 900E / 9008 (Sahara + Firehose XML),1,"[""a_b_slots"", ""adb"", ""battery_calibration"", ""battery_health_read"", ""display_pwm_test"", ""dynamic_partitions"", ""edl"", ""evidence_capture"", ""fastboot"", ""fastbootd"", ""frp_owner_assisted"", ""network_reset"", ""official_rom_flash"", ""ota"", ""recovery"", ""sim_reset"", ""storage_health_read"", ""thermal_read"", ""touch_grid_test"", ""verified_boot""]","[""edl_requires_signed_programmer"", ""pre_install_required:needs_specific_android_fw""]","[""lineageos"", ""seed"", ""play"", ""ift""]",desconocido,,,Xiaomi
merlinx,,xiaomi,Redmi Note 9,Mediatek Helio G85,mediatek,mt6768,[],5020,6.53,1080x2340,22,,1,avb,recovery,fastboot_xiaomi,BROM 0E8D:0000 / Preloader 0E8D:0001 (BROM + DA agent),1,"[""a_only"", ""adb"", ""battery_calibration"", ""battery_health_read"", ""brom"", ""display_pwm_test"", ""dynamic_partitions"", ""evidence_capture"", ""fastboot"", ""fastbootd"", ""frp_owner_assisted"", ""network_reset"", ""official_rom_flash"", ""ota"", ""recovery"", ""sim_reset"", ""storage_health_read"", ""thermal_read"", ""touch_grid_test"", ""verified_boot""]","[""brom_requires_da_agent"", ""pre_install_required:needs_specific_android_fw""]","[""lineageos"", ""seed"", ""ift""]",desconocido,,,Xiaomi
miatoll,1,xiaomi,POCO M2 Pro,Qualcomm SM7125 Snapdragon 720G,qualcomm,sm6250,"[""M2003J6CI""]",5020,6.67,1080x2400,21,,1,avb,recovery,fastboot_xiaomi,EDL 900E / 9008 (Sahara + Firehose XML),1,"[""a_only"", ""adb"", ""battery_calibration"", ""battery_health_read"", ""display_pwm_test"", ""dynamic_partitions"", ""edl"", ""evidence_capture"", ""fastboot"", ""fastbootd"", ""frp_owner_assisted"", ""network_reset"", ""official_rom_flash"", ""ota"", ""recovery"", ""sim_reset"", ""storage_health_read"", ""thermal_read"", ""touch_grid_test"", ""verified_boot""]","[""edl_requires_signed_programmer"", ""pre_install_required:needs_specific_android_fw""]","[""lineageos"", ""seed"", ""ift""]",desconocido,,,Xiaomi
miatoll,2,xiaomi,Redmi Note 9S,Qualcomm SM7125 Snapdragon 720G,qualcomm,sm6250,"[""M2003J6A1G"", ""M2003J6A1R""]",5020,6.67,1080x2400,21,,1,avb,recovery,fastboot_xiaomi,EDL 900E / 9008 (Sahara + Firehose XML),1,"[""a_only"", ""adb"", ""battery_calibration"", ""battery_health_read"", ""display_pwm_test"", ""dynamic_partitions"", ""edl"", ""evidence_capture"", ""fastboot"", ""fastbootd"", ""frp_owner_assisted"", ""network_reset"", ""official_rom_flash"", ""ota"", ""recovery"", ""sim_reset"", ""storage_health_read"", ""thermal_read"", ""touch_grid_test"", ""verified_boot""]","[""edl_requires_signed_programmer"", ""pre_install_required:needs_specific_android_fw""]","[""lineageos"", ""seed"", ""ift""]",desconocido,,,Xiaomi
miatoll,3,xiaomi,Redmi Note 9 Pro (Global),Qualcomm SM7125 Snapdragon 720G,qualcomm,sm6250,"[""M2003J6B2G""]",5020,6.67,1080x2400,21,,1,avb,recovery,fastboot_xiaomi,EDL 900E / 9008 (Sahara + Firehose XML),1,"[""a_only"", ""adb"", ""battery_calibration"", ""battery_health_read"", ""display_pwm_test"", ""dynamic_partitions"", ""edl"", ""evidence_capture"", ""fastboot"", ""fastbootd"", ""frp_owner_assisted"", ""network_reset"", ""official_rom_flash"", ""ota"", ""recovery"", ""sim_reset"", ""storage_health_read"", ""thermal_read"", ""touch_grid_test"", ""verified_boot""]","[""edl_requires_signed_programmer"", ""pre_install_required:needs_specific_android_fw""]","[""lineageos"", ""seed"", ""ift""]",desconocido,,,Xiaomi
miatoll,4,xiaomi,Redmi Note 9 Pro (India),Qualcomm SM7125 Snapdragon 720G,qualcomm,sm6250,"[""M2003J6A1I""]",5020,6.67,1080x2400,21,,1,avb,recovery,fastboot_xiaomi,EDL 900E / 9008 (Sahara + Firehose XML),1,"[""a_only"", ""adb"", ""battery_calibration"", ""battery_health_read"", ""display_pwm_test"", ""dynamic_partitions"", ""edl"", ""evidence_capture"", ""fastboot"", ""fastbootd"", ""frp_owner_assisted"", ""network_reset"", ""official_rom_flash"", ""ota"", ""recovery"", ""sim_reset"", ""storage_health_read"", ""thermal_read"", ""touch_grid_test"", ""verified_boot""]","[""edl_requires_signed_programmer"", ""pre_install_required:needs_specific_android_fw""]","[""lineageos"", ""seed"", ""ift""]",desconocido,,,Xiaomi
miatoll,5,xiaomi,Redmi Note 9 Pro Max,Qualcomm SM7125 Snapdragon 720G,qualcomm,sm6250,"[""M2003J6B1I""]",5020,6.67,1080x2400,21,,1,avb,recovery,fastboot_xiaomi,EDL 900E / 9008 (Sahara + Firehose XML),1,"[""a_only"", ""adb"", ""battery_calibration"", ""battery_health_read"", ""display_pwm_test"", ""dynamic_partitions"", ""edl"", ""evidence_capture"", ""fastboot"", ""fastbootd"", ""frp_owner_assisted"", ""network_reset"", ""official_rom_flash"", ""ota"", ""recovery"", ""sim_reset"", ""storage_health_read"", ""thermal_read"", ""touch_grid_test"", ""verified_boot""]","[""edl_requires_signed_programmer"", ""pre_install_required:needs_specific_android_fw""]","[""lineageos"", ""seed"", ""ift""]",desconocido,,,Xiaomi
miatoll,6,xiaomi,Redmi Note 10 Lite,Qualcomm SM7125 Snapdragon 720G,qualcomm,sm6250,"[""2109106A1I""]",5020,6.67,1080x2400,21,,1,avb,recovery,fastboot_xiaomi,EDL 900E / 9008 (Sahara + Firehose XML),1,"[""a_only"", ""adb"", ""battery_calibration"", ""battery_health_read"", ""display_pwm_test"", ""dynamic_partitions"", ""edl"", ""evidence_capture"", ""fastboot"", ""fastbootd"", ""frp_owner_assisted"", ""network_reset"", ""official_rom_flash"", ""ota"", ""recovery"", ""sim_reset"", ""storage_health_read"", ""thermal_read"", ""touch_grid_test"", ""verified_boot""]","[""edl_requires_signed_programmer"", ""pre_install_required:needs_specific_android_fw""]","[""lineageos"", ""seed"", ""ift""]",desconocido,,,Xiaomi
mido,,xiaomi,Redmi Note 4,Qualcomm MSM8953 Snapdragon 625,qualcomm,msm8953,[],4100,5.5,1080x1920,,,,,recovery,fastboot_xiaomi,EDL 900E / 9008 (Sahara + Firehose XML),1,"[""a_only"", ""adb"", ""battery_calibration"", ""battery_health_read"", ""display_pwm_test"", ""edl"", ""evidence_capture"", ""fastboot"", ""frp_owner_assisted"", ""network_reset"", ""official_rom_flash"", ""ota"", ""recovery"", ""sim_reset"", ""storage_health_read"", ""thermal_read"", ""touch_grid_test""]","[""edl_requires_signed_programmer""]","[""lineageos"", ""seed"", ""play"", ""ift""]",desconocido,,,Xiaomi
mondrian,1,xiaomi,POCO F5 Pro,Qualcomm SM8475 Snapdragon 8+ Gen1,qualcomm,sm8450,"[""23013PC75G""]",5160,6.67,3200x1440,22,1,1,avb,recovery,fastboot_xiaomi,EDL 900E / 9008 (Sahara + Firehose XML),1,"[""a_b_slots"", ""adb"", ""battery_calibration"", ""battery_health_read"", ""display_pwm_test"", ""dynamic_partitions"", ""edl"", ""evidence_capture"", ""fastboot"", ""fastbootd"", ""frp_owner_assisted"", ""network_reset"", ""official_rom_flash"", ""ota"", ""recovery"", ""sim_reset"", ""storage_health_read"", ""thermal_read"", ""touch_grid_test"", ""verified_boot""]","[""edl_requires_signed_programmer"", ""pre_install_required:needs_specific_android_fw""]","[""lineageos"", ""seed"", ""ift""]",desconocido,,,Xiaomi
mondrian,2,xiaomi,Redmi K60,Qualcomm SM8475 Snapdragon 8+ Gen1,qualcomm,sm8450,"[""23013RK75C""]",5500,6.67,3200x1440,22,1,1,avb,recovery,fastboot_xiaomi,EDL 900E / 9008 (Sahara + Firehose XML),1,"[""a_b_slots"", ""adb"", ""battery_calibration"", ""battery_health_read"", ""display_pwm_test"", ""dynamic_partitions"", ""edl"", ""evidence_capture"", ""fastboot"", ""fastbootd"", ""frp_owner_assisted"", ""network_reset"", ""official_rom_flash"", ""ota"", ""recovery"", ""sim_reset"", ""storage_health_read"", ""thermal_read"", ""touch_grid_test"", ""verified_boot""]","[""edl_requires_signed_programmer"", ""pre_install_required:needs_specific_android_fw""]","[""lineageos"", ""seed"", ""play"", ""ift""]",desconocido,,,Xiaomi
monet,,xiaomi,Mi 10 Lite 5G,Qualcomm SM7250 Snapdragon 765G,qualcomm,sm7250,"[""M2002J9G""]",4160,6.57,1080x2340,21,,1,avb,recovery,fastboot_xiaomi,EDL 900E / 9008 (Sahara + Firehose XML),1,"[""a_only"", ""adb"", ""battery_calibration"", ""battery_health_read"", ""display_pwm_test"", ""dynamic_partitions"", ""edl"", ""evidence_capture"", ""fastboot"", ""fastbootd"", ""frp_owner_assisted"", ""network_reset"", ""official_rom_flash"", ""ota"", ""recovery"", ""sim_reset"", ""storage_health_read"", ""thermal_read"", ""touch_grid_test"", ""verified_boot""]","[""edl_requires_signed_programmer"", ""pre_install_required:needs_specific_android_fw""]","[""lineageos"", ""seed"", ""play"", ""ift""]",desconocido,,,Xiaomi
munch,1,xiaomi,POCO F4,Qualcomm SM8250-AC Snapdragon 870,qualcomm,sm8250,"[""22021211RG"", ""22021211RI""]",4500,6.67,1080x2400,22,1,1,avb,vendor_boot,fastboot_xiaomi,EDL 900E / 9008 (Sahara + Firehose XML),1,"[""a_b_slots"", ""adb"", ""battery_calibration"", ""battery_health_read"", ""display_pwm_test"", ""dynamic_partitions"", ""edl"", ""evidence_capture"", ""fastboot"", ""fastbootd"", ""frp_owner_assisted"", ""network_reset"", ""official_rom_flash"", ""ota"", ""recovery"", ""sim_reset"", ""storage_health_read"", ""thermal_read"", ""touch_grid_test"", ""verified_boot""]","[""edl_requires_signed_programmer"", ""pre_install_required:needs_specific_android_fw"", ""recovery_flash_target_is:vendor_boot""]","[""lineageos"", ""seed"", ""ift""]",desconocido,,,Xiaomi
munch,2,xiaomi,Redmi K40S,Qualcomm SM8250-AC Snapdragon 870,qualcomm,sm8250,"[""22021211RC""]",4500,6.67,1080x2400,22,1,1,avb,vendor_boot,fastboot_xiaomi,EDL 900E / 9008 (Sahara + Firehose XML),1,"[""a_b_slots"", ""adb"", ""battery_calibration"", ""battery_health_read"", ""display_pwm_test"", ""dynamic_partitions"", ""edl"", ""evidence_capture"", ""fastboot"", ""fastbootd"", ""frp_owner_assisted"", ""network_reset"", ""official_rom_flash"", ""ota"", ""recovery"", ""sim_reset"", ""storage_health_read"", ""thermal_read"", ""touch_grid_test"", ""verified_boot""]","[""edl_requires_signed_programmer"", ""pre_install_required:needs_specific_android_fw"", ""recovery_flash_target_is:vendor_boot""]","[""lineageos"", ""seed"", ""play"", ""ift""]",desconocido,,,Xiaomi
natrium,,xiaomi,Mi 5s Plus,Qualcomm MSM8996 Pro Snapdragon 821,qualcomm,msm8996,[],3800,5.7,1080x1920,21,,1,avb,recovery,fastboot_xiaomi,EDL 900E / 9008 (Sahara + Firehose XML),1,"[""a_only"", ""adb"", ""battery_calibration"", ""battery_health_read"", ""display_pwm_test"", ""dynamic_partitions"", ""edl"", ""evidence_capture"", ""fastboot"", ""fastbootd"", ""frp_owner_assisted"", ""network_reset"", ""official_rom_flash"", ""ota"", ""recovery"", ""sim_reset"", ""storage_health_read"", ""thermal_read"", ""touch_grid_test"", ""verified_boot""]","[""edl_requires_signed_programmer""]","[""lineageos"", ""seed"", ""play"", ""ift""]",desconocido,,,Xiaomi
nuwa,,xiaomi,13 Pro,Qualcomm SM8550 Snapdragon 8 Gen2,qualcomm,sm8550,"[""2210132G"", ""2210132C""]",4820,6.73,3200x1440,22,1,1,avb,recovery,fastboot_xiaomi_hyperos,EDL 900E / 9008 (Sahara + Firehose XML),1,"[""a_b_slots"", ""adb"", ""battery_calibration"", ""battery_health_read"", ""display_pwm_test"", ""dynamic_partitions"", ""edl"", ""evidence_capture"", ""fastboot"", ""fastbootd"", ""frp_owner_assisted"", ""network_reset"", ""official_rom_flash"", ""ota"", ""recovery"", ""sim_reset"", ""storage_health_read"", ""thermal_read"", ""touch_grid_test"", ""verified_boot""]","[""edl_requires_signed_programmer"", ""pre_install_required:needs_specific_android_fw""]","[""lineageos"", ""seed"", ""play"", ""ift""]",desconocido,,,Xiaomi
onclite,1,xiaomi,Redmi 7,Qualcomm SDM632 Snapdragon 632,qualcomm,onclite,[],4000,6.26,1520x720,20,,1,avb,recovery,fastboot_xiaomi,EDL 900E / 9008 (Sahara + Firehose XML),1,"[""a_only"", ""adb"", ""battery_calibration"", ""battery_health_read"", ""display_pwm_test"", ""dynamic_partitions"", ""edl"", ""evidence_capture"", ""fastboot"", ""fastbootd"", ""frp_owner_assisted"", ""network_reset"", ""official_rom_flash"", ""ota"", ""recovery"", ""sim_reset"", ""storage_health_read"", ""thermal_read"", ""touch_grid_test"", ""verified_boot""]","[""edl_requires_signed_programmer""]","[""lineageos"", ""seed"", ""ift""]",desconocido,,,Xiaomi
onclite,2,xiaomi,Redmi Y3,Qualcomm SDM632 Snapdragon 632,qualcomm,onclite,[],4000,6.26,1520x720,20,,1,avb,recovery,fastboot_xiaomi,EDL 900E / 9008 (Sahara + Firehose XML),1,"[""a_only"", ""adb"", ""battery_calibration"", ""battery_health_read"", ""display_pwm_test"", ""dynamic_partitions"", ""edl"", ""evidence_capture"", ""fastboot"", ""fastbootd"", ""frp_owner_assisted"", ""network_reset"", ""official_rom_flash"", ""ota"", ""recovery"", ""sim_reset"", ""storage_health_read"", ""thermal_read"", ""touch_grid_test"", ""verified_boot""]","[""edl_requires_signed_programmer""]","[""lineageos"", ""seed"", ""ift""]",desconocido,,,Xiaomi
peridot,1,xiaomi,POCO F6,Qualcomm SM8635 Snapdragon 8s Gen3,qualcomm,sm8635,"[""24069PC21G"", ""24069PC21I""]",5000,6.67,1220x2712,22,1,1,avb,recovery,fastboot_xiaomi,EDL 900E / 9008 (Sahara + Firehose XML),1,"[""a_b_slots"", ""adb"", ""battery_calibration"", ""battery_health_read"", ""display_pwm_test"", ""dynamic_partitions"", ""edl"", ""evidence_capture"", ""fastboot"", ""fastbootd"", ""frp_owner_assisted"", ""network_reset"", ""official_rom_flash"", ""ota"", ""recovery"", ""sim_reset"", ""storage_health_read"", ""thermal_read"", ""touch_grid_test"", ""verified_boot""]","[""edl_requires_signed_programmer"", ""pre_install_required:needs_specific_android_fw""]","[""lineageos"", ""seed"", ""ift""]",desconocido,,,Xiaomi
peridot,2,xiaomi,Redmi Turbo 3,Qualcomm SM8635 Snapdragon 8s Gen3,qualcomm,sm8635,"[""24069RA21C""]",5000,6.67,1220x2712,22,1,1,avb,recovery,fastboot_xiaomi,EDL 900E / 9008 (Sahara + Firehose XML),1,"[""a_b_slots"", ""adb"", ""battery_calibration"", ""battery_health_read"", ""display_pwm_test"", ""dynamic_partitions"", ""edl"", ""evidence_capture"", ""fastboot"", ""fastbootd"", ""frp_owner_assisted"", ""network_reset"", ""official_rom_flash"", ""ota"", ""recovery"", ""sim_reset"", ""storage_health_read"", ""thermal_read"", ""touch_grid_test"", ""verified_boot""]","[""edl_requires_signed_programmer"", ""pre_install_required:needs_specific_android_fw""]","[""lineageos"", ""seed"", ""play"", ""ift""]",desconocido,,,Xiaomi
perseus,,xiaomi,Mi MIX 3,Qualcomm SDM845 Snapdragon 845,qualcomm,sdm845,[],3200,6.39,1080x2340,21,,1,avb,recovery,fastboot_xiaomi,EDL 900E / 9008 (Sahara + Firehose XML),1,"[""a_only"", ""adb"", ""battery_calibration"", ""battery_health_read"", ""display_pwm_test"", ""dynamic_partitions"", ""edl"", ""evidence_capture"", ""fastboot"", ""fastbootd"", ""frp_owner_assisted"", ""network_reset"", ""official_rom_flash"", ""ota"", ""recovery"", ""sim_reset"", ""storage_health_read"", ""thermal_read"", ""touch_grid_test"", ""verified_boot""]","[""edl_requires_signed_programmer"", ""pre_install_required:needs_specific_android_fw""]","[""lineageos"", ""seed"", ""play"", ""ift""]",desconocido,,,Xiaomi
platina,,xiaomi,Mi 8 Lite,Qualcomm SDM660 Snapdragon 660,qualcomm,sdm660,[],3350,6.26,2280x1080,17,,1,avb,recovery,fastboot_xiaomi,EDL 900E / 9008 (Sahara + Firehose XML),1,"[""a_only"", ""adb"", ""battery_calibration"", ""battery_health_read"", ""display_pwm_test"", ""dynamic_partitions"", ""edl"", ""evidence_capture"", ""fastboot"", ""fastbootd"", ""frp_owner_assisted"", ""network_reset"", ""official_rom_flash"", ""ota"", ""recovery"", ""sim_reset"", ""storage_health_read"", ""thermal_read"", ""touch_grid_test"", ""verified_boot""]","[""edl_requires_signed_programmer""]","[""lineageos"", ""seed"", ""play"", ""ift""]",desconocido,,,Xiaomi
polaris,,xiaomi,Mi MIX 2S,Qualcomm SDM845 Snapdragon 845,qualcomm,sdm845,[],3400,5.99,1080x2160,21,,1,avb,recovery,fastboot_xiaomi,EDL 900E / 9008 (Sahara + Firehose XML),1,"[""a_only"", ""adb"", ""battery_calibration"", ""battery_health_read"", ""display_pwm_test"", ""dynamic_partitions"", ""edl"", ""evidence_capture"", ""fastboot"", ""fastbootd"", ""frp_owner_assisted"", ""network_reset"", ""official_rom_flash"", ""ota"", ""recovery"", ""sim_reset"", ""storage_health_read"", ""thermal_read"", ""touch_grid_test"", ""verified_boot""]","[""edl_requires_signed_programmer"", ""pre_install_required:needs_specific_android_fw""]","[""lineageos"", ""seed"", ""play"", ""ift""]",desconocido,,,Xiaomi
pyxis,1,xiaomi,Mi CC9,Qualcomm SDM710 Snapdragon 710,qualcomm,sdm710,"[""M1904F3BC""]",4030,6.31,1080x2340,21,,1,avb,recovery,fastboot_xiaomi,EDL 900E / 9008 (Sahara + Firehose XML),1,"[""a_only"", ""adb"", ""battery_calibration"", ""battery_health_read"", ""display_pwm_test"", ""dynamic_partitions"", ""edl"", ""evidence_capture"", ""fastboot"", ""fastbootd"", ""frp_owner_assisted"", ""network_reset"", ""official_rom_flash"", ""ota"", ""recovery"", ""sim_reset"", ""storage_health_read"", ""thermal_read"", ""touch_grid_test"", ""verified_boot""]","[""edl_requires_signed_programmer"", ""pre_install_required:needs_specific_android_fw""]","[""lineageos"", ""seed"", ""ift""]",desconocido,,,Xiaomi
pyxis,2,xiaomi,Mi 9 Lite,Qualcomm SDM710 Snapdragon 710,qualcomm,sdm710,"[""M1904F3BG""]",4030,6.31,1080x2340,21,,1,avb,recovery,fastboot_xiaomi,EDL 900E / 9008 (Sahara + Firehose XML),1,"[""a_only"", ""adb"", ""battery_calibration"", ""battery_health_read"", ""display_pwm_test"", ""dynamic_partitions"", ""edl"", ""evidence_capture"", ""fastboot"", ""fastbootd"", ""frp_owner_assisted"", ""network_reset"", ""official_rom_flash"", ""ota"", ""recovery"", ""sim_reset"", ""storage_health_read"", ""thermal_read"", ""touch_grid_test"", ""verified_boot""]","[""edl_requires_signed_programmer"", ""pre_install_required:needs_specific_android_fw""]","[""lineageos"", ""seed"", ""play"", ""ift""]",desconocido,,,Xiaomi
renoir,,xiaomi,Mi 11 Lite 5G,Qualcomm SM7350-AB Snapdragon 780G 5G,qualcomm,sm8350,"[""M2101K9G"", ""M2101K9C"", ""M2101K9R""]",4250,6.67,1080x2400,22,1,1,avb,boot,fastboot_xiaomi,EDL 900E / 9008 (Sahara + Firehose XML),1,"[""a_b_slots"", ""adb"", ""battery_calibration"", ""battery_health_read"", ""display_pwm_test"", ""dynamic_partitions"", ""edl"", ""evidence_capture"", ""fastboot"", ""fastbootd"", ""frp_owner_assisted"", ""network_reset"", ""official_rom_flash"", ""ota"", ""recovery"", ""sim_reset"", ""storage_health_read"", ""thermal_read"", ""touch_grid_test"", ""verified_boot""]","[""edl_requires_signed_programmer"", ""pre_install_required:needs_specific_android_fw"", ""recovery_flash_target_is:boot""]","[""lineageos"", ""seed"", ""play"", ""ift""]",desconocido,,,Xiaomi
rosemary,1,xiaomi,Redmi Note 10S,Mediatek Helio G95,mediatek,mt6785,[],5000,6.43,1080x2400,22,1,1,avb,boot,fastboot_xiaomi,BROM 0E8D:0000 / Preloader 0E8D:0001 (BROM + DA agent),1,"[""a_b_slots"", ""adb"", ""battery_calibration"", ""battery_health_read"", ""brom"", ""display_pwm_test"", ""dynamic_partitions"", ""evidence_capture"", ""fastboot"", ""fastbootd"", ""frp_owner_assisted"", ""network_reset"", ""official_rom_flash"", ""ota"", ""recovery"", ""sim_reset"", ""storage_health_read"", ""thermal_read"", ""touch_grid_test"", ""verified_boot""]","[""brom_requires_da_agent"", ""pre_install_required:needs_specific_android_fw"", ""recovery_flash_target_is:boot""]","[""lineageos"", ""seed"", ""ift""]",desconocido,,,Xiaomi
rosemary,2,xiaomi,Redmi Note 10S NFC,Mediatek Helio G95,mediatek,mt6785,[],5000,6.43,1080x2400,22,1,1,avb,boot,fastboot_xiaomi,BROM 0E8D:0000 / Preloader 0E8D:0001 (BROM + DA agent),1,"[""a_b_slots"", ""adb"", ""battery_calibration"", ""battery_health_read"", ""brom"", ""display_pwm_test"", ""dynamic_partitions"", ""evidence_capture"", ""fastboot"", ""fastbootd"", ""frp_owner_assisted"", ""network_reset"", ""official_rom_flash"", ""ota"", ""recovery"", ""sim_reset"", ""storage_health_read"", ""thermal_read"", ""touch_grid_test"", ""verified_boot""]","[""brom_requires_da_agent"", ""pre_install_required:needs_specific_android_fw"", ""recovery_flash_target_is:boot""]","[""lineageos"", ""seed"", ""ift""]",desconocido,,,Xiaomi
rosemary,3,xiaomi,Redmi Note 10S Latin America,Mediatek Helio G95,mediatek,mt6785,[],5000,6.43,1080x2400,22,1,1,avb,boot,fastboot_xiaomi,BROM 0E8D:0000 / Preloader 0E8D:0001 (BROM + DA agent),1,"[""a_b_slots"", ""adb"", ""battery_calibration"", ""battery_health_read"", ""brom"", ""display_pwm_test"", ""dynamic_partitions"", ""evidence_capture"", ""fastboot"", ""fastbootd"", ""frp_owner_assisted"", ""network_reset"", ""official_rom_flash"", ""ota"", ""recovery"", ""sim_reset"", ""storage_health_read"", ""thermal_read"", ""touch_grid_test"", ""verified_boot""]","[""brom_requires_da_agent"", ""pre_install_required:needs_specific_android_fw"", ""recovery_flash_target_is:boot""]","[""lineageos"", ""seed"", ""ift""]",desconocido,,,Xiaomi
rosemary,4,xiaomi,POCO M5s,Mediatek Helio G95,mediatek,mt6785,[],5000,6.43,1080x2400,22,1,1,avb,boot,fastboot_xiaomi,BROM 0E8D:0000 / Preloader 0E8D:0001 (BROM + DA agent),1,"[""a_b_slots"", ""adb"", ""battery_calibration"", ""battery_health_read"", ""brom"", ""display_pwm_test"", ""dynamic_partitions"", ""evidence_capture"", ""fastboot"", ""fastbootd"", ""frp_owner_assisted"", ""network_reset"", ""official_rom_flash"", ""ota"", ""recovery"", ""sim_reset"", ""storage_health_read"", ""thermal_read"", ""touch_grid_test"", ""verified_boot""]","[""brom_requires_da_agent"", ""pre_install_required:needs_specific_android_fw"", ""recovery_flash_target_is:boot""]","[""lineageos"", ""seed"", ""play"", ""ift""]",desconocido,,,Xiaomi
sagit,,xiaomi,Mi 6,Qualcomm MSM8998 Snapdragon 835,qualcomm,msm8998,[],3350,5.15,1920x1080,21,,1,avb,recovery,fastboot_xiaomi,EDL 900E / 9008 (Sahara + Firehose XML),1,"[""a_only"", ""adb"", ""battery_calibration"", ""battery_health_read"", ""display_pwm_test"", ""dynamic_partitions"", ""edl"", ""evidence_capture"", ""fastboot"", ""fastbootd"", ""frp_owner_assisted"", ""network_reset"", ""official_rom_flash"", ""ota"", ""recovery"", ""sim_reset"", ""storage_health_read"", ""thermal_read"", ""touch_grid_test"", ""verified_boot""]","[""edl_requires_signed_programmer""]","[""lineageos"", ""seed"", ""play"", ""ift""]",desconocido,,,Xiaomi
santoni,,xiaomi,Redmi 4(X),Qualcomm MSM8940 Snapdragon 435,qualcomm,msm8937,[],4100,5,720x1280,,,,,recovery,fastboot_xiaomi,EDL 900E / 9008 (Sahara + Firehose XML),1,"[""a_only"", ""adb"", ""battery_calibration"", ""battery_health_read"", ""display_pwm_test"", ""edl"", ""evidence_capture"", ""fastboot"", ""frp_owner_assisted"", ""network_reset"", ""official_rom_flash"", ""ota"", ""recovery"", ""sim_reset"", ""storage_health_read"", ""thermal_read"", ""touch_grid_test""]","[""edl_requires_signed_programmer""]","[""lineageos"", ""seed"", ""play"", ""ift""]",desconocido,,,Xiaomi
scorpio,,xiaomi,Mi Note 2,Qualcomm MSM8996 Pro Snapdragon 821,qualcomm,msm8996,[],4070,5.7,1080x1920,21,,1,avb,recovery,fastboot_xiaomi,EDL 900E / 9008 (Sahara + Firehose XML),1,"[""a_only"", ""adb"", ""battery_calibration"", ""battery_health_read"", ""display_pwm_test"", ""dynamic_partitions"", ""edl"", ""evidence_capture"", ""fastboot"", ""fastbootd"", ""frp_owner_assisted"", ""network_reset"", ""official_rom_flash"", ""ota"", ""recovery"", ""sim_reset"", ""storage_health_read"", ""thermal_read"", ""touch_grid_test"", ""verified_boot""]","[""edl_requires_signed_programmer""]","[""lineageos"", ""seed"", ""play"", ""ift""]",desconocido,,,Xiaomi
shark,,xiaomi,Black Shark,Qualcomm SDM845 Snapdragon 845,qualcomm,shark,"[""SKR-A0"", ""SKR-H0""]",4000,5.99,2160x1080,21,1,1,avb,boot,fastboot_nexus,EDL 900E / 9008 (Sahara + Firehose XML),1,"[""a_b_slots"", ""adb"", ""battery_calibration"", ""battery_health_read"", ""display_pwm_test"", ""dynamic_partitions"", ""edl"", ""evidence_capture"", ""fastboot"", ""fastbootd"", ""frp_owner_assisted"", ""network_reset"", ""official_rom_flash"", ""ota"", ""recovery"", ""sim_reset"", ""storage_health_read"", ""thermal_read"", ""touch_grid_test"", ""unlock_official"", ""verified_boot""]","[""edl_requires_signed_programmer"", ""recovery_flash_target_is:boot""]","[""lineageos"", ""seed"", ""play"", ""ift""]",desconocido,,,Xiaomi
socrates,,xiaomi,Redmi K60 Pro,Qualcomm SM8550 Snapdragon 8 Gen2,qualcomm,sm8550,"[""22127RK46C""]",5000,6.67,3200x1440,22,1,1,avb,recovery,fastboot_xiaomi_hyperos,EDL 900E / 9008 (Sahara + Firehose XML),1,"[""a_b_slots"", ""adb"", ""battery_calibration"", ""battery_health_read"", ""display_pwm_test"", ""dynamic_partitions"", ""edl"", ""evidence_capture"", ""fastboot"", ""fastbootd"", ""frp_owner_assisted"", ""network_reset"", ""official_rom_flash"", ""ota"", ""recovery"", ""sim_reset"", ""storage_health_read"", ""thermal_read"", ""touch_grid_test"", ""verified_boot""]","[""edl_requires_signed_programmer"", ""pre_install_required:needs_specific_android_fw""]","[""lineageos"", ""seed"", ""play"", ""ift""]",desconocido,,,Xiaomi
surya,,xiaomi,POCO X3 NFC,Qualcomm SM7150-AC Snapdragon 732G,qualcomm,surya,"[""M2007J20CG"", ""M2007J20CI""]",5160,6.67,2400x1080,21,,1,avb,recovery,fastboot_xiaomi,EDL 900E / 9008 (Sahara + Firehose XML),1,"[""a_only"", ""adb"", ""battery_calibration"", ""battery_health_read"", ""display_pwm_test"", ""dynamic_partitions"", ""edl"", ""evidence_capture"", ""fastboot"", ""fastbootd"", ""frp_owner_assisted"", ""network_reset"", ""official_rom_flash"", ""ota"", ""recovery"", ""sim_reset"", ""storage_health_read"", ""thermal_read"", ""touch_grid_test"", ""verified_boot""]","[""edl_requires_signed_programmer"", ""pre_install_required:needs_specific_android_fw""]","[""lineageos"", ""seed"", ""play"", ""ift""]",desconocido,,,Xiaomi
sweet,1,xiaomi,Redmi Note 10 Pro,Qualcomm SM7150-AC Snapdragon 732G,qualcomm,sm6150,"[""M2101K6G"", ""M2101K6R""]",5020,6.67,2400x1080,22,,1,avb,recovery,fastboot_xiaomi,EDL 900E / 9008 (Sahara + Firehose XML),1,"[""a_only"", ""adb"", ""battery_calibration"", ""battery_health_read"", ""display_pwm_test"", ""dynamic_partitions"", ""edl"", ""evidence_capture"", ""fastboot"", ""fastbootd"", ""frp_owner_assisted"", ""network_reset"", ""official_rom_flash"", ""ota"", ""recovery"", ""sim_reset"", ""storage_health_read"", ""thermal_read"", ""touch_grid_test"", ""verified_boot""]","[""edl_requires_signed_programmer"", ""pre_install_required:needs_specific_android_fw""]","[""lineageos"", ""seed"", ""ift""]",desconocido,,,Xiaomi
sweet,2,xiaomi,Redmi Note 10 Pro (India),Qualcomm SM7150-AC Snapdragon 732G,qualcomm,sm6150,"[""M2101K6P""]",5020,6.67,2400x1080,22,,1,avb,recovery,fastboot_xiaomi,EDL 900E / 9008 (Sahara + Firehose XML),1,"[""a_only"", ""adb"", ""battery_calibration"", ""battery_health_read"", ""display_pwm_test"", ""dynamic_partitions"", ""edl"", ""evidence_capture"", ""fastboot"", ""fastbootd"", ""frp_owner_assisted"", ""network_reset"", ""official_rom_flash"", ""ota"", ""recovery"", ""sim_reset"", ""storage_health_read"", ""thermal_read"", ""touch_grid_test"", ""verified_boot""]","[""edl_requires_signed_programmer"", ""pre_install_required:needs_specific_android_fw""]","[""lineageos"", ""seed"", ""play"", ""ift""]",desconocido,,,Xiaomi
sweet,3,xiaomi,Redmi Note 10 Pro Max (India),Qualcomm SM7150-AC Snapdragon 732G,qualcomm,sm6150,"[""M2101K6I""]",5020,6.67,2400x1080,22,,1,avb,recovery,fastboot_xiaomi,EDL 900E / 9008 (Sahara + Firehose XML),1,"[""a_only"", ""adb"", ""battery_calibration"", ""battery_health_read"", ""display_pwm_test"", ""dynamic_partitions"", ""edl"", ""evidence_capture"", ""fastboot"", ""fastbootd"", ""frp_owner_assisted"", ""network_reset"", ""official_rom_flash"", ""ota"", ""recovery"", ""sim_reset"", ""storage_health_read"", ""thermal_read"", ""touch_grid_test"", ""verified_boot""]","[""edl_requires_signed_programmer"", ""pre_install_required:needs_specific_android_fw""]","[""lineageos"", ""seed"", ""play"", ""ift""]",desconocido,,,Xiaomi
thor,,xiaomi,12S Ultra,Qualcomm SM8475 Snapdragon 8+ Gen1,qualcomm,sm8450,"[""2203121C""]",4860,6.73,1440x3200,22,1,1,avb,recovery,fastboot_xiaomi,EDL 900E / 9008 (Sahara + Firehose XML),1,"[""a_b_slots"", ""adb"", ""battery_calibration"", ""battery_health_read"", ""display_pwm_test"", ""dynamic_partitions"", ""edl"", ""evidence_capture"", ""fastboot"", ""fastbootd"", ""frp_owner_assisted"", ""network_reset"", ""official_rom_flash"", ""ota"", ""recovery"", ""sim_reset"", ""storage_health_read"", ""thermal_read"", ""touch_grid_test"", ""verified_boot""]","[""edl_requires_signed_programmer"", ""pre_install_required:needs_specific_android_fw""]","[""lineageos"", ""seed"", ""play"", ""ift""]",desconocido,,,Xiaomi
thyme,,xiaomi,Mi 10S,Qualcomm SM8250-AC Snapdragon 870,qualcomm,sm8250,"[""M2102J2SC""]",4780,6.67,1080x2340,22,1,1,avb,vendor_boot,fastboot_xiaomi_hyperos,EDL 900E / 9008 (Sahara + Firehose XML),1,"[""a_b_slots"", ""adb"", ""battery_calibration"", ""battery_health_read"", ""display_pwm_test"", ""dynamic_partitions"", ""edl"", ""evidence_capture"", ""fastboot"", ""fastbootd"", ""frp_owner_assisted"", ""network_reset"", ""official_rom_flash"", ""ota"", ""recovery"", ""sim_reset"", ""storage_health_read"", ""thermal_read"", ""touch_grid_test"", ""verified_boot""]","[""edl_requires_signed_programmer"", ""pre_install_required:needs_specific_android_fw"", ""recovery_flash_target_is:vendor_boot""]","[""lineageos"", ""seed"", ""play"", ""ift""]",desconocido,,,Xiaomi
tissot,,xiaomi,Mi A1,Qualcomm MSM8953 Snapdragon 625,qualcomm,msm8953,[],3080,5.5,1080x1920,19,1,1,avb,boot,fastboot_nexus,EDL 900E / 9008 (Sahara + Firehose XML),1,"[""a_b_slots"", ""adb"", ""battery_calibration"", ""battery_health_read"", ""display_pwm_test"", ""dynamic_partitions"", ""edl"", ""evidence_capture"", ""fastboot"", ""fastbootd"", ""frp_owner_assisted"", ""network_reset"", ""official_rom_flash"", ""ota"", ""recovery"", ""sim_reset"", ""storage_health_read"", ""thermal_read"", ""touch_grid_test"", ""unlock_official"", ""verified_boot""]","[""edl_requires_signed_programmer"", ""recovery_flash_target_is:boot""]","[""lineageos"", ""seed"", ""ift""]",desconocido,,,Xiaomi
tucana,1,xiaomi,Mi Note 10,Qualcomm SM7150-AB Snapdragon 730G,qualcomm,sm6150,"[""M1910F4G""]",5260,6.47,2340x1080,22,,1,avb,recovery,fastboot_xiaomi,EDL 900E / 9008 (Sahara + Firehose XML),1,"[""a_only"", ""adb"", ""battery_calibration"", ""battery_health_read"", ""display_pwm_test"", ""dynamic_partitions"", ""edl"", ""evidence_capture"", ""fastboot"", ""fastbootd"", ""frp_owner_assisted"", ""network_reset"", ""official_rom_flash"", ""ota"", ""recovery"", ""sim_reset"", ""storage_health_read"", ""thermal_read"", ""touch_grid_test"", ""verified_boot""]","[""edl_requires_signed_programmer"", ""pre_install_required:needs_specific_android_fw""]","[""lineageos"", ""seed"", ""ift""]",desconocido,,,Xiaomi
tucana,2,xiaomi,Mi Note 10 Pro,Qualcomm SM7150-AB Snapdragon 730G,qualcomm,sm6150,"[""M1910F4S""]",5260,6.47,2340x1080,22,,1,avb,recovery,fastboot_xiaomi,EDL 900E / 9008 (Sahara + Firehose XML),1,"[""a_only"", ""adb"", ""battery_calibration"", ""battery_health_read"", ""display_pwm_test"", ""dynamic_partitions"", ""edl"", ""evidence_capture"", ""fastboot"", ""fastbootd"", ""frp_owner_assisted"", ""network_reset"", ""official_rom_flash"", ""ota"", ""recovery"", ""sim_reset"", ""storage_health_read"", ""thermal_read"", ""touch_grid_test"", ""verified_boot""]","[""edl_requires_signed_programmer"", ""pre_install_required:needs_specific_android_fw""]","[""lineageos"", ""seed"", ""ift""]",desconocido,,,Xiaomi
tucana,3,xiaomi,Mi CC9 Pro,Qualcomm SM7150-AB Snapdragon 730G,qualcomm,sm6150,"[""M1910F4E""]",5260,6.47,2340x1080,22,,1,avb,recovery,fastboot_xiaomi,EDL 900E / 9008 (Sahara + Firehose XML),1,"[""a_only"", ""adb"", ""battery_calibration"", ""battery_health_read"", ""display_pwm_test"", ""dynamic_partitions"", ""edl"", ""evidence_capture"", ""fastboot"", ""fastbootd"", ""frp_owner_assisted"", ""network_reset"", ""official_rom_flash"", ""ota"", ""recovery"", ""sim_reset"", ""storage_health_read"", ""thermal_read"", ""touch_grid_test"", ""verified_boot""]","[""edl_requires_signed_programmer"", ""pre_install_required:needs_specific_android_fw""]","[""lineageos"", ""seed"", ""play"", ""ift""]",desconocido,,,Xiaomi
twolip,,xiaomi,Redmi Note 6 Pro,Qualcomm SDM636 Snapdragon 636,qualcomm,sdm660,[],4000,6.26,1080x2280,17,,1,avb,recovery,fastboot_xiaomi,EDL 900E / 9008 (Sahara + Firehose XML),1,"[""a_only"", ""adb"", ""battery_calibration"", ""battery_health_read"", ""display_pwm_test"", ""dynamic_partitions"", ""edl"", ""evidence_capture"", ""fastboot"", ""fastbootd"", ""frp_owner_assisted"", ""network_reset"", ""official_rom_flash"", ""ota"", ""recovery"", ""sim_reset"", ""storage_health_read"", ""thermal_read"", ""touch_grid_test"", ""verified_boot""]","[""edl_requires_signed_programmer""]","[""lineageos"", ""seed"", ""ift""]",desconocido,,,Xiaomi
umi,,xiaomi,Mi 10,Qualcomm SM8250 Snapdragon 865,qualcomm,sm8250,"[""M2001J2G"", ""M2001J2I""]",4780,6.67,1080x2340,22,,1,avb,recovery,fastboot_xiaomi_hyperos,EDL 900E / 9008 (Sahara + Firehose XML),1,"[""a_only"", ""adb"", ""battery_calibration"", ""battery_health_read"", ""display_pwm_test"", ""dynamic_partitions"", ""edl"", ""evidence_capture"", ""fastboot"", ""fastbootd"", ""frp_owner_assisted"", ""network_reset"", ""official_rom_flash"", ""ota"", ""recovery"", ""sim_reset"", ""storage_health_read"", ""thermal_read"", ""touch_grid_test"", ""verified_boot""]","[""edl_requires_signed_programmer"", ""pre_install_required:needs_specific_android_fw""]","[""lineageos"", ""seed"", ""play"", ""ift""]",desconocido,,,Xiaomi
unicorn,,xiaomi,12S Pro,Qualcomm SM8475 Snapdragon 8+ Gen1,qualcomm,sm8450,"[""2206122SC""]",4600,6.73,1440x3200,22,1,1,avb,recovery,fastboot_xiaomi,EDL 900E / 9008 (Sahara + Firehose XML),1,"[""a_b_slots"", ""adb"", ""battery_calibration"", ""battery_health_read"", ""display_pwm_test"", ""dynamic_partitions"", ""edl"", ""evidence_capture"", ""fastboot"", ""fastbootd"", ""frp_owner_assisted"", ""network_reset"", ""official_rom_flash"", ""ota"", ""recovery"", ""sim_reset"", ""storage_health_read"", ""thermal_read"", ""touch_grid_test"", ""verified_boot""]","[""edl_requires_signed_programmer"", ""pre_install_required:needs_specific_android_fw""]","[""lineageos"", ""seed"", ""play"", ""ift""]",desconocido,,,Xiaomi
ursa,,xiaomi,Mi 8 Explorer Edition,Qualcomm SDM845 Snapdragon 845,qualcomm,sdm845,[],3000,6.21,1080x2248,21,,1,avb,recovery,fastboot_xiaomi,EDL 900E / 9008 (Sahara + Firehose XML),1,"[""a_only"", ""adb"", ""battery_calibration"", ""battery_health_read"", ""display_pwm_test"", ""dynamic_partitions"", ""edl"", ""evidence_capture"", ""fastboot"", ""fastbootd"", ""frp_owner_assisted"", ""network_reset"", ""official_rom_flash"", ""ota"", ""recovery"", ""sim_reset"", ""storage_health_read"", ""thermal_read"", ""touch_grid_test"", ""verified_boot""]","[""edl_requires_signed_programmer"", ""pre_install_required:needs_specific_android_fw""]","[""lineageos"", ""seed"", ""play"", ""ift""]",desconocido,,,Xiaomi
vayu,,xiaomi,POCO X3 Pro,Qualcomm SM8150-AC Snapdragon 860,qualcomm,sm8150,"[""M2102J20SG"", ""M2102J20SI""]",5160,6.67,2400x1080,21,,1,avb,recovery,fastboot_xiaomi,EDL 900E / 9008 (Sahara + Firehose XML),1,"[""a_only"", ""adb"", ""battery_calibration"", ""battery_health_read"", ""display_pwm_test"", ""dynamic_partitions"", ""edl"", ""evidence_capture"", ""fastboot"", ""fastbootd"", ""frp_owner_assisted"", ""network_reset"", ""official_rom_flash"", ""ota"", ""recovery"", ""sim_reset"", ""storage_health_read"", ""thermal_read"", ""touch_grid_test"", ""verified_boot""]","[""edl_requires_signed_programmer"", ""pre_install_required:needs_specific_android_fw""]","[""lineageos"", ""seed"", ""play"", ""ift""]",desconocido,,,Xiaomi
vela,,xiaomi,Mi CC9 Meitu Edition,Qualcomm SDM710 Snapdragon 710,qualcomm,sdm710,"[""M1904F3BT""]",4030,6.31,1080x2340,21,,1,avb,recovery,fastboot_xiaomi,EDL 900E / 9008 (Sahara + Firehose XML),1,"[""a_only"", ""adb"", ""battery_calibration"", ""battery_health_read"", ""display_pwm_test"", ""dynamic_partitions"", ""edl"", ""evidence_capture"", ""fastboot"", ""fastbootd"", ""frp_owner_assisted"", ""network_reset"", ""official_rom_flash"", ""ota"", ""recovery"", ""sim_reset"", ""storage_health_read"", ""thermal_read"", ""touch_grid_test"", ""verified_boot""]","[""edl_requires_signed_programmer"", ""pre_install_required:needs_specific_android_fw""]","[""lineageos"", ""seed"", ""play"", ""ift""]",desconocido,,,Xiaomi
venus,,xiaomi,Mi 11,Qualcomm SM8350 Snapdragon 888,qualcomm,sm8350,"[""M2011K2C"", ""M2011K2G""]",4600,6.81,1440x3200,22,1,1,avb,boot,fastboot_xiaomi_hyperos,EDL 900E / 9008 (Sahara + Firehose XML),1,"[""a_b_slots"", ""adb"", ""battery_calibration"", ""battery_health_read"", ""display_pwm_test"", ""dynamic_partitions"", ""edl"", ""evidence_capture"", ""fastboot"", ""fastbootd"", ""frp_owner_assisted"", ""network_reset"", ""official_rom_flash"", ""ota"", ""recovery"", ""sim_reset"", ""storage_health_read"", ""thermal_read"", ""touch_grid_test"", ""verified_boot""]","[""edl_requires_signed_programmer"", ""pre_install_required:needs_specific_android_fw"", ""recovery_flash_target_is:boot""]","[""lineageos"", ""seed"", ""play"", ""ift""]",desconocido,,,Xiaomi
vermeer,1,xiaomi,POCO F6 Pro,Qualcomm SM8550 Snapdragon 8 Gen2,qualcomm,sm8550,"[""23113RKC6G""]",5000,6.67,3200x1440,22,1,1,avb,recovery,fastboot_xiaomi,EDL 900E / 9008 (Sahara + Firehose XML),1,"[""a_b_slots"", ""adb"", ""battery_calibration"", ""battery_health_read"", ""display_pwm_test"", ""dynamic_partitions"", ""edl"", ""evidence_capture"", ""fastboot"", ""fastbootd"", ""frp_owner_assisted"", ""network_reset"", ""official_rom_flash"", ""ota"", ""recovery"", ""sim_reset"", ""storage_health_read"", ""thermal_read"", ""touch_grid_test"", ""verified_boot""]","[""edl_requires_signed_programmer"", ""pre_install_required:needs_specific_android_fw""]","[""lineageos"", ""seed"", ""ift""]",desconocido,,,Xiaomi
vermeer,2,xiaomi,Redmi K70,Qualcomm SM8550 Snapdragon 8 Gen2,qualcomm,sm8550,"[""23113RKC6C""]",5000,6.67,3200x1440,22,1,1,avb,recovery,fastboot_xiaomi,EDL 900E / 9008 (Sahara + Firehose XML),1,"[""a_b_slots"", ""adb"", ""battery_calibration"", ""battery_health_read"", ""display_pwm_test"", ""dynamic_partitions"", ""edl"", ""evidence_capture"", ""fastboot"", ""fastbootd"", ""frp_owner_assisted"", ""network_reset"", ""official_rom_flash"", ""ota"", ""recovery"", ""sim_reset"", ""storage_health_read"", ""thermal_read"", ""touch_grid_test"", ""verified_boot""]","[""edl_requires_signed_programmer"", ""pre_install_required:needs_specific_android_fw""]","[""lineageos"", ""seed"", ""play"", ""ift""]",desconocido,,,Xiaomi
violet,,xiaomi,Redmi Note 7 Pro,Qualcomm SM6150 Snapdragon 675,qualcomm,sm6150,"[""M1901F7S"", ""M1901F7BE""]",4000,6.3,2340x1080,22,,1,avb,recovery,fastboot_xiaomi,EDL 900E / 9008 (Sahara + Firehose XML),1,"[""a_only"", ""adb"", ""battery_calibration"", ""battery_health_read"", ""display_pwm_test"", ""dynamic_partitions"", ""edl"", ""evidence_capture"", ""fastboot"", ""fastbootd"", ""frp_owner_assisted"", ""network_reset"", ""official_rom_flash"", ""ota"", ""recovery"", ""sim_reset"", ""storage_health_read"", ""thermal_read"", ""touch_grid_test"", ""verified_boot""]","[""edl_requires_signed_programmer"", ""pre_install_required:needs_specific_android_fw""]","[""lineageos"", ""seed"", ""play"", ""ift""]",desconocido,,,Xiaomi
wayne,,xiaomi,Mi 6X,Qualcomm SDM660 Snapdragon 660,qualcomm,sdm660,[],3010,5.99,1080x2160,17,,1,avb,recovery,fastboot_xiaomi,EDL 900E / 9008 (Sahara + Firehose XML),1,"[""a_only"", ""adb"", ""battery_calibration"", ""battery_health_read"", ""display_pwm_test"", ""dynamic_partitions"", ""edl"", ""evidence_capture"", ""fastboot"", ""fastbootd"", ""frp_owner_assisted"", ""network_reset"", ""official_rom_flash"", ""ota"", ""recovery"", ""sim_reset"", ""storage_health_read"", ""thermal_read"", ""touch_grid_test"", ""verified_boot""]","[""edl_requires_signed_programmer""]","[""lineageos"", ""seed"", ""play"", ""ift""]",desconocido,,,Xiaomi
whyred,,xiaomi,Redmi Note 5 Pro,Qualcomm SDM636 Snapdragon 636,qualcomm,sdm660,[],4000,5.99,2160x1080,17,,1,avb,recovery,fastboot_xiaomi,EDL 900E / 9008 (Sahara + Firehose XML),1,"[""a_only"", ""adb"", ""battery_calibration"", ""battery_health_read"", ""display_pwm_test"", ""dynamic_partitions"", ""edl"", ""evidence_capture"", ""fastboot"", ""fastbootd"", ""frp_owner_assisted"", ""network_reset"", ""official_rom_flash"", ""ota"", ""recovery"", ""sim_reset"", ""storage_health_read"", ""thermal_read"", ""touch_grid_test"", ""verified_boot""]","[""edl_requires_signed_programmer""]","[""lineageos"", ""seed"", ""play"", ""ift""]",desconocido,,,Xiaomi
xmsirius,,xiaomi,Mi 8 SE,Qualcomm SDM710 Snapdragon 710,qualcomm,sdm710,"[""M1805E2A""]",3120,5.88,1080x2244,19,,1,avb,recovery,fastboot_xiaomi,EDL 900E / 9008 (Sahara + Firehose XML),1,"[""a_only"", ""adb"", ""battery_calibration"", ""battery_health_read"", ""display_pwm_test"", ""dynamic_partitions"", ""edl"", ""evidence_capture"", ""fastboot"", ""fastbootd"", ""frp_owner_assisted"", ""network_reset"", ""official_rom_flash"", ""ota"", ""recovery"", ""sim_reset"", ""storage_health_read"", ""thermal_read"", ""touch_grid_test"", ""verified_boot""]","[""edl_requires_signed_programmer"", ""pre_install_required:needs_specific_android_fw""]","[""lineageos"", ""seed"", ""ift""]",desconocido,,,Xiaomi
zeus,,xiaomi,12 Pro,Qualcomm SM8450 Snapdragon 8 Gen1,qualcomm,sm8450,"[""2201122C"", ""2201122G""]",4600,6.73,1440x3200,22,1,1,avb,recovery,fastboot_xiaomi,EDL 900E / 9008 (Sahara + Firehose XML),1,"[""a_b_slots"", ""adb"", ""battery_calibration"", ""battery_health_read"", ""display_pwm_test"", ""dynamic_partitions"", ""edl"", ""evidence_capture"", ""fastboot"", ""fastbootd"", ""frp_owner_assisted"", ""network_reset"", ""official_rom_flash"", ""ota"", ""recovery"", ""sim_reset"", ""storage_health_read"", ""thermal_read"", ""touch_grid_test"", ""verified_boot""]","[""edl_requires_signed_programmer"", ""pre_install_required:needs_specific_android_fw""]","[""lineageos"", ""seed"", ""play"", ""ift""]",desconocido,,,Xiaomi
zizhan,,xiaomi,MIX Fold 2,Qualcomm SM8550 Snapdragon 8 Gen 2,qualcomm,,"[""22061218C""]",4500,,,22,1,1,avb,recovery,fastboot_xiaomi,EDL 900E / 9008 (Sahara + Firehose XML),1,"[""a_b_slots"", ""adb"", ""battery_calibration"", ""battery_health_read"", ""display_pwm_test"", ""dynamic_partitions"", ""edl"", ""evidence_capture"", ""fastboot"", ""fastbootd"", ""frp_owner_assisted"", ""network_reset"", ""official_rom_flash"", ""ota"", ""recovery"", ""sim_reset"", ""storage_health_read"", ""thermal_read"", ""touch_grid_test"", ""verified_boot""]","[""edl_requires_signed_programmer"", ""pre_install_required:needs_specific_android_fw""]","[""lineageos"", ""seed"", ""play"", ""ift""]",desconocido,,,Xiaomi
Amber,,yandex,Phone,Qualcomm SDM630 Snapdragon 630,qualcomm,sdm660,[],3050,5.65,1080x2160,16,1,1,avb,boot,fastboot_nexus,EDL 900E / 9008 (Sahara + Firehose XML),1,"[""a_b_slots"", ""adb"", ""battery_calibration"", ""battery_health_read"", ""display_pwm_test"", ""dynamic_partitions"", ""edl"", ""evidence_capture"", ""fastboot"", ""fastbootd"", ""frp_owner_assisted"", ""network_reset"", ""official_rom_flash"", ""ota"", ""recovery"", ""sim_reset"", ""storage_health_read"", ""thermal_read"", ""touch_grid_test"", ""unlock_official"", ""verified_boot""]","[""edl_requires_signed_programmer"", ""recovery_flash_target_is:boot""]","[""lineageos"", ""seed"", ""play"", ""ift""]",desconocido,,,Yandex
jalebi,,yu,Yunique,Qualcomm MSM8916 Snapdragon 410,qualcomm,,[],2000,4.7,720x1280,,,,,recovery,fastboot_nexus,EDL 900E / 9008 (Sahara + Firehose XML),1,"[""a_only"", ""adb"", ""battery_calibration"", ""battery_health_read"", ""display_pwm_test"", ""edl"", ""evidence_capture"", ""fastboot"", ""frp_owner_assisted"", ""network_reset"", ""official_rom_flash"", ""ota"", ""recovery"", ""sim_reset"", ""storage_health_read"", ""thermal_read"", ""touch_grid_test"", ""unlock_official""]","[""edl_requires_signed_programmer""]","[""lineageos"", ""seed"", ""ift""]",desconocido,,,YU
lettuce,,yu,Yuphoria,Qualcomm MSM8916 Snapdragon 410,qualcomm,,[],2230,5,1280x720,,,,,recovery,fastboot_nexus,EDL 900E / 9008 (Sahara + Firehose XML),1,"[""a_only"", ""adb"", ""battery_calibration"", ""battery_health_read"", ""display_pwm_test"", ""edl"", ""evidence_capture"", ""fastboot"", ""frp_owner_assisted"", ""network_reset"", ""official_rom_flash"", ""ota"", ""recovery"", ""sim_reset"", ""storage_health_read"", ""thermal_read"", ""touch_grid_test"", ""unlock_official""]","[""edl_requires_signed_programmer""]","[""lineageos"", ""seed"", ""ift""]",desconocido,,,YU
tomato,1,yu,Yureka,Qualcomm MSM8939 Snapdragon 615,qualcomm,,"[""AO5510"", ""YU5510""]",2500,5.5,1280x720,,,,,recovery,fastboot_nexus,EDL 900E / 9008 (Sahara + Firehose XML),1,"[""a_only"", ""adb"", ""battery_calibration"", ""battery_health_read"", ""display_pwm_test"", ""edl"", ""evidence_capture"", ""fastboot"", ""frp_owner_assisted"", ""network_reset"", ""official_rom_flash"", ""ota"", ""recovery"", ""sim_reset"", ""storage_health_read"", ""thermal_read"", ""touch_grid_test"", ""unlock_official""]","[""edl_requires_signed_programmer""]","[""lineageos"", ""seed"", ""play"", ""ift""]",desconocido,,,YU
tomato,2,yu,Yureka Plus,Qualcomm MSM8939 Snapdragon 615,qualcomm,,"[""AO5510"", ""YU5510""]",2500,5.5,1920x1080,,,,,recovery,fastboot_nexus,EDL 900E / 9008 (Sahara + Firehose XML),1,"[""a_only"", ""adb"", ""battery_calibration"", ""battery_health_read"", ""display_pwm_test"", ""edl"", ""evidence_capture"", ""fastboot"", ""frp_owner_assisted"", ""network_reset"", ""official_rom_flash"", ""ota"", ""recovery"", ""sim_reset"", ""storage_health_read"", ""thermal_read"", ""touch_grid_test"", ""unlock_official""]","[""edl_requires_signed_programmer""]","[""lineageos"", ""seed"", ""ift""]",desconocido,,,YU
Q25,,zinwa,Q25 Pro,Mediatek Helio G99,mediatek,mt6789,[],3000,3.5,720x720,22,1,1,avb,vendor_boot,fastboot_nexus,BROM 0E8D:0000 / Preloader 0E8D:0001 (BROM + DA agent),1,"[""a_b_slots"", ""adb"", ""battery_calibration"", ""battery_health_read"", ""brom"", ""display_pwm_test"", ""dynamic_partitions"", ""evidence_capture"", ""fastboot"", ""fastbootd"", ""frp_owner_assisted"", ""network_reset"", ""official_rom_flash"", ""ota"", ""recovery"", ""sim_reset"", ""storage_health_read"", ""thermal_read"", ""touch_grid_test"", ""unlock_official"", ""verified_boot""]","[""brom_requires_da_agent"", ""recovery_flash_target_is:vendor_boot""]","[""lineageos"", ""seed"", ""play"", ""ift""]",desconocido,,,Zinwa
akershus,,zte,Axon 9 Pro,Qualcomm SDM845 Snapdragon 845,qualcomm,sdm845,"[""P845A01"", ""P845A02""]",4000,6.21,2248x1080,21,1,1,avb,boot,fastboot_zte,EDL 900E / 9008 (Sahara + Firehose XML),1,"[""a_b_slots"", ""adb"", ""battery_calibration"", ""battery_health_read"", ""display_pwm_test"", ""dynamic_partitions"", ""edl"", ""evidence_capture"", ""fastboot"", ""fastbootd"", ""frp_owner_assisted"", ""network_reset"", ""official_rom_flash"", ""ota"", ""recovery"", ""sim_reset"", ""storage_health_read"", ""thermal_read"", ""touch_grid_test"", ""verified_boot""]","[""edl_requires_signed_programmer"", ""recovery_flash_target_is:boot""]","[""lineageos"", ""seed"", ""ift""]",desconocido,,,ZTE
axon7,,zte,Axon 7,Qualcomm MSM8996 Snapdragon 820,qualcomm,msm8996,[],3250,5.5,2560x1440,,,,,recovery,fastboot_custom,EDL 900E / 9008 (Sahara + Firehose XML),1,"[""a_only"", ""adb"", ""battery_calibration"", ""battery_health_read"", ""display_pwm_test"", ""edl"", ""evidence_capture"", ""fastboot"", ""frp_owner_assisted"", ""network_reset"", ""official_rom_flash"", ""ota"", ""recovery"", ""sim_reset"", ""storage_health_read"", ""thermal_read"", ""touch_grid_test""]","[""edl_requires_signed_programmer""]","[""lineageos"", ""seed"", ""ift""]",desconocido,,,ZTE
jasmine,,zte,AT&T Trek 2 HD,Qualcomm MSM8952 Snapdragon 617,qualcomm,msm8952,[],4600,8,1280x800,,,,,recovery,edl_custom,EDL 900E / 9008 (Sahara + Firehose XML),1,"[""a_only"", ""adb"", ""battery_calibration"", ""battery_health_read"", ""display_pwm_test"", ""edl"", ""evidence_capture"", ""fastboot"", ""frp_owner_assisted"", ""network_reset"", ""official_rom_flash"", ""ota"", ""recovery"", ""sim_reset"", ""storage_health_read"", ""thermal_read"", ""touch_grid_test""]","[""edl_requires_signed_programmer""]","[""lineageos"", ""seed"", ""play"", ""ift""]",desconocido,,,ZTE
tulip,,zte,Axon 7 Mini,Qualcomm MSM8952 Snapdragon 617,qualcomm,msm8952,[],2705,5.2,1920x1080,,,,,recovery,edl_custom,EDL 900E / 9008 (Sahara + Firehose XML),1,"[""a_only"", ""adb"", ""battery_calibration"", ""battery_health_read"", ""display_pwm_test"", ""edl"", ""evidence_capture"", ""fastboot"", ""frp_owner_assisted"", ""network_reset"", ""official_rom_flash"", ""ota"", ""recovery"", ""sim_reset"", ""storage_health_read"", ""thermal_read"", ""touch_grid_test""]","[""edl_requires_signed_programmer""]","[""lineageos"", ""seed"", ""play"", ""ift""]",desconocido,,,ZTE
ham,,zuk,Z1,Qualcomm MSM8974AC Snapdragon 801,qualcomm,,[],4100,5.5,1920x1080,,,,,recovery,fastboot_nexus,EDL 900E / 9008 (Sahara + Firehose XML),1,"[""a_only"", ""adb"", ""battery_calibration"", ""battery_health_read"", ""display_pwm_test"", ""edl"", ""evidence_capture"", ""fastboot"", ""frp_owner_assisted"", ""network_reset"", ""official_rom_flash"", ""ota"", ""recovery"", ""sim_reset"", ""storage_health_read"", ""thermal_read"", ""touch_grid_test"", ""unlock_official""]","[""edl_requires_signed_programmer""]","[""lineageos"", ""seed"", ""ift""]",desconocido,,,ZUK
z2_plus,,zuk,Z2 Plus,Qualcomm MSM8996 Snapdragon 820,qualcomm,msm8996,[],3500,5,1920x1080,19,,1,avb,recovery,fastboot_nexus,EDL 900E / 9008 (Sahara + Firehose XML),1,"[""a_only"", ""adb"", ""battery_calibration"", ""battery_health_read"", ""display_pwm_test"", ""dynamic_partitions"", ""edl"", ""evidence_capture"", ""fastboot"", ""fastbootd"", ""frp_owner_assisted"", ""network_reset"", ""official_rom_flash"", ""ota"", ""recovery"", ""sim_reset"", ""storage_health_read"", ""thermal_read"", ""touch_grid_test"", ""unlock_official"", ""verified_boot""]","[""edl_requires_signed_programmer"", ""pre_install_required:needs_specific_android_fw""]","[""lineageos"", ""seed"", ""play"", ""ift""]",desconocido,,,ZUK
